-- MySQL dump 10.13  Distrib 5.7.17, for Linux (x86_64)
--
-- Host: localhost    Database: biblio_dev
-- ------------------------------------------------------
-- Server version	5.7.17

/*!40101 SET @OLD_CHARACTER_SET_CLIENT=@@CHARACTER_SET_CLIENT */;
/*!40101 SET @OLD_CHARACTER_SET_RESULTS=@@CHARACTER_SET_RESULTS */;
/*!40101 SET @OLD_COLLATION_CONNECTION=@@COLLATION_CONNECTION */;
/*!40101 SET NAMES utf8 */;
/*!40103 SET @OLD_TIME_ZONE=@@TIME_ZONE */;
/*!40103 SET TIME_ZONE='+00:00' */;
/*!40014 SET @OLD_UNIQUE_CHECKS=@@UNIQUE_CHECKS, UNIQUE_CHECKS=0 */;
/*!40014 SET @OLD_FOREIGN_KEY_CHECKS=@@FOREIGN_KEY_CHECKS, FOREIGN_KEY_CHECKS=0 */;
/*!40101 SET @OLD_SQL_MODE=@@SQL_MODE, SQL_MODE='NO_AUTO_VALUE_ON_ZERO' */;
/*!40111 SET @OLD_SQL_NOTES=@@SQL_NOTES, SQL_NOTES=0 */;

--
-- Table structure for table `authors`
--

DROP TABLE IF EXISTS `authors`;
/*!40101 SET @saved_cs_client     = @@character_set_client */;
/*!40101 SET character_set_client = utf8 */;
CREATE TABLE `authors` (
  `id` int(10) unsigned NOT NULL AUTO_INCREMENT,
  `name` varchar(191) COLLATE utf8mb4_unicode_ci NOT NULL,
  `bio` varchar(1000) COLLATE utf8mb4_unicode_ci NOT NULL,
  `image` varchar(191) COLLATE utf8mb4_unicode_ci DEFAULT NULL,
  `created_at` timestamp NULL DEFAULT NULL,
  `updated_at` timestamp NULL DEFAULT NULL,
  PRIMARY KEY (`id`)
) ENGINE=InnoDB AUTO_INCREMENT=51 DEFAULT CHARSET=utf8mb4 COLLATE=utf8mb4_unicode_ci;
/*!40101 SET character_set_client = @saved_cs_client */;

--
-- Dumping data for table `authors`
--

LOCK TABLES `authors` WRITE;
/*!40000 ALTER TABLE `authors` DISABLE KEYS */;
INSERT INTO `authors` VALUES (1,'deserunt','Et sit aut vel ullam eveniet repudiandae excepturi sapiente. Repellat exercitationem ut reiciendis iste a et. Ipsa autem repellendus temporibus voluptatem sit.','authors/3.jpg','2018-06-09 15:28:23','2018-06-09 15:28:23'),(2,'voluptas','Molestiae maxime labore quam eius fugiat. Quia in molestias temporibus nulla distinctio.','authors/10.jpg','2018-06-09 15:28:23','2018-06-09 15:28:23'),(3,'maxime','Eaque voluptas dolor enim rem culpa et asperiores. Nobis ut quae mollitia voluptatum id fugiat.','authors/4.jpg','2018-06-09 15:28:23','2018-06-09 15:28:23'),(4,'laboriosam','Officiis quaerat assumenda suscipit non aliquid neque. Aut facilis et quaerat dolorem et. Consequuntur illo labore quibusdam voluptas provident.','authors/9.jpg','2018-06-09 15:28:24','2018-06-09 15:28:24'),(5,'reprehenderit','Et aut nostrum id molestiae asperiores iusto iusto. Quis ducimus dolor corporis qui aliquam minus unde illum.','authors/10.jpg','2018-06-09 15:28:24','2018-06-09 15:28:24'),(6,'consequatur','Consequatur qui accusantium dolorem recusandae quos quia. Distinctio maiores cumque alias et dolorem. Totam id in consequatur quos eligendi.','authors/8.jpg','2018-06-09 15:28:24','2018-06-09 15:28:24'),(7,'saepe','Eos aut nobis et. Animi dolorem et et consequatur.','authors/4.jpg','2018-06-09 15:28:24','2018-06-09 15:28:24'),(8,'quia','Quis ut fuga non modi libero quisquam. Atque voluptates fugit non itaque eaque nemo ratione.','authors/6.jpg','2018-06-09 15:28:24','2018-06-09 15:28:24'),(9,'alias','Cumque explicabo aliquid nihil nisi quam sint. Consectetur dolorum neque omnis animi quod voluptas eum.','authors/7.jpg','2018-06-09 15:28:24','2018-06-09 15:28:24'),(10,'ipsa','Doloribus nisi aspernatur ipsam laborum dolor nobis. Dolorem similique non maiores minima.','authors/8.jpg','2018-06-09 15:28:24','2018-06-09 15:28:24'),(11,'ex','Rerum id sed sapiente ut quia. Ut qui harum maxime quam.','authors/3.jpg','2018-06-09 15:28:24','2018-06-09 15:28:24'),(12,'ut','Cumque numquam culpa voluptas. Repudiandae adipisci maiores voluptatem ut aspernatur qui. Eaque culpa sed inventore nostrum.','authors/9.jpg','2018-06-09 15:28:24','2018-06-09 15:28:24'),(13,'reprehenderit','Dolorum iure ut maxime fugiat praesentium vitae. Quia nesciunt ut enim animi est. Aliquid provident veniam sed et sint quod eius.','authors/7.jpg','2018-06-09 15:28:24','2018-06-09 15:28:24'),(14,'accusamus','Beatae natus ad magni a commodi eveniet. Harum dolorem sit amet velit asperiores nemo voluptatem. Fugiat minima eos voluptatem eos fugiat.','authors/2.jpg','2018-06-09 15:28:24','2018-06-09 15:28:24'),(15,'culpa','Ut exercitationem nam unde molestiae facilis sint illum. Delectus eius quibusdam sapiente eveniet doloremque est vero sit. Quis voluptatem sit quae reprehenderit ut quae et.','authors/1.jpg','2018-06-09 15:28:24','2018-06-09 15:28:24'),(16,'sapiente','Beatae nostrum quo qui. Aut iure alias pariatur sunt. Sint et fugiat sit quisquam sit.','authors/no_author_image.jpg','2018-06-09 15:28:24','2018-06-09 15:28:24'),(17,'ullam','Voluptates dignissimos deserunt molestias similique voluptatum dignissimos ea. Quam ad consequatur adipisci dolor voluptatem. Repudiandae voluptate possimus dolores modi.','authors/6.jpg','2018-06-09 15:28:24','2018-06-09 15:28:24'),(18,'nisi','Facilis saepe unde aut aut incidunt iure. At voluptas dolor debitis animi maxime temporibus.','authors/no_author_image.jpg','2018-06-09 15:28:24','2018-06-09 15:28:24'),(19,'ducimus','Distinctio neque quia neque asperiores occaecati consequatur accusantium omnis. Quibusdam nesciunt doloremque excepturi quo.','authors/11.jpg','2018-06-09 15:28:24','2018-06-09 15:28:24'),(20,'corrupti','Magnam eveniet veritatis sunt neque. In atque sunt porro beatae et modi iure. Quas perferendis voluptatem voluptas ipsa accusantium.','authors/12.jpg','2018-06-09 15:28:24','2018-06-09 15:28:24'),(21,'nisi','Vel numquam pariatur quidem porro occaecati autem et. Officia ipsam qui est fugiat exercitationem ut earum voluptatum. Quia et voluptatibus quae magnam nobis harum.','authors/10.jpg','2018-06-09 15:28:24','2018-06-09 15:28:24'),(22,'est','Rem necessitatibus qui officia quae quod accusamus. Ipsa ut sit id maiores facere.','authors/5.jpg','2018-06-09 15:28:24','2018-06-09 15:28:24'),(23,'error','Et non sunt excepturi architecto cum corporis unde. Ducimus impedit voluptates et qui aliquid esse et.','authors/11.jpg','2018-06-09 15:28:25','2018-06-09 15:28:25'),(24,'officiis','Assumenda et enim expedita cum sit libero optio. Unde molestiae odit assumenda voluptatibus eligendi.','authors/5.jpg','2018-06-09 15:28:25','2018-06-09 15:28:25'),(25,'quia','Iure ipsum voluptatem porro voluptas illum ipsam. Rerum dolores ut corrupti sed pariatur.','authors/7.jpg','2018-06-09 15:28:25','2018-06-09 15:28:25'),(26,'quo','Nulla pariatur laboriosam sed mollitia cum voluptate et soluta. Error fugiat harum eos labore impedit neque. Iste laborum perspiciatis repellat quae itaque quisquam quos.','authors/9.jpg','2018-06-09 15:28:25','2018-06-09 15:28:25'),(27,'quibusdam','Odit nostrum expedita tenetur aut. Placeat quis corporis rerum sint ipsum sint.','authors/4.jpg','2018-06-09 15:28:25','2018-06-09 15:28:25'),(28,'sequi','Ipsum atque quia expedita nemo voluptas. Ea odit voluptate nulla assumenda ut aut.','authors/9.jpg','2018-06-09 15:28:25','2018-06-09 15:28:25'),(29,'sit','Modi hic et accusantium deserunt totam. Sint amet eveniet suscipit molestias excepturi in possimus eaque.','authors/7.jpg','2018-06-09 15:28:25','2018-06-09 15:28:25'),(30,'et','Itaque possimus perferendis qui. Esse veniam recusandae facilis expedita inventore voluptas. Voluptatibus aliquid quidem harum fugit suscipit quas qui.','authors/10.jpg','2018-06-09 15:28:25','2018-06-09 15:28:25'),(31,'harum','Et quia non maxime laborum adipisci temporibus. Quaerat ut qui dolores reprehenderit necessitatibus qui doloribus. Nulla perferendis quia et eaque rerum in.','authors/10.jpg','2018-06-09 15:28:25','2018-06-09 15:28:25'),(32,'vel','Nemo commodi alias perferendis et sit aut laudantium. Dolores porro vitae labore dolor velit. Ad repudiandae qui repellendus hic quibusdam voluptatibus.','authors/5.jpg','2018-06-09 15:28:25','2018-06-09 15:28:25'),(33,'quo','Est quae occaecati doloremque sed ut est quo aut. Sit aut corporis excepturi modi. Voluptatem placeat rerum vel ut et.','authors/6.jpg','2018-06-09 15:28:25','2018-06-09 15:28:25'),(34,'neque','Labore veniam doloribus iusto quo. Temporibus laborum voluptatem doloribus quis id et ut. Natus cupiditate vel reiciendis nam.','authors/6.jpg','2018-06-09 15:28:25','2018-06-09 15:28:25'),(35,'iusto','Qui et omnis saepe sit vitae quasi. Culpa magnam non at inventore rerum id possimus. Est inventore rem officiis facere quia.','authors/10.jpg','2018-06-09 15:28:25','2018-06-09 15:28:25'),(36,'eum','Sint iste architecto voluptas quam voluptate voluptas. Laborum voluptatem voluptatem quos voluptas dolores. Possimus ut consequuntur vel odit tempore amet ab.','authors/10.jpg','2018-06-09 15:28:25','2018-06-09 15:28:25'),(37,'aut','Ipsam deleniti pariatur eos aut et aut. Error et eos quisquam. Distinctio id nostrum et eveniet.','authors/7.jpg','2018-06-09 15:28:25','2018-06-09 15:28:25'),(38,'sunt','Aut repellendus perspiciatis neque id atque. Inventore beatae ea expedita dolorem itaque odit. Ipsum occaecati corporis earum.','authors/12.jpg','2018-06-09 15:28:25','2018-06-09 15:28:25'),(39,'vitae','Aspernatur quidem hic molestiae voluptatem et. Non maiores occaecati beatae ea soluta. Consequatur rerum maiores quae.','authors/11.jpg','2018-06-09 15:28:25','2018-06-09 15:28:25'),(40,'iste','Quaerat ullam expedita quibusdam ducimus rerum. Exercitationem doloremque aspernatur quis quibusdam necessitatibus rerum omnis.','authors/3.jpg','2018-06-09 15:28:25','2018-06-09 15:28:25'),(41,'sequi','Quia quas natus ipsam id commodi consequatur dolorem. Enim autem quia magni et.','authors/2.jpg','2018-06-09 15:28:25','2018-06-09 15:28:25'),(42,'error','Labore praesentium quas nihil voluptatem. Praesentium culpa assumenda consequatur iure.','authors/1.jpg','2018-06-09 15:28:25','2018-06-09 15:28:25'),(43,'non','Quis in totam enim qui. Id consequatur quis debitis non.','authors/5.jpg','2018-06-09 15:28:25','2018-06-09 15:28:25'),(44,'qui','Enim natus et nesciunt voluptatibus. Suscipit perferendis adipisci voluptas animi natus modi ipsa. Nesciunt repudiandae doloribus atque.','authors/5.jpg','2018-06-09 15:28:26','2018-06-09 15:28:26'),(45,'sint','Sit voluptas labore eligendi iure enim eius. Possimus ipsa eum incidunt.','authors/7.jpg','2018-06-09 15:28:26','2018-06-09 15:28:26'),(46,'deserunt','Molestiae debitis et tempora quibusdam est cumque. Ut eos dignissimos fugiat dolor alias enim.','authors/no_author_image.jpg','2018-06-09 15:28:26','2018-06-09 15:28:26'),(47,'perferendis','Quasi quam deserunt exercitationem quod. Error quibusdam quam sunt totam unde minima sit.','authors/10.jpg','2018-06-09 15:28:26','2018-06-09 15:28:26'),(48,'est','Ea ullam rerum aliquam inventore et reiciendis. Ad adipisci est asperiores eum beatae nisi est. Earum nobis quod rem voluptate hic earum et.','authors/7.jpg','2018-06-09 15:28:26','2018-06-09 15:28:26'),(49,'praesentium','Voluptas velit suscipit repellat expedita. Magnam ea ratione aut.','authors/2.jpg','2018-06-09 15:28:26','2018-06-09 15:28:26'),(50,'alias','Fuga odit sit mollitia voluptatem similique. Rerum delectus eos minima atque explicabo et et.','authors/4.jpg','2018-06-09 15:28:26','2018-06-09 15:28:26');
/*!40000 ALTER TABLE `authors` ENABLE KEYS */;
UNLOCK TABLES;

--
-- Table structure for table `book_category`
--

DROP TABLE IF EXISTS `book_category`;
/*!40101 SET @saved_cs_client     = @@character_set_client */;
/*!40101 SET character_set_client = utf8 */;
CREATE TABLE `book_category` (
  `book_id` int(10) unsigned NOT NULL,
  `category_id` int(10) unsigned NOT NULL,
  KEY `book_category_book_id_foreign` (`book_id`),
  KEY `book_category_category_id_foreign` (`category_id`),
  CONSTRAINT `book_category_book_id_foreign` FOREIGN KEY (`book_id`) REFERENCES `books` (`id`),
  CONSTRAINT `book_category_category_id_foreign` FOREIGN KEY (`category_id`) REFERENCES `categories` (`id`)
) ENGINE=InnoDB DEFAULT CHARSET=utf8mb4 COLLATE=utf8mb4_unicode_ci;
/*!40101 SET character_set_client = @saved_cs_client */;

--
-- Dumping data for table `book_category`
--

LOCK TABLES `book_category` WRITE;
/*!40000 ALTER TABLE `book_category` DISABLE KEYS */;
INSERT INTO `book_category` VALUES (1,6),(2,4),(3,8),(3,10),(4,3),(4,6),(4,12),(5,7),(6,1),(6,3),(6,7),(7,10),(8,2),(8,3),(8,12),(9,10),(10,2),(10,6),(10,11),(11,3),(11,5),(12,9),(13,9),(14,10),(15,2),(16,1),(17,5),(18,12),(19,8),(20,10),(21,1),(21,3),(21,9),(22,3),(22,4),(22,8),(23,3),(23,5),(24,2),(25,4),(26,10),(27,7),(27,8),(28,7),(29,3),(29,8),(30,2),(30,3),(30,10),(31,8),(31,9),(32,8),(33,5),(33,7),(34,4),(34,11),(35,5),(35,6),(35,8),(36,5),(36,7),(37,5),(37,7),(38,10),(38,12),(39,3),(39,11),(40,7),(40,11),(41,8),(41,11),(42,3),(42,5),(42,12),(43,4),(43,6),(43,12),(44,3),(44,4),(44,12),(45,3),(46,4),(47,2),(47,3),(47,11),(48,6),(49,6),(49,10),(50,5),(50,7),(50,9),(51,4),(51,8),(51,9),(52,4),(52,8),(53,7),(53,10),(54,7),(54,9),(54,10),(55,4),(56,1),(57,1),(58,2),(59,4),(60,5),(60,9),(61,1),(61,7),(61,11),(62,5),(62,10),(63,2),(64,2),(64,5),(65,2),(65,7),(65,8),(66,4),(66,5),(67,12),(68,10),(69,8),(69,12),(70,2),(70,4),(70,10),(71,4),(71,9),(72,5),(73,2),(73,8),(73,10),(74,7),(74,9),(74,10),(75,1),(75,3),(75,8),(76,9),(77,2),(77,3),(78,11),(79,2),(79,5),(79,6),(80,3),(80,8),(80,11),(81,5),(81,12),(82,5),(82,11),(83,9),(84,7),(85,1),(85,8),(85,12),(86,10),(86,11),(86,12),(87,4),(87,7),(87,12),(88,1),(89,6),(89,7),(90,11),(91,2),(92,1),(92,4),(92,5),(93,2),(93,8),(94,1),(94,7),(94,9),(95,1),(96,3),(96,6),(97,7),(97,12),(98,2),(98,7),(99,2),(99,4),(99,6),(100,11),(101,4),(101,10),(102,3),(102,4),(103,2),(103,5),(103,11),(104,7),(104,8),(105,6),(106,3),(106,4),(106,8),(107,8),(108,10),(108,11),(109,4),(109,5),(109,11),(110,4),(110,5),(111,8),(111,12),(112,1),(113,7),(113,11),(114,3),(114,8),(114,11),(115,8),(115,9),(116,5),(116,10),(116,11),(117,2),(117,5),(118,1),(118,3),(118,7),(119,7),(120,2),(120,8),(121,7),(121,9),(122,9),(122,12),(123,3),(123,9),(124,5),(124,8),(124,10),(125,3),(126,1),(126,7),(127,5),(128,8),(128,12),(129,3),(129,4),(129,7),(130,2),(131,2),(131,7),(132,3),(133,4),(133,12),(134,9),(135,3),(135,10),(136,12),(137,6),(138,6),(138,10),(139,1),(139,2),(139,11),(140,8),(140,12),(141,7),(142,6),(142,7),(142,11),(143,5),(144,10),(145,3),(145,4),(145,8),(146,4),(146,7),(147,2),(147,3),(147,6),(148,7),(148,9),(148,10),(149,7),(150,6),(151,1),(151,5),(151,7),(152,1),(152,6),(152,10),(153,9),(154,5),(154,8),(155,1),(155,6),(155,12),(156,1),(156,4),(156,10),(157,1),(157,7),(157,11),(158,3),(158,6),(159,7),(159,9),(159,10),(160,1),(160,6),(161,2),(161,3),(161,7),(162,2),(162,9),(163,9),(163,11),(163,12),(164,1),(165,5),(165,7),(166,4),(167,11),(168,2),(168,4),(168,9),(169,4),(169,10),(170,11),(171,3),(171,10),(171,11),(172,12),(173,4),(174,7),(174,11),(175,1),(175,6),(176,1),(177,7),(177,10),(178,6),(179,7),(180,5),(181,4),(181,10),(181,12),(182,7),(182,8),(182,9),(183,1),(183,8),(183,10),(184,4),(184,6),(184,12),(185,7),(185,9),(186,4),(186,7),(186,8),(187,8),(188,2),(188,4),(189,8),(190,9),(190,10),(191,1),(192,3),(193,12),(194,1),(194,3),(194,8),(195,5),(195,7),(195,12),(196,7),(197,6),(198,4),(199,2),(200,1),(200,3),(200,10),(201,2),(201,3),(201,9),(202,3),(202,11),(203,9),(204,4),(205,11),(206,9),(206,11),(206,12),(207,5),(207,10),(207,12),(208,9),(209,7),(210,8),(211,3),(211,4),(211,9),(212,9),(212,11),(213,11),(214,3),(214,7),(214,10),(215,5),(215,11),(216,3),(216,9),(217,2),(217,6),(217,11),(218,1),(218,9),(219,10),(220,3),(220,5),(220,9),(221,7),(221,12),(222,9),(223,8),(224,2),(224,3),(224,7),(225,7),(226,4),(227,9),(227,10),(227,11),(228,1),(228,4),(228,7),(229,2),(229,4),(229,6),(230,2),(230,7),(230,10),(231,8),(232,2),(232,6),(232,10),(233,3),(233,8),(234,5),(234,7),(234,10),(235,5),(235,9),(235,12),(236,1),(236,3),(236,10),(237,12),(238,2),(239,3),(240,4),(240,7),(240,8),(241,6),(241,12),(242,5),(242,6),(242,12),(243,1),(243,11),(244,8),(245,11),(246,3),(246,7),(246,9),(247,4),(247,5),(247,8),(248,2),(248,8),(248,10),(249,2),(249,12),(250,5),(250,10),(250,11),(251,7),(251,8),(252,2),(252,4),(253,5),(254,7),(254,11),(255,1),(255,8),(255,9),(256,9),(257,2),(257,9),(258,6),(258,10),(258,12),(259,6),(260,2),(260,6),(261,2),(261,3),(262,9),(262,10),(263,4),(263,5),(263,9),(264,2),(264,7),(264,10),(265,11),(266,4),(267,5),(267,6),(267,9),(268,5),(269,7),(270,6),(271,3),(271,4),(271,10),(272,5),(272,8),(273,2),(273,7),(274,2),(274,4),(274,9),(275,4),(276,5),(276,6),(277,7),(277,10),(278,1),(278,5),(278,11),(279,2),(279,5),(279,8),(280,2),(280,11),(281,6),(281,9),(282,6),(283,1),(283,6),(283,10),(284,7),(285,3),(286,11),(287,8),(288,5),(288,9),(288,10),(289,1),(289,8),(290,1),(290,7),(290,12),(291,1),(291,5),(291,11),(292,1),(292,8),(292,12),(293,3),(293,10),(293,12),(294,2),(295,11),(296,3),(296,5),(297,1),(297,4),(297,12),(298,7),(299,5),(299,10),(300,9),(301,5),(301,11),(302,7),(302,12),(303,6),(303,11),(304,12),(305,3),(305,9),(306,3),(307,7),(308,2),(308,10),(308,12),(309,6),(309,11),(310,3),(310,5),(310,11),(311,2),(311,4),(312,3),(313,6),(313,8),(313,11),(314,1),(314,3),(314,11),(315,6),(316,4),(316,6),(316,8),(317,11),(317,12),(318,2),(319,9),(320,1),(320,5),(320,11),(321,7),(321,10),(322,3),(322,11),(322,12),(323,3),(323,5),(324,9),(325,2),(325,5),(326,3),(326,5),(326,10),(327,6),(327,9),(327,12),(328,1),(328,2),(328,12),(329,3),(330,4),(330,6),(330,9),(331,11),(332,12),(333,8),(333,11),(334,2),(334,7),(334,12),(335,5),(335,8),(336,3),(337,1),(337,7),(338,2),(338,8),(339,4),(339,8),(340,1),(340,5),(340,7),(341,1),(341,7),(341,8),(342,9),(343,1),(343,6),(344,4),(344,9),(345,6),(346,4),(346,9),(346,11),(347,2),(347,8),(348,6),(348,7),(349,4),(349,5),(349,8),(350,6),(350,12),(351,8),(351,10),(352,3),(353,1),(353,2),(353,3),(354,1),(354,2),(354,11),(355,4),(355,8),(356,2),(356,3),(356,9),(357,1),(357,4),(357,7),(358,4),(358,11),(359,1),(359,6),(359,12),(360,1),(360,8),(360,10),(361,2),(362,8),(363,12),(364,10),(365,5),(365,7),(365,8),(366,9),(367,2),(367,12),(368,1),(368,4),(368,7),(369,12),(370,11),(371,9),(371,12),(372,3),(372,8),(372,12),(373,2),(373,10),(374,2),(374,3),(374,10),(375,1),(375,10),(375,12),(376,1),(376,12),(377,2),(378,1),(378,10),(378,11),(379,1),(379,5),(380,7),(380,8),(381,4),(382,4),(382,7),(382,8),(383,3),(383,4),(384,4),(384,5),(384,12),(385,2),(385,11),(386,1),(386,8),(387,3),(387,9),(387,10),(388,2),(389,4),(389,5),(390,4),(390,5),(390,8),(391,10),(391,12),(392,8),(392,10),(392,11),(393,2),(393,6),(393,10),(394,4),(395,6),(396,4),(397,10),(398,5),(398,6),(398,12),(399,3),(399,12),(400,9),(401,8),(401,9),(402,5),(402,11),(403,6),(403,10),(404,5),(404,6),(404,9),(405,3),(405,4),(405,8),(406,6),(406,10),(407,3),(407,4),(407,8),(408,1),(409,1),(410,1),(410,10),(411,3),(411,4),(411,6),(412,3),(412,4),(412,7),(413,9),(414,2),(414,4),(414,6),(415,10),(416,11),(417,4),(417,6),(417,7),(418,6),(418,10),(419,3),(419,8),(420,1),(420,2),(421,1),(422,3),(422,4),(423,4),(424,6),(424,12),(425,7),(425,10),(426,2),(426,7),(426,12),(427,8),(428,2),(429,6),(429,10),(429,11),(430,1),(430,4),(430,7),(431,3),(431,8),(431,9),(432,6),(433,3),(433,4),(434,12),(435,8),(435,9),(435,11),(436,4),(436,6),(437,4),(438,2),(438,3),(438,12),(439,9),(439,12),(440,4),(440,6),(440,10),(441,3),(441,4),(442,1),(442,8),(442,10),(443,4),(443,7),(443,12),(444,2),(444,3),(444,8),(445,4),(445,5),(446,8),(447,7),(447,11),(447,12),(448,11),(449,11),(450,3),(450,7),(450,11),(451,8),(451,11),(452,5),(452,11),(453,2),(453,5),(453,8),(454,8),(455,1),(455,5),(455,11),(456,3),(456,10),(456,12),(457,7),(458,5),(458,9),(458,12),(459,3),(459,12),(460,8),(460,12),(461,7),(461,9),(461,12),(462,4),(463,7),(463,12),(464,10),(465,3),(465,7),(466,2),(467,6),(467,9),(468,1),(468,11),(469,5),(469,8),(470,7),(470,10),(470,11),(471,5),(471,6),(471,10),(472,6),(473,4),(473,12),(474,5),(474,7),(474,10),(475,8),(476,4),(476,5),(476,6),(477,7),(478,3),(479,2),(479,3),(479,12),(480,1),(480,8),(480,11),(481,6),(482,4),(483,11),(483,12),(484,4),(484,7),(484,10),(485,2),(485,3),(486,1),(486,4),(486,9),(487,5),(487,8),(488,12),(489,3),(490,11),(491,2),(491,3),(491,12),(492,3),(492,10),(492,11),(493,7),(493,10),(493,11),(494,3),(494,6),(495,10),(495,12),(496,4),(496,6),(496,9),(497,3),(497,9),(498,1),(498,4),(499,1),(499,2),(499,6),(500,1),(500,3),(500,11),(501,1),(501,7),(501,9),(502,9),(503,4),(504,5),(504,6),(505,1),(505,4),(505,11),(506,5),(506,8),(507,7),(507,12),(508,4),(508,7),(509,6),(510,12),(511,3),(511,6),(511,8),(512,2),(512,10),(513,4),(513,9),(514,11),(515,6),(515,8),(515,11),(516,3),(517,5),(518,6),(518,7),(518,10),(519,6),(519,8),(520,1),(520,5),(520,6),(521,5),(521,7),(521,11),(522,1),(523,7),(523,8),(523,9),(524,2),(524,12),(525,2),(526,1),(526,9),(527,7),(527,10),(528,2),(528,8),(528,11),(529,3),(529,4),(529,10),(530,1),(530,6),(530,7),(531,7),(532,2),(533,1),(533,3),(533,12),(534,1),(534,10),(535,2),(535,7),(535,12),(536,2),(536,8),(536,11),(537,1),(537,10),(538,6),(539,9),(539,10),(540,7),(541,5),(542,1),(543,4),(543,7),(543,11),(544,4),(544,9),(544,10),(545,2),(545,3),(545,7),(546,2),(546,10),(547,1),(548,2),(548,3),(548,8),(549,5),(549,6),(549,7),(550,6),(551,1),(551,2),(552,1),(552,2),(552,6),(553,5),(553,8),(554,8),(555,4),(555,11),(555,12),(556,8),(556,12),(557,4),(558,2),(558,7),(558,9),(559,2),(560,1),(560,6),(560,9),(561,10),(562,6),(563,4),(564,4),(565,8),(566,1),(566,7),(566,12),(567,4),(567,9),(567,12),(568,2),(568,5),(569,1),(569,10),(570,1),(570,3),(570,5),(571,11),(571,12),(572,8),(572,11),(573,6),(573,8),(573,9),(574,1),(574,3),(574,10),(575,8),(576,5),(577,2),(577,8),(577,12),(578,4),(578,5),(579,8),(580,4),(580,8),(581,9),(581,10),(581,12),(582,6),(582,8),(582,12),(583,6),(583,11),(583,12),(584,1),(584,7),(584,12),(585,9),(585,10),(586,5),(587,6),(587,7),(588,8),(588,12),(589,1),(589,3),(589,12),(590,5),(590,7),(590,8),(591,4),(591,5),(591,9),(592,1),(592,11),(592,12),(593,4),(593,10),(594,3),(594,6),(594,11),(595,3),(596,8),(597,9),(598,6),(599,1),(599,5),(599,6),(600,4),(600,5),(600,12),(601,11),(602,11),(602,12),(603,2),(603,8),(603,10),(604,7),(605,4),(605,5),(605,6),(606,3),(607,6),(608,7),(609,7),(609,12),(610,1),(610,4),(611,2),(612,2),(612,8),(612,9),(613,3),(613,11),(614,2),(614,8),(615,9),(615,12),(616,7),(616,9),(616,11),(617,5),(617,7),(618,6),(619,9),(619,12),(620,1),(620,7),(621,2),(621,6),(621,9),(622,5),(622,8),(623,2),(623,4),(623,12),(624,1),(625,7),(625,11),(625,12),(626,10),(627,9),(627,12),(628,2),(629,3),(630,4),(630,6),(631,8),(631,10),(631,11),(632,3),(633,9),(634,1),(634,3),(634,12),(635,4),(635,8),(636,1),(636,5),(636,10),(637,4),(638,2),(638,3),(638,4),(639,4),(639,10),(640,1),(640,3),(640,4),(641,2),(641,5),(641,12),(642,3),(642,11),(643,3),(643,7),(643,12),(644,3),(645,4),(646,3),(647,1),(647,2),(647,9),(648,5),(648,12),(649,5),(649,6),(649,10),(650,6),(651,2),(651,7),(651,11),(652,4),(653,3),(653,5),(653,7),(654,8),(655,3),(656,8),(657,3),(657,7),(657,12),(658,3),(658,9),(658,10),(659,10),(660,2),(661,5),(661,6),(661,10),(662,9),(662,10),(663,1),(663,8),(663,9),(664,9),(664,10),(664,11),(665,2),(665,8),(665,12),(666,8),(667,9),(667,10),(667,11),(668,1),(668,9),(669,8),(669,9),(670,2),(670,12),(671,1),(672,9),(672,11),(673,7),(674,12),(675,1),(675,10),(676,9),(677,1),(677,9),(678,3),(678,10),(678,12),(679,11),(680,4),(680,5),(680,6),(681,2),(681,8),(682,3),(682,8),(682,10),(683,7),(683,8),(683,10),(684,1),(684,8),(685,1),(686,8),(687,1),(687,3),(687,11),(688,12),(689,9),(689,11),(690,4),(690,10),(690,11),(691,7),(692,1),(692,5),(692,12),(693,5),(694,10),(695,4),(695,8),(696,1),(696,4),(696,7),(697,8),(698,5),(698,8),(698,9),(699,4),(699,5),(699,12),(700,1),(700,9),(700,12),(701,1),(701,10),(702,11),(703,7),(704,5),(705,5),(705,7),(706,4),(706,5),(706,7),(707,8),(707,11),(708,1),(708,2),(709,9),(709,11),(710,4),(710,7),(710,11),(711,3),(711,7),(711,11),(712,3),(713,1),(713,9),(713,11),(714,3),(714,7),(714,10),(715,5),(715,9),(716,1),(716,2),(716,6),(717,2),(717,9),(718,5),(718,10),(719,1),(720,7),(720,11),(721,5),(721,10),(722,7),(723,12),(724,10),(725,3),(726,1),(726,3),(727,5),(727,11),(728,2),(728,12),(729,7),(730,4),(730,5),(730,10),(731,2),(731,10),(732,3),(732,8),(733,3),(733,4),(733,7),(734,3),(735,1),(735,4),(735,12),(736,1),(736,2),(736,8),(737,2),(737,6),(738,11),(739,7),(740,1),(741,4),(741,5),(742,1),(742,5),(743,11),(744,5),(745,3),(746,5),(747,7),(747,10),(748,3),(748,4),(748,9),(749,8),(750,8),(751,5),(751,7),(751,12),(752,1),(752,12),(753,3),(753,10),(754,4),(754,6),(755,2),(755,6),(755,9),(756,11),(757,1),(758,7),(759,9),(760,4),(760,5),(760,11),(761,1),(761,12),(762,4),(763,7),(763,9),(763,10),(764,5),(765,10),(766,6),(766,7),(766,9),(767,2),(768,7),(769,3),(769,4),(770,5),(770,6),(770,8),(771,5),(772,4),(772,9),(772,11),(773,1),(773,2),(773,10),(774,6),(775,1),(775,6),(775,11),(776,3),(776,12),(777,8),(777,9),(777,10),(778,4),(778,5),(778,8),(779,4),(779,12),(780,9),(780,10),(780,12),(781,2),(781,4),(782,6),(783,4),(783,9),(784,2),(784,6),(784,11),(785,3),(785,11),(786,5),(786,9),(787,4),(787,6),(787,7),(788,4),(788,7),(789,5),(789,10),(790,2),(790,9),(791,10),(792,3),(792,5),(793,10),(794,7),(795,1),(795,4),(795,9),(796,3),(796,6),(796,11),(797,1),(797,4),(797,10),(798,4),(798,9),(799,5),(799,7),(799,11),(800,2),(800,12),(801,6),(801,7),(801,10),(802,3),(802,8),(803,10),(804,3),(804,5),(804,7),(805,3),(805,7),(805,10),(806,2),(806,5),(806,11),(807,3),(808,1),(808,11),(809,2),(809,10),(809,11),(810,7),(810,8),(810,11),(811,1),(812,12),(813,7),(813,9),(814,8),(815,1),(815,5),(816,3),(816,6),(817,5),(817,12),(818,2),(818,4),(818,6),(819,4),(819,8),(820,12),(821,1),(821,5),(821,7),(822,3),(822,7),(822,9),(823,6),(823,12),(824,5),(824,6),(824,10),(825,6),(826,7),(827,3),(827,6),(827,10),(828,12),(829,3),(829,9),(830,1),(830,10),(831,1),(831,9),(831,10),(832,8),(833,2),(833,5),(833,12),(834,7),(835,3),(835,11),(836,6),(836,11),(837,4),(837,5),(837,9),(838,3),(839,7),(839,8),(839,9),(840,3),(840,8),(840,9),(841,2),(841,5),(841,11),(842,3),(842,8),(843,5),(844,10),(844,12),(845,3),(845,4),(845,5),(846,11),(847,6),(848,7),(849,3),(850,3),(850,4),(850,11),(851,2),(851,3),(851,6),(852,7),(852,8),(853,1),(853,12),(854,3),(854,5),(854,7),(855,6),(855,9),(855,10),(856,6),(856,8),(857,4),(857,8),(857,11),(858,1),(858,2),(858,9),(859,10),(860,1),(860,8),(860,11),(861,2),(861,3),(861,11),(862,2),(863,4),(863,6),(864,3),(864,4),(864,10),(865,5),(866,5),(867,6),(868,3),(869,2),(870,1),(871,5),(872,5),(873,7),(874,4),(874,5),(875,4),(876,1),(876,4),(876,7),(877,6),(878,3),(878,7),(878,8),(879,6),(880,2),(880,3),(880,8),(881,3),(881,12),(882,2),(882,3),(882,4),(883,1),(883,8),(883,11),(884,2),(884,9),(884,10),(885,6),(886,11),(887,11),(888,3),(888,7),(889,5),(890,2),(890,4),(890,7),(891,8),(891,10),(891,12),(892,1),(892,4),(892,12),(893,4),(894,4),(894,9),(895,11),(896,3),(896,5),(896,9),(897,3),(897,8),(898,10),(899,1),(899,7),(900,10),(901,4),(901,9),(901,11),(902,10),(903,7),(903,9),(903,11),(904,1),(904,2),(904,9),(905,12),(906,1),(906,3),(906,4),(907,6),(908,4),(908,11),(909,5),(909,8),(909,11),(910,4),(910,11),(911,4),(911,9),(912,2),(912,7),(913,2),(913,11),(914,9),(915,5),(916,2),(917,1),(917,9),(918,5),(919,2),(919,11),(920,4),(920,8),(920,10),(921,2),(921,6),(921,7),(922,4),(922,5),(923,1),(923,4),(924,1),(924,4),(925,5),(925,11),(926,7),(927,3),(927,11),(928,3),(928,4),(928,9),(929,3),(929,12),(930,7),(931,3),(931,8),(931,11),(932,12),(933,1),(933,6),(933,7),(934,4),(934,7),(934,11),(935,2),(936,9),(937,2),(937,4),(937,8),(938,3),(938,8),(938,10),(939,5),(939,9),(939,10),(940,7),(940,8),(940,10),(941,12),(942,3),(942,8),(943,5),(943,9),(944,11),(945,2),(946,3),(946,6),(946,9),(947,6),(947,11),(948,10),(949,1),(949,6),(949,9),(950,2),(950,11),(951,2),(951,11),(952,5),(952,6),(953,4),(954,10),(955,4),(956,4),(956,6),(956,12),(957,10),(958,4),(958,6),(958,7),(959,3),(959,5),(959,7),(960,5),(960,7),(960,8),(961,4),(962,4),(962,6),(962,12),(963,6),(963,9),(964,8),(964,11),(965,6),(965,12),(966,1),(966,9),(966,11),(967,11),(968,2),(968,6),(968,9),(969,8),(970,2),(970,8),(970,11),(971,7),(971,11),(972,2),(972,9),(973,2),(973,3),(973,10),(974,10),(975,5),(975,12),(976,1),(976,9),(977,5),(977,10),(977,12),(978,5),(979,3),(979,5),(979,6),(980,3),(980,7),(981,7),(982,3),(982,5),(982,8),(983,5),(983,11),(984,2),(984,5),(984,9),(985,1),(985,6),(985,12),(986,9),(986,12),(987,9),(988,3),(988,8),(989,1),(989,10),(990,5),(990,10),(991,2),(991,10),(991,11),(992,3),(992,10),(993,8),(994,1),(994,7),(995,8),(995,12),(996,5),(996,7),(997,6),(997,11),(997,12),(998,7),(999,7),(1000,11);
/*!40000 ALTER TABLE `book_category` ENABLE KEYS */;
UNLOCK TABLES;

--
-- Table structure for table `books`
--

DROP TABLE IF EXISTS `books`;
/*!40101 SET @saved_cs_client     = @@character_set_client */;
/*!40101 SET character_set_client = utf8 */;
CREATE TABLE `books` (
  `id` int(10) unsigned NOT NULL AUTO_INCREMENT,
  `name` varchar(191) COLLATE utf8mb4_unicode_ci NOT NULL,
  `description` varchar(1000) COLLATE utf8mb4_unicode_ci NOT NULL,
  `image` varchar(191) COLLATE utf8mb4_unicode_ci DEFAULT NULL,
  `author_id` int(10) unsigned NOT NULL,
  `inventory_id` int(10) unsigned NOT NULL,
  `created_at` timestamp NULL DEFAULT NULL,
  `updated_at` timestamp NULL DEFAULT NULL,
  PRIMARY KEY (`id`),
  KEY `books_author_id_foreign` (`author_id`),
  KEY `books_inventory_id_foreign` (`inventory_id`),
  CONSTRAINT `books_author_id_foreign` FOREIGN KEY (`author_id`) REFERENCES `authors` (`id`),
  CONSTRAINT `books_inventory_id_foreign` FOREIGN KEY (`inventory_id`) REFERENCES `inventories` (`id`)
) ENGINE=InnoDB AUTO_INCREMENT=1001 DEFAULT CHARSET=utf8mb4 COLLATE=utf8mb4_unicode_ci;
/*!40101 SET character_set_client = @saved_cs_client */;

--
-- Dumping data for table `books`
--

LOCK TABLES `books` WRITE;
/*!40000 ALTER TABLE `books` DISABLE KEYS */;
INSERT INTO `books` VALUES (1,'sed','Odit debitis eos in doloremque. Ullam eligendi earum eveniet distinctio provident atque.','books/4.jpg',34,138,'2018-06-09 15:30:12','2018-06-09 15:30:12'),(2,'ut','Veniam dolorum ipsa omnis. Harum velit nemo totam. Sapiente adipisci provident cupiditate ullam.','books/5.jpg',32,310,'2018-06-09 15:30:12','2018-06-09 15:30:12'),(3,'tenetur','Rem suscipit itaque et distinctio vel. Quam aut iure eius eum neque eius. Maxime libero cupiditate minus tempore laboriosam.','books/4.jpg',40,417,'2018-06-09 15:30:12','2018-06-09 15:30:12'),(4,'dolorem','Aliquam nisi id unde porro. Reprehenderit quo voluptatum pariatur laboriosam.','books/2.jpg',47,170,'2018-06-09 15:30:12','2018-06-09 15:30:12'),(5,'repellendus','Deleniti velit quod id dolor. Sed quia qui non odio aut. Sit praesentium cupiditate fugiat dolor provident architecto nulla.','books/no_book_image.jpg',27,565,'2018-06-09 15:30:12','2018-06-09 15:30:12'),(6,'vel','Molestias commodi quas repellendus quae magnam nisi consequatur. Qui aut perspiciatis quo placeat. Iure sed labore natus exercitationem.','books/5.jpg',5,200,'2018-06-09 15:30:12','2018-06-09 15:30:12'),(7,'voluptate','Rerum fugiat commodi aut quia ut magni. Illo saepe reprehenderit nemo et quasi omnis iste. Est saepe aperiam numquam et dolore harum.','books/2.jpg',29,677,'2018-06-09 15:30:12','2018-06-09 15:30:12'),(8,'veritatis','Dolorem aut saepe cupiditate vero hic velit optio expedita. Quia autem hic officia et ea totam commodi nobis. Corrupti enim veritatis iste vel veniam ipsa distinctio.','books/3.jpg',7,42,'2018-06-09 15:30:12','2018-06-09 15:30:12'),(9,'officiis','Quis eveniet pariatur impedit quia tempora. Quia eum voluptatem eius dolor est debitis.','books/7.jpg',32,407,'2018-06-09 15:30:12','2018-06-09 15:30:12'),(10,'illum','Nam ratione sit dolor. Quia perspiciatis qui commodi dolore id.','books/no_book_image.jpg',1,901,'2018-06-09 15:30:12','2018-06-09 15:30:12'),(11,'aut','Consequuntur nisi et et et. Rerum at cum molestias.','books/7.jpg',46,221,'2018-06-09 15:30:12','2018-06-09 15:30:12'),(12,'rem','Cumque iste sed nulla sit necessitatibus est consequatur. Est occaecati quam beatae culpa voluptates dicta et.','books/no_book_image.jpg',3,377,'2018-06-09 15:30:12','2018-06-09 15:30:12'),(13,'autem','Aut cum vitae autem molestias. Nisi est et omnis alias consequatur adipisci. Possimus et error beatae earum nesciunt doloribus tempore vitae.','books/5.jpg',4,843,'2018-06-09 15:30:12','2018-06-09 15:30:12'),(14,'blanditiis','Earum deserunt adipisci qui eaque quia est officiis alias. Omnis sit et corporis. Eligendi non eos corporis eaque sed qui.','books/8.jpg',12,859,'2018-06-09 15:30:12','2018-06-09 15:30:12'),(15,'labore','Omnis fuga ex eos iure est magnam. Ex neque facilis quod placeat fuga.','books/8.jpg',11,668,'2018-06-09 15:30:12','2018-06-09 15:30:12'),(16,'velit','Officia provident ut sunt dolore saepe alias molestiae. Ea at eaque molestias sit.','books/5.jpg',15,112,'2018-06-09 15:30:12','2018-06-09 15:30:12'),(17,'consequatur','Enim porro a hic est atque dolores labore ipsam. Aspernatur aut qui error non. Eos nemo molestias voluptas non id itaque molestiae dolore.','books/2.jpg',34,4,'2018-06-09 15:30:12','2018-06-09 15:30:12'),(18,'ratione','Aut atque unde eaque pariatur sit. Magnam eligendi aut consequatur tempore. Tempore error ex ipsam facilis sint ex.','books/5.jpg',6,7,'2018-06-09 15:30:12','2018-06-09 15:30:12'),(19,'ea','Pariatur voluptates dolores eum mollitia. Ut ad deleniti voluptates placeat consequatur. Est adipisci libero quibusdam hic.','books/3.jpg',47,1000,'2018-06-09 15:30:12','2018-06-09 15:30:12'),(20,'fugiat','Ipsum consequatur quis culpa ad sed est ut. Dicta laboriosam quia dolores eaque est in repellendus. Sequi qui id ut deleniti distinctio.','books/3.jpg',29,582,'2018-06-09 15:30:13','2018-06-09 15:30:13'),(21,'impedit','Qui temporibus et ea perspiciatis consectetur nulla iste. Laborum et ipsum distinctio dignissimos ut consequatur tempore.','books/no_book_image.jpg',38,403,'2018-06-09 15:30:13','2018-06-09 15:30:13'),(22,'hic','Quia harum porro sapiente atque maiores libero. Et deleniti consequatur repellat ad ea officia.','books/3.jpg',35,264,'2018-06-09 15:30:13','2018-06-09 15:30:13'),(23,'exercitationem','Aut impedit quo quos dolorem. Ab et aliquid sit labore sint adipisci error.','books/no_book_image.jpg',33,443,'2018-06-09 15:30:13','2018-06-09 15:30:13'),(24,'facere','Alias eos delectus dolorem aliquam perferendis asperiores animi. Ipsa quis autem animi earum corporis. Rerum fugiat placeat dolorem ratione sequi.','books/4.jpg',41,307,'2018-06-09 15:30:13','2018-06-09 15:30:13'),(25,'ut','Et qui eius eum culpa assumenda incidunt placeat quisquam. Id explicabo aut quidem itaque.','books/1.jpg',15,811,'2018-06-09 15:30:13','2018-06-09 15:30:13'),(26,'excepturi','Error commodi cum ratione commodi. Quisquam accusantium cumque aut mollitia repellat molestias illum voluptatem. Odit perferendis sint ut consequatur ratione voluptatem.','books/2.jpg',1,296,'2018-06-09 15:30:13','2018-06-09 15:30:13'),(27,'cupiditate','Facilis illo saepe magnam dolorem non sunt. Eos et modi nostrum est porro. Illum atque voluptas rerum esse.','books/5.jpg',18,713,'2018-06-09 15:30:13','2018-06-09 15:30:13'),(28,'commodi','Voluptas adipisci error dolores omnis temporibus molestias totam. Totam non aut dolor tempora consequatur in. Quo molestiae hic consectetur quia numquam cumque tempore deleniti.','books/6.jpg',21,225,'2018-06-09 15:30:13','2018-06-09 15:30:13'),(29,'dicta','Velit aut fugiat ipsum nisi in suscipit enim. Voluptatem vitae dolores aut fuga recusandae cum voluptatem.','books/7.jpg',48,629,'2018-06-09 15:30:13','2018-06-09 15:30:13'),(30,'quod','Est quia enim expedita iste. Qui numquam qui quo aut.','books/5.jpg',5,263,'2018-06-09 15:30:13','2018-06-09 15:30:13'),(31,'voluptatum','Consequatur ipsa saepe aut qui. Doloremque qui occaecati in assumenda. Odit et omnis vitae.','books/4.jpg',5,748,'2018-06-09 15:30:13','2018-06-09 15:30:13'),(32,'aperiam','Aut nesciunt est qui ullam velit provident. Labore omnis autem magnam consectetur. Veritatis doloremque debitis illum voluptatum dolorem maiores sunt.','books/4.jpg',18,750,'2018-06-09 15:30:13','2018-06-09 15:30:13'),(33,'harum','Reprehenderit odio architecto natus blanditiis molestias. Est sequi exercitationem voluptate aut ea omnis ea.','books/5.jpg',5,601,'2018-06-09 15:30:13','2018-06-09 15:30:13'),(34,'sint','Architecto veritatis adipisci tempore perspiciatis et. Repellendus modi harum ratione molestias quae. Ullam aspernatur aut et maiores quo sed reiciendis.','books/1.jpg',22,951,'2018-06-09 15:30:13','2018-06-09 15:30:13'),(35,'aperiam','Eos hic velit eum facilis laudantium ipsa. Molestiae consectetur voluptates fugiat sint sed sed est. Sunt perferendis consectetur harum quis.','books/no_book_image.jpg',19,550,'2018-06-09 15:30:13','2018-06-09 15:30:13'),(36,'sed','Iure labore aliquid ut ipsa. Ipsum possimus fugiat qui distinctio est ullam.','books/2.jpg',43,196,'2018-06-09 15:30:13','2018-06-09 15:30:13'),(37,'molestias','Non non a sunt. Architecto quasi quibusdam et accusantium quo id consequatur deserunt. Facere ullam ipsa quis.','books/8.jpg',30,263,'2018-06-09 15:30:13','2018-06-09 15:30:13'),(38,'aut','Doloremque nostrum animi occaecati aut illo. Animi qui similique dolore at possimus delectus nesciunt. Necessitatibus possimus in magni veniam.','books/no_book_image.jpg',41,285,'2018-06-09 15:30:13','2018-06-09 15:30:13'),(39,'harum','Sint laudantium fugit dignissimos possimus est praesentium. Cumque laboriosam autem sequi. Deserunt rem earum debitis consectetur eveniet corporis.','books/1.jpg',8,370,'2018-06-09 15:30:13','2018-06-09 15:30:13'),(40,'culpa','Aut dolorum ut optio excepturi non dignissimos. Magnam necessitatibus beatae sequi assumenda omnis voluptas. Excepturi sunt odit dolore et sunt fugiat quia.','books/3.jpg',33,110,'2018-06-09 15:30:13','2018-06-09 15:30:13'),(41,'sed','Voluptas eum placeat omnis illum. Eveniet architecto velit eum. Quisquam molestias et laborum.','books/3.jpg',4,533,'2018-06-09 15:30:14','2018-06-09 15:30:14'),(42,'illo','Atque aliquid laudantium voluptas dolor quis dolores non. Vel illo animi harum placeat quaerat.','books/4.jpg',25,93,'2018-06-09 15:30:14','2018-06-09 15:30:14'),(43,'ut','Ad nemo sed consectetur voluptates quos. Praesentium nemo repellat temporibus. Et culpa qui sed accusantium.','books/2.jpg',35,648,'2018-06-09 15:30:14','2018-06-09 15:30:14'),(44,'culpa','Animi magni atque distinctio autem tenetur nam voluptatem ad. Non maxime voluptatem rerum quia sunt unde dolorem ducimus. Laudantium odit repudiandae sequi voluptas nostrum tenetur.','books/5.jpg',34,537,'2018-06-09 15:30:14','2018-06-09 15:30:14'),(45,'exercitationem','Distinctio mollitia est impedit minima rerum. Commodi reiciendis quia labore aut quas ducimus odit.','books/1.jpg',43,249,'2018-06-09 15:30:14','2018-06-09 15:30:14'),(46,'delectus','Quia ullam molestias quia dolore. Quia et eaque consequatur adipisci. Aspernatur libero odio totam eveniet fugiat.','books/1.jpg',48,331,'2018-06-09 15:30:14','2018-06-09 15:30:14'),(47,'et','Itaque corporis quo suscipit ea. Veniam totam doloribus dolorem non sint animi iste consectetur.','books/1.jpg',32,981,'2018-06-09 15:30:14','2018-06-09 15:30:14'),(48,'pariatur','Perspiciatis consequatur fugit iure quos quisquam dolor. Sint ut est nostrum iste odio.','books/7.jpg',40,476,'2018-06-09 15:30:14','2018-06-09 15:30:14'),(49,'rerum','Sint rem autem voluptatem quam ad. Omnis sit ratione repellat ratione.','books/7.jpg',34,160,'2018-06-09 15:30:14','2018-06-09 15:30:14'),(50,'aut','Aut nihil quidem ut eum. Qui quia ut harum molestiae molestias dolorem.','books/no_book_image.jpg',34,267,'2018-06-09 15:30:14','2018-06-09 15:30:14'),(51,'tenetur','Consequuntur qui amet sit explicabo blanditiis molestias beatae laborum. Ipsa sunt porro laboriosam sint id ducimus nihil.','books/3.jpg',48,732,'2018-06-09 15:30:14','2018-06-09 15:30:14'),(52,'nemo','Enim et eos eos cumque quia quo repellat. Quibusdam error vero vero quia ab.','books/6.jpg',19,117,'2018-06-09 15:30:14','2018-06-09 15:30:14'),(53,'consequatur','Dolor quaerat sunt nostrum consequatur ipsum sed adipisci. Debitis esse fugit molestiae debitis est dolor. Reprehenderit dolores aut placeat rerum.','books/1.jpg',49,851,'2018-06-09 15:30:14','2018-06-09 15:30:14'),(54,'ut','Animi eaque officiis enim. Omnis alias rerum itaque in distinctio dicta. Est nihil consequatur quisquam numquam eligendi eius labore quos.','books/5.jpg',17,910,'2018-06-09 15:30:14','2018-06-09 15:30:14'),(55,'quia','Et dolore aut laborum illum veniam voluptas officiis rem. Debitis in voluptatem est natus unde explicabo sed. Vel magni qui quibusdam corporis.','books/3.jpg',26,514,'2018-06-09 15:30:14','2018-06-09 15:30:14'),(56,'blanditiis','Officiis et et illo ut maxime consequuntur. Enim quos nihil sit a aut non qui.','books/3.jpg',40,55,'2018-06-09 15:30:14','2018-06-09 15:30:14'),(57,'facere','Sit similique laborum laudantium et quasi. Reprehenderit facilis fugit sit rerum repellat. Tempore tempora qui necessitatibus nobis ratione neque voluptatem.','books/5.jpg',36,563,'2018-06-09 15:30:14','2018-06-09 15:30:14'),(58,'nulla','Vel impedit saepe error et reprehenderit non alias. Incidunt saepe officia voluptas deserunt optio.','books/8.jpg',50,471,'2018-06-09 15:30:14','2018-06-09 15:30:14'),(59,'aspernatur','Sint facilis qui beatae blanditiis ea ut. Exercitationem aut error nesciunt exercitationem. Voluptatem ut sequi non qui omnis nostrum soluta.','books/4.jpg',13,20,'2018-06-09 15:30:14','2018-06-09 15:30:14'),(60,'pariatur','Exercitationem inventore ut maxime rerum excepturi. Ipsa error necessitatibus qui reiciendis debitis et.','books/4.jpg',36,836,'2018-06-09 15:30:14','2018-06-09 15:30:14'),(61,'suscipit','Eaque et ullam necessitatibus dolor ratione dolorum. Suscipit distinctio aut eum ea et quaerat aliquam. Libero quasi mollitia molestiae aliquam magnam quia quae.','books/6.jpg',3,150,'2018-06-09 15:30:14','2018-06-09 15:30:14'),(62,'sunt','Labore omnis explicabo provident ut non quisquam a. Blanditiis nam occaecati enim illo sit eveniet. Molestias beatae id ex labore aut voluptas.','books/5.jpg',2,633,'2018-06-09 15:30:14','2018-06-09 15:30:14'),(63,'earum','Asperiores aut iusto eveniet fuga deserunt. Itaque assumenda provident sunt dolorum beatae et. Sunt rerum sint atque.','books/4.jpg',6,273,'2018-06-09 15:30:15','2018-06-09 15:30:15'),(64,'voluptatem','Ut architecto pariatur voluptatibus ipsum quidem. Nihil expedita consequatur nam alias.','books/no_book_image.jpg',47,26,'2018-06-09 15:30:15','2018-06-09 15:30:15'),(65,'aut','Vero consequatur provident dolores. Modi assumenda minima voluptates.','books/5.jpg',5,638,'2018-06-09 15:30:15','2018-06-09 15:30:15'),(66,'id','Aut enim occaecati non error excepturi inventore eveniet est. Commodi tempore provident autem harum maiores doloremque voluptatibus dolor. Possimus velit sunt nisi illo nemo neque in.','books/6.jpg',4,177,'2018-06-09 15:30:15','2018-06-09 15:30:15'),(67,'numquam','Dolores asperiores consequuntur non non aut omnis alias occaecati. In asperiores necessitatibus blanditiis quo provident.','books/1.jpg',11,454,'2018-06-09 15:30:15','2018-06-09 15:30:15'),(68,'laboriosam','Eveniet mollitia inventore ea expedita sed facere consectetur. Qui quis voluptas voluptatem harum. Fugit dicta rerum velit.','books/no_book_image.jpg',20,927,'2018-06-09 15:30:15','2018-06-09 15:30:15'),(69,'at','Vitae necessitatibus commodi vel. Atque aspernatur et excepturi numquam neque iusto tempore. Eos nihil sit asperiores nobis.','books/7.jpg',22,835,'2018-06-09 15:30:15','2018-06-09 15:30:15'),(70,'aut','Aliquid eius nisi itaque eos est mollitia dolor delectus. Quae laudantium atque qui officiis qui. Impedit eum ratione quaerat dignissimos itaque minus.','books/7.jpg',43,244,'2018-06-09 15:30:15','2018-06-09 15:30:15'),(71,'cumque','Et id placeat temporibus. Mollitia optio nihil omnis voluptates.','books/no_book_image.jpg',5,949,'2018-06-09 15:30:15','2018-06-09 15:30:15'),(72,'cumque','Tempore molestiae fugiat qui. Voluptas iure ut ea sed temporibus reiciendis. Ut voluptate consequatur soluta rerum.','books/4.jpg',4,43,'2018-06-09 15:30:15','2018-06-09 15:30:15'),(73,'et','Est ipsa nulla et voluptas dignissimos omnis. Molestiae nesciunt commodi reprehenderit et ducimus. Doloribus omnis et nemo ea adipisci reprehenderit architecto.','books/2.jpg',9,748,'2018-06-09 15:30:15','2018-06-09 15:30:15'),(74,'quis','Et ut architecto autem odio reiciendis quam. Officia sunt est itaque ducimus explicabo est sit. Eius nihil ipsa voluptas consequatur enim.','books/4.jpg',49,361,'2018-06-09 15:30:15','2018-06-09 15:30:15'),(75,'quasi','Harum debitis minus quam et veniam voluptatibus. Pariatur repellat neque quam. Magni illum porro provident sed tenetur aut.','books/4.jpg',29,396,'2018-06-09 15:30:15','2018-06-09 15:30:15'),(76,'voluptatum','Illum non in asperiores rerum et veniam. Iure temporibus est impedit id voluptatem eum.','books/6.jpg',34,242,'2018-06-09 15:30:15','2018-06-09 15:30:15'),(77,'in','Sit numquam sunt culpa iure officiis qui. Iste vero explicabo enim nihil sunt.','books/2.jpg',10,420,'2018-06-09 15:30:15','2018-06-09 15:30:15'),(78,'quisquam','Inventore repellat reprehenderit dolorem porro placeat. Maiores eligendi eligendi hic recusandae quod. Dolor numquam non nemo tempora.','books/2.jpg',7,420,'2018-06-09 15:30:15','2018-06-09 15:30:15'),(79,'repellendus','Numquam ea saepe voluptatem. Eum ut cupiditate quas provident aut excepturi pariatur. Sed aut sed eveniet molestiae debitis nulla eveniet.','books/no_book_image.jpg',2,707,'2018-06-09 15:30:15','2018-06-09 15:30:15'),(80,'nobis','Minima minima iusto eum molestiae sit nam qui. Libero sit voluptas perferendis eaque non autem. Quis id officia eum dicta.','books/8.jpg',10,703,'2018-06-09 15:30:16','2018-06-09 15:30:16'),(81,'aut','Occaecati et deserunt et ut. Expedita at distinctio ducimus aut.','books/2.jpg',42,512,'2018-06-09 15:30:16','2018-06-09 15:30:16'),(82,'quia','Labore totam voluptatem deserunt nemo. Voluptatem libero sed dolor adipisci accusamus.','books/1.jpg',20,870,'2018-06-09 15:30:16','2018-06-09 15:30:16'),(83,'quasi','Dolores consequatur doloremque voluptatem consequatur facilis quia laborum. Consequatur debitis aut est vel aut corporis quia.','books/1.jpg',26,247,'2018-06-09 15:30:16','2018-06-09 15:30:16'),(84,'et','Quia placeat fugiat asperiores perferendis commodi qui qui. Illo autem voluptatem placeat tempore esse itaque.','books/5.jpg',16,445,'2018-06-09 15:30:16','2018-06-09 15:30:16'),(85,'alias','Asperiores atque necessitatibus veniam commodi ipsam temporibus error. Sed voluptas alias dignissimos qui magnam quasi.','books/2.jpg',12,823,'2018-06-09 15:30:16','2018-06-09 15:30:16'),(86,'quo','Quibusdam et itaque dolorem voluptatem neque. Omnis velit aut consectetur cumque esse est dolorum.','books/3.jpg',20,605,'2018-06-09 15:30:16','2018-06-09 15:30:16'),(87,'voluptatem','Natus laborum atque facilis ut hic quia. Molestias animi optio nisi aut explicabo.','books/5.jpg',43,542,'2018-06-09 15:30:16','2018-06-09 15:30:16'),(88,'labore','Illo aut omnis cum vitae qui. Quam id laudantium et nihil repudiandae molestias.','books/3.jpg',6,994,'2018-06-09 15:30:16','2018-06-09 15:30:16'),(89,'odio','Provident qui sed occaecati animi et. Pariatur eum sit ducimus ullam.','books/5.jpg',38,632,'2018-06-09 15:30:16','2018-06-09 15:30:16'),(90,'ab','Rerum temporibus laborum magnam. Cum non doloremque corrupti neque voluptas. Culpa corrupti autem consequuntur itaque expedita laboriosam.','books/8.jpg',9,17,'2018-06-09 15:30:16','2018-06-09 15:30:16'),(91,'numquam','Quo quia quidem dolores voluptatem non. Dolorem cupiditate quis molestiae deleniti voluptate laudantium quas suscipit. Distinctio quisquam quod assumenda velit dolorem aut.','books/7.jpg',41,584,'2018-06-09 15:30:16','2018-06-09 15:30:16'),(92,'et','Error blanditiis harum cum laudantium quidem quisquam quia mollitia. Voluptatem maiores dolorem incidunt sit voluptates quo dolores assumenda.','books/4.jpg',20,175,'2018-06-09 15:30:16','2018-06-09 15:30:16'),(93,'molestias','Officia tempore quibusdam ut perferendis fugiat ut qui veniam. Ipsa qui aliquid iusto atque corporis ad eos. Sit delectus dicta veritatis et.','books/2.jpg',10,556,'2018-06-09 15:30:16','2018-06-09 15:30:16'),(94,'accusamus','Facilis veniam consequatur similique perferendis dignissimos fuga. Voluptas rerum facere sit et est.','books/3.jpg',45,704,'2018-06-09 15:30:16','2018-06-09 15:30:16'),(95,'voluptatibus','Saepe dolor qui ex officiis dolor molestiae dolorum. Voluptatem fugiat suscipit autem molestias. Sint nesciunt est illum cumque nobis excepturi.','books/1.jpg',16,74,'2018-06-09 15:30:16','2018-06-09 15:30:16'),(96,'aut','Non iusto adipisci voluptas non laudantium. Ducimus eligendi similique error pariatur consequatur unde dolore. Et nihil quae quia facere modi.','books/1.jpg',29,440,'2018-06-09 15:30:16','2018-06-09 15:30:16'),(97,'nulla','Dolor dolorem non reiciendis iste dolor animi libero. Dolorum nihil tempora porro debitis iusto iure magnam. Molestiae doloribus unde nostrum rerum rem voluptatibus.','books/8.jpg',39,131,'2018-06-09 15:30:16','2018-06-09 15:30:16'),(98,'officia','In repellendus consequatur est harum nisi at vitae tempore. Voluptatem dicta provident laudantium sunt. Fugiat totam consequatur ullam temporibus voluptas.','books/2.jpg',3,204,'2018-06-09 15:30:16','2018-06-09 15:30:16'),(99,'qui','Facilis eaque fugit quia nulla sint. Exercitationem qui qui est omnis quia.','books/2.jpg',14,45,'2018-06-09 15:30:17','2018-06-09 15:30:17'),(100,'quas','Officia voluptatibus harum dolorum a voluptatem voluptatibus rerum. Ullam libero voluptatem accusamus cupiditate.','books/7.jpg',2,732,'2018-06-09 15:30:17','2018-06-09 15:30:17'),(101,'nihil','Eos voluptatum error doloremque iste labore magni provident. Asperiores soluta porro vero.','books/4.jpg',48,831,'2018-06-09 15:30:17','2018-06-09 15:30:17'),(102,'repudiandae','Voluptas nisi non eligendi et. Dolorum in minima necessitatibus laborum voluptatem qui rerum. Laudantium quia ipsum et magni sed fuga laboriosam omnis.','books/7.jpg',50,804,'2018-06-09 15:30:17','2018-06-09 15:30:17'),(103,'qui','Et natus officia sed nisi. Quam illum excepturi eaque impedit magnam architecto corrupti et.','books/8.jpg',20,353,'2018-06-09 15:30:17','2018-06-09 15:30:17'),(104,'accusamus','Enim rerum ut ut earum. Maxime esse itaque cupiditate aliquid labore. Molestiae et accusamus sit voluptas aliquam dolorem.','books/2.jpg',16,751,'2018-06-09 15:30:17','2018-06-09 15:30:17'),(105,'modi','Qui asperiores cumque a suscipit. Est soluta quia aperiam porro dolor ea doloremque. Ducimus voluptatem ducimus laboriosam ipsam.','books/8.jpg',47,341,'2018-06-09 15:30:17','2018-06-09 15:30:17'),(106,'nisi','Occaecati eos similique deserunt vitae ut. Magnam quasi sint quo repudiandae reiciendis consectetur est.','books/no_book_image.jpg',26,614,'2018-06-09 15:30:17','2018-06-09 15:30:17'),(107,'animi','Voluptatum et sed est amet sunt. Magnam voluptas odit beatae explicabo aut. Qui labore enim eum voluptatem et.','books/2.jpg',50,972,'2018-06-09 15:30:17','2018-06-09 15:30:17'),(108,'a','Sequi quo ut sit sit ea ipsa. Velit voluptatem nihil consequatur ipsam.','books/2.jpg',45,623,'2018-06-09 15:30:17','2018-06-09 15:30:17'),(109,'corrupti','Sint quae beatae in ipsa architecto et rerum. Qui sit assumenda et laboriosam aliquid. Vel et sequi laudantium autem qui.','books/5.jpg',11,455,'2018-06-09 15:30:17','2018-06-09 15:30:17'),(110,'atque','Hic odit dicta totam eveniet consequuntur dolores. Possimus maiores autem et aut nihil. Repudiandae delectus odit delectus facilis aperiam consequatur.','books/1.jpg',50,824,'2018-06-09 15:30:17','2018-06-09 15:30:17'),(111,'vitae','Eaque provident dolore fuga nesciunt et et exercitationem. Eos ea sint odio rerum harum voluptatem.','books/5.jpg',13,892,'2018-06-09 15:30:17','2018-06-09 15:30:17'),(112,'velit','Deserunt similique et possimus commodi facere tempore. Officiis velit sed ex eum qui voluptatem voluptate.','books/1.jpg',44,683,'2018-06-09 15:30:17','2018-06-09 15:30:17'),(113,'voluptatem','In eos laboriosam sunt. Fugit iusto suscipit sit repellat iure. Ipsa a est quae maxime est laudantium perferendis.','books/5.jpg',19,881,'2018-06-09 15:30:17','2018-06-09 15:30:17'),(114,'consectetur','Illo est ducimus sint et ducimus quae facere expedita. Doloremque qui nesciunt recusandae atque aliquam. Quia veniam non illo facilis incidunt et ea.','books/6.jpg',17,677,'2018-06-09 15:30:17','2018-06-09 15:30:17'),(115,'expedita','Aliquam assumenda laborum cum eos. Nostrum sunt et amet officiis.','books/8.jpg',21,268,'2018-06-09 15:30:17','2018-06-09 15:30:17'),(116,'nostrum','Voluptatem reiciendis ut accusantium neque. Ut quo libero doloremque quam et.','books/6.jpg',13,22,'2018-06-09 15:30:17','2018-06-09 15:30:17'),(117,'beatae','Iusto odio quam facere eaque quo sed a. Rem quae repudiandae consequatur id culpa.','books/7.jpg',15,285,'2018-06-09 15:30:17','2018-06-09 15:30:17'),(118,'dicta','Est quod aut quam iste sit voluptatem. Enim exercitationem et voluptatem eos amet ut.','books/no_book_image.jpg',4,478,'2018-06-09 15:30:17','2018-06-09 15:30:17'),(119,'nobis','Aut et dolores non a. Reiciendis omnis sequi dolorum voluptate. Occaecati aperiam nobis aliquid iure.','books/3.jpg',16,332,'2018-06-09 15:30:17','2018-06-09 15:30:17'),(120,'rerum','Ut qui aut aspernatur molestias. Iste accusamus esse delectus velit veniam ea sequi ipsa. Mollitia reiciendis facere hic doloremque.','books/1.jpg',30,309,'2018-06-09 15:30:17','2018-06-09 15:30:17'),(121,'dolorum','Autem illum enim qui sed dolorum. Ullam vero magnam molestiae nulla ab perspiciatis natus cupiditate. Ut aliquid et qui iste quia.','books/1.jpg',28,69,'2018-06-09 15:30:17','2018-06-09 15:30:17'),(122,'in','Rerum itaque itaque iste voluptatem. Eos impedit rem excepturi tenetur. Error repellendus est nam nobis ipsum.','books/2.jpg',1,441,'2018-06-09 15:30:17','2018-06-09 15:30:17'),(123,'esse','Temporibus explicabo exercitationem enim odit. Et amet nam quo cumque tenetur doloremque.','books/no_book_image.jpg',39,868,'2018-06-09 15:30:17','2018-06-09 15:30:17'),(124,'sit','Perferendis laboriosam ipsam exercitationem amet est. Eum quasi molestiae corporis qui necessitatibus molestiae eum. Omnis soluta incidunt doloremque ut.','books/1.jpg',7,556,'2018-06-09 15:30:17','2018-06-09 15:30:17'),(125,'vero','Perspiciatis hic ratione beatae ipsam aperiam. Voluptas facilis id non quibusdam quia earum quis.','books/2.jpg',39,805,'2018-06-09 15:30:17','2018-06-09 15:30:17'),(126,'dolor','Qui et laboriosam enim est. Et ipsum molestiae rerum fuga doloribus. Odit aut eveniet dolor vel expedita aut necessitatibus.','books/3.jpg',24,812,'2018-06-09 15:30:18','2018-06-09 15:30:18'),(127,'praesentium','Maxime suscipit nam quia reprehenderit quia. Velit nulla id beatae officia odio ab maiores aut.','books/5.jpg',36,419,'2018-06-09 15:30:18','2018-06-09 15:30:18'),(128,'nisi','Et nulla est quod voluptas non. Rerum pariatur quaerat veniam praesentium est excepturi saepe. Distinctio illo sint praesentium necessitatibus.','books/7.jpg',40,151,'2018-06-09 15:30:18','2018-06-09 15:30:18'),(129,'ut','Totam nisi modi nostrum porro. Eaque qui quaerat architecto a exercitationem consectetur aut. Non deserunt iure nemo hic delectus ea.','books/3.jpg',28,43,'2018-06-09 15:30:18','2018-06-09 15:30:18'),(130,'nesciunt','Neque quis dolorum eligendi ipsam nam voluptas dolor. Saepe deserunt omnis commodi cum cum ut facere quis. Fugit nesciunt delectus ut quisquam.','books/4.jpg',36,6,'2018-06-09 15:30:18','2018-06-09 15:30:18'),(131,'odit','Beatae ipsum ut tenetur iure incidunt est. Numquam quia et nemo ad.','books/7.jpg',5,503,'2018-06-09 15:30:18','2018-06-09 15:30:18'),(132,'commodi','Quas accusamus voluptatem fugiat asperiores quia deserunt ut. Non autem est rerum cum alias eum. Ut placeat placeat et quis amet sed rerum.','books/5.jpg',40,629,'2018-06-09 15:30:18','2018-06-09 15:30:18'),(133,'hic','Dolorem est dolore error sunt. Est asperiores illum molestias accusamus non consequatur. Voluptatem aut non quia.','books/6.jpg',41,464,'2018-06-09 15:30:18','2018-06-09 15:30:18'),(134,'voluptatem','Sequi fuga voluptatem dicta veritatis sapiente iusto. Autem eaque sint asperiores est. Sed et fuga aliquid deserunt non iste ex.','books/4.jpg',19,630,'2018-06-09 15:30:18','2018-06-09 15:30:18'),(135,'quasi','Tenetur id eveniet aperiam nam autem et ut. Et ut omnis corrupti voluptatem aspernatur dolores explicabo repellat. Velit repudiandae consequatur vel ipsam natus.','books/1.jpg',7,25,'2018-06-09 15:30:18','2018-06-09 15:30:18'),(136,'qui','Dolorem facilis accusantium officia voluptas doloremque dolores qui nihil. Provident consequatur officiis temporibus voluptas provident et.','books/5.jpg',28,863,'2018-06-09 15:30:18','2018-06-09 15:30:18'),(137,'sunt','Ut qui est quia. Dolore aspernatur minus et iure. Ut libero sed quisquam ipsam veniam exercitationem suscipit.','books/7.jpg',4,627,'2018-06-09 15:30:18','2018-06-09 15:30:18'),(138,'ipsum','Illo sed labore exercitationem aut eum modi placeat. Labore ipsam explicabo similique ratione.','books/no_book_image.jpg',37,239,'2018-06-09 15:30:18','2018-06-09 15:30:18'),(139,'sapiente','Omnis labore quia architecto saepe pariatur quae sapiente. Voluptas incidunt aut esse voluptas officiis neque. Possimus consectetur error debitis natus.','books/3.jpg',3,871,'2018-06-09 15:30:18','2018-06-09 15:30:18'),(140,'incidunt','Dolor maiores placeat et ut optio laborum enim. Aut sunt magni in temporibus eaque iusto cum. Aut quae in tempora aut laboriosam.','books/7.jpg',31,665,'2018-06-09 15:30:18','2018-06-09 15:30:18'),(141,'commodi','Eius consequatur iste ratione dolor reiciendis non. Odit dolor est consequatur consequatur debitis ad aut. Est dolores et aspernatur ipsam cupiditate.','books/5.jpg',21,217,'2018-06-09 15:30:18','2018-06-09 15:30:18'),(142,'id','Rerum nihil aut nemo in. Quibusdam blanditiis ratione ullam sint corrupti nam.','books/5.jpg',4,583,'2018-06-09 15:30:18','2018-06-09 15:30:18'),(143,'dolor','Dignissimos dolore nihil molestiae explicabo debitis rem provident iure. Qui corporis quam cumque ut.','books/7.jpg',33,725,'2018-06-09 15:30:18','2018-06-09 15:30:18'),(144,'aut','Dolorum ex beatae perspiciatis qui id. Cum eius repellat eos facere repellendus dolores.','books/1.jpg',16,897,'2018-06-09 15:30:18','2018-06-09 15:30:18'),(145,'repellendus','Non et similique labore sed voluptates reiciendis ut exercitationem. Dolorum ut est nostrum veritatis ut non magni.','books/3.jpg',46,39,'2018-06-09 15:30:18','2018-06-09 15:30:18'),(146,'et','Officia voluptas accusantium vitae culpa esse nam. Quae eveniet unde voluptatem enim dolores corrupti.','books/4.jpg',22,217,'2018-06-09 15:30:18','2018-06-09 15:30:18'),(147,'maxime','Ipsa excepturi beatae sunt assumenda est deserunt explicabo. Tenetur voluptas et aspernatur.','books/7.jpg',22,92,'2018-06-09 15:30:18','2018-06-09 15:30:18'),(148,'voluptatibus','Maiores ut mollitia sapiente dolores. Consequuntur debitis assumenda fugit qui. Ab ea provident dolorum et reiciendis.','books/4.jpg',34,272,'2018-06-09 15:30:18','2018-06-09 15:30:18'),(149,'sed','Alias dolor voluptates voluptas amet. Est voluptates maxime magnam.','books/8.jpg',10,406,'2018-06-09 15:30:18','2018-06-09 15:30:18'),(150,'aut','Voluptatum hic reiciendis libero quis. Eos omnis sequi eum illum alias reiciendis rem.','books/8.jpg',16,274,'2018-06-09 15:30:19','2018-06-09 15:30:19'),(151,'modi','Voluptatibus voluptas nam eos non architecto esse. Nisi qui culpa excepturi est nisi dolores omnis libero.','books/6.jpg',40,199,'2018-06-09 15:30:19','2018-06-09 15:30:19'),(152,'voluptates','Cumque fugit error cumque necessitatibus et qui adipisci. Sit repellendus aut corrupti fugiat sapiente explicabo. Porro impedit cupiditate vel ipsum ea vel.','books/7.jpg',7,748,'2018-06-09 15:30:19','2018-06-09 15:30:19'),(153,'aperiam','Natus occaecati eveniet et sunt nemo. Velit expedita modi aut quae minima blanditiis. Excepturi dicta excepturi explicabo provident voluptate.','books/8.jpg',46,799,'2018-06-09 15:30:19','2018-06-09 15:30:19'),(154,'itaque','Id nobis est natus est sunt. Nobis sunt doloribus unde sit non consequatur officiis. Aut ut quisquam ut et occaecati laboriosam ut.','books/8.jpg',8,66,'2018-06-09 15:30:19','2018-06-09 15:30:19'),(155,'modi','Sunt amet ea voluptates ad vitae. Aut omnis quos veritatis dicta perferendis. Tenetur nam voluptatibus saepe numquam dolorem ex distinctio.','books/8.jpg',20,38,'2018-06-09 15:30:19','2018-06-09 15:30:19'),(156,'consequuntur','Omnis ipsam saepe et facilis voluptates illo porro quaerat. Magni ea numquam et molestias excepturi quibusdam. Omnis necessitatibus voluptates sequi ab et est nemo.','books/no_book_image.jpg',26,12,'2018-06-09 15:30:19','2018-06-09 15:30:19'),(157,'eum','Similique voluptatem dolor esse quia omnis. Labore delectus aut labore quia.','books/4.jpg',48,448,'2018-06-09 15:30:19','2018-06-09 15:30:19'),(158,'consequatur','Dolorem pariatur officia qui. Laudantium commodi quo aut sit molestiae amet.','books/4.jpg',27,657,'2018-06-09 15:30:19','2018-06-09 15:30:19'),(159,'amet','Molestiae illum eius aut. Qui autem rerum expedita nam beatae libero aperiam et.','books/5.jpg',36,651,'2018-06-09 15:30:19','2018-06-09 15:30:19'),(160,'odit','Adipisci a veniam expedita corrupti. Voluptatem et rem expedita repudiandae quasi. Et est architecto facere fugiat quo sint voluptas.','books/5.jpg',5,730,'2018-06-09 15:30:19','2018-06-09 15:30:19'),(161,'molestiae','Atque magni quod iste architecto est ad. Aliquam ut magnam rerum consequatur nihil dolor. Minus corporis consequatur omnis autem.','books/8.jpg',1,235,'2018-06-09 15:30:19','2018-06-09 15:30:19'),(162,'laborum','Eum sunt delectus sunt earum. Quidem iusto voluptatibus corrupti dolorum expedita voluptates.','books/5.jpg',31,981,'2018-06-09 15:30:19','2018-06-09 15:30:19'),(163,'et','Tenetur rerum esse incidunt inventore non reprehenderit. Est suscipit reprehenderit reprehenderit aperiam exercitationem occaecati corporis.','books/6.jpg',12,307,'2018-06-09 15:30:19','2018-06-09 15:30:19'),(164,'harum','Reprehenderit qui et illo magnam dolorum deleniti. Eligendi nobis velit reprehenderit. Minima illo provident quia et reiciendis modi quidem.','books/1.jpg',30,135,'2018-06-09 15:30:19','2018-06-09 15:30:19'),(165,'culpa','Consectetur et recusandae dolor. Rerum aliquam saepe repellendus.','books/1.jpg',32,377,'2018-06-09 15:30:19','2018-06-09 15:30:19'),(166,'facilis','Deleniti aut fuga veniam aut quo praesentium debitis. Et impedit voluptatum quia. A velit iste asperiores labore omnis ad.','books/2.jpg',44,648,'2018-06-09 15:30:19','2018-06-09 15:30:19'),(167,'culpa','Cumque aliquam reprehenderit reprehenderit dignissimos. Rerum quisquam vero eos tempora minus laudantium doloribus.','books/7.jpg',21,17,'2018-06-09 15:30:19','2018-06-09 15:30:19'),(168,'a','Minus eos quis unde sapiente nihil soluta. Molestiae eos doloribus blanditiis vel laboriosam et et. Sint commodi molestiae laborum ea.','books/2.jpg',24,15,'2018-06-09 15:30:19','2018-06-09 15:30:19'),(169,'ut','Odit sequi ad repellat ipsa non. Rem voluptatem eveniet eum modi. Quas facere occaecati ipsa.','books/1.jpg',37,455,'2018-06-09 15:30:20','2018-06-09 15:30:20'),(170,'numquam','Quidem a natus nisi maiores in omnis sit. Et illum rerum placeat officia et. Tenetur omnis soluta odio.','books/5.jpg',45,2,'2018-06-09 15:30:20','2018-06-09 15:30:20'),(171,'quam','Est autem corporis ut nihil exercitationem consequatur. Sed sit reprehenderit animi dolorum quasi molestiae voluptatem. Quaerat illo sed esse in repudiandae sed.','books/6.jpg',34,519,'2018-06-09 15:30:20','2018-06-09 15:30:20'),(172,'impedit','Modi tenetur qui magni omnis culpa sequi dolorem. Labore facilis quaerat nesciunt.','books/3.jpg',27,119,'2018-06-09 15:30:20','2018-06-09 15:30:20'),(173,'dolorum','Ipsa sit assumenda officia fugiat dolores. Vel beatae et iste.','books/8.jpg',38,152,'2018-06-09 15:30:20','2018-06-09 15:30:20'),(174,'eligendi','Laudantium temporibus voluptas sunt iure aliquid. Suscipit et molestiae quaerat est eveniet voluptatem. Amet cumque id non quas unde.','books/7.jpg',42,685,'2018-06-09 15:30:20','2018-06-09 15:30:20'),(175,'qui','Dolorem possimus tempore voluptatibus fugiat rerum. Ipsa similique impedit veniam atque officiis laudantium corporis a.','books/5.jpg',32,692,'2018-06-09 15:30:20','2018-06-09 15:30:20'),(176,'ipsum','Dolorem tempore repellendus sed iste a voluptatem. Quod et labore recusandae. Sit deserunt assumenda nemo velit reiciendis sint porro omnis.','books/4.jpg',36,106,'2018-06-09 15:30:20','2018-06-09 15:30:20'),(177,'sunt','Aut amet voluptatum quae. Eos dolores labore voluptate. Quia voluptatibus aspernatur non est voluptas voluptatum dicta.','books/1.jpg',37,995,'2018-06-09 15:30:20','2018-06-09 15:30:20'),(178,'consequatur','Soluta eius facilis est dolor id. Voluptatibus accusamus et deserunt aspernatur.','books/6.jpg',26,402,'2018-06-09 15:30:20','2018-06-09 15:30:20'),(179,'repudiandae','Et ratione voluptates consectetur dolor. Cupiditate et impedit officiis corporis.','books/6.jpg',23,923,'2018-06-09 15:30:20','2018-06-09 15:30:20'),(180,'maxime','Blanditiis laudantium repellat atque facere. Expedita occaecati officia officiis nulla dolore et.','books/3.jpg',7,753,'2018-06-09 15:30:20','2018-06-09 15:30:20'),(181,'aut','Odit vel quam dolorum facilis explicabo. Ut expedita laudantium exercitationem sed. Atque hic sed minima aliquam sed sequi.','books/3.jpg',24,104,'2018-06-09 15:30:20','2018-06-09 15:30:20'),(182,'necessitatibus','Distinctio tenetur odio facere eligendi. Ut vel a fugiat nihil nulla. Ipsam iusto voluptas et.','books/8.jpg',14,572,'2018-06-09 15:30:20','2018-06-09 15:30:20'),(183,'enim','Praesentium quia quam non consequatur molestiae et. Explicabo eveniet fugiat qui enim. Qui voluptates vel et harum laudantium.','books/no_book_image.jpg',27,249,'2018-06-09 15:30:20','2018-06-09 15:30:20'),(184,'incidunt','Facere aut modi possimus at omnis dolorem et. Maiores similique ducimus nulla libero eum qui quod. Quaerat maxime rem aliquid aut.','books/2.jpg',48,448,'2018-06-09 15:30:20','2018-06-09 15:30:20'),(185,'maxime','Tempore dolor dolores neque dignissimos minus provident cum autem. Ratione dolores qui aut.','books/8.jpg',10,423,'2018-06-09 15:30:20','2018-06-09 15:30:20'),(186,'et','Tempora minima aut voluptate atque. Voluptas soluta earum odio et dignissimos non ut est.','books/5.jpg',14,44,'2018-06-09 15:30:21','2018-06-09 15:30:21'),(187,'asperiores','Velit est tenetur ipsam officia unde. Consequuntur perferendis cupiditate in neque eius non.','books/1.jpg',36,185,'2018-06-09 15:30:21','2018-06-09 15:30:21'),(188,'quo','Illum non molestiae reprehenderit. Dolores corrupti dicta odit in explicabo.','books/6.jpg',35,903,'2018-06-09 15:30:21','2018-06-09 15:30:21'),(189,'ut','Ab vel vitae quae quia ipsum quas. Et culpa enim perspiciatis suscipit ea nemo. Rerum voluptates mollitia facilis ut.','books/3.jpg',44,735,'2018-06-09 15:30:21','2018-06-09 15:30:21'),(190,'perferendis','Quidem deserunt amet exercitationem omnis omnis dolore. Fugit voluptatem assumenda sed pariatur ut voluptas rem repudiandae.','books/1.jpg',14,243,'2018-06-09 15:30:21','2018-06-09 15:30:21'),(191,'velit','Earum aspernatur alias debitis. Laudantium repellendus eligendi incidunt velit sit.','books/8.jpg',23,587,'2018-06-09 15:30:21','2018-06-09 15:30:21'),(192,'et','Praesentium expedita voluptatibus esse rem est. Qui qui blanditiis nostrum. Qui dolores reiciendis saepe recusandae tempora.','books/6.jpg',8,209,'2018-06-09 15:30:21','2018-06-09 15:30:21'),(193,'cum','Eligendi itaque enim eum qui qui ut consequatur. Ab sint quae libero est. Ut quis fugit sit autem reiciendis alias ut.','books/4.jpg',42,686,'2018-06-09 15:30:21','2018-06-09 15:30:21'),(194,'eos','Ratione consequatur voluptas soluta neque. Dolorum ut consectetur est error distinctio.','books/4.jpg',39,535,'2018-06-09 15:30:21','2018-06-09 15:30:21'),(195,'quos','Et sed dicta sed illo amet corrupti. Voluptate rem voluptates modi aut et delectus.','books/7.jpg',15,215,'2018-06-09 15:30:21','2018-06-09 15:30:21'),(196,'at','Et laborum id sunt molestiae. Quasi omnis explicabo itaque quos enim. Nulla debitis odit et ducimus dolor.','books/3.jpg',12,456,'2018-06-09 15:30:21','2018-06-09 15:30:21'),(197,'totam','Qui ut corrupti dolorem nulla quas eaque ut. Suscipit sit quibusdam neque. Laborum dolores reiciendis voluptas quo cumque vitae veritatis.','books/7.jpg',41,563,'2018-06-09 15:30:21','2018-06-09 15:30:21'),(198,'reiciendis','Corporis sint et laborum corporis perspiciatis voluptate rem quibusdam. Iusto optio est dolor quaerat.','books/2.jpg',11,250,'2018-06-09 15:30:21','2018-06-09 15:30:21'),(199,'voluptate','Quisquam non in quos possimus voluptates accusamus officiis. Dolorum dolorum dolores maxime vel.','books/1.jpg',40,102,'2018-06-09 15:30:21','2018-06-09 15:30:21'),(200,'tenetur','Molestiae dolores unde et omnis quasi et nesciunt. Nesciunt sit est facilis. Laudantium sed praesentium tenetur assumenda.','books/6.jpg',22,728,'2018-06-09 15:30:21','2018-06-09 15:30:21'),(201,'vel','Eaque occaecati ut blanditiis tenetur vitae. Pariatur enim ea dolorem corporis porro et. Voluptas dolore repudiandae error consequuntur dolores quidem tempora corrupti.','books/no_book_image.jpg',19,227,'2018-06-09 15:30:21','2018-06-09 15:30:21'),(202,'ex','Qui est sed reiciendis earum. Similique enim id ut et sed porro.','books/4.jpg',35,105,'2018-06-09 15:30:21','2018-06-09 15:30:21'),(203,'aliquid','Quia facilis dolorum alias quia natus. Voluptate saepe illum dolorem ipsa sunt temporibus ut. Minima laborum saepe doloribus non ut aut.','books/7.jpg',50,701,'2018-06-09 15:30:21','2018-06-09 15:30:21'),(204,'sit','Consectetur eum quia sed. Enim fugiat rerum voluptas tempora officiis odit quibusdam. Quae minus tempora ratione in.','books/1.jpg',23,547,'2018-06-09 15:30:21','2018-06-09 15:30:21'),(205,'omnis','Consequatur est molestiae occaecati quasi consequatur optio numquam. Rerum architecto sunt nam est numquam ut.','books/no_book_image.jpg',2,475,'2018-06-09 15:30:21','2018-06-09 15:30:21'),(206,'omnis','At voluptas ut pariatur veniam. Facere et qui accusamus excepturi. Voluptas aut corporis minus tempore quae magni ipsum.','books/7.jpg',1,944,'2018-06-09 15:30:21','2018-06-09 15:30:21'),(207,'repellendus','Molestias sequi sit autem aut. Laudantium dolor in perferendis maiores iure.','books/2.jpg',20,791,'2018-06-09 15:30:21','2018-06-09 15:30:21'),(208,'iste','Veritatis voluptatibus asperiores cumque excepturi possimus. Blanditiis accusantium molestiae facere est harum quia sequi.','books/3.jpg',15,585,'2018-06-09 15:30:21','2018-06-09 15:30:21'),(209,'eum','Esse nemo commodi ratione est. Exercitationem vitae et nobis ut rerum tempora culpa. Sit nesciunt placeat minima qui.','books/2.jpg',10,730,'2018-06-09 15:30:21','2018-06-09 15:30:21'),(210,'eum','Qui eos sunt alias beatae consequatur libero praesentium. At saepe in qui et dolores qui. Perspiciatis sit atque quia ex et officia.','books/7.jpg',42,611,'2018-06-09 15:30:22','2018-06-09 15:30:22'),(211,'sed','Et quas aliquid voluptatem. Recusandae dolorum amet possimus fugit animi eos cum.','books/8.jpg',28,123,'2018-06-09 15:30:22','2018-06-09 15:30:22'),(212,'eum','Magni aut consectetur quaerat vero error temporibus. Maiores ut dolor laborum iusto non qui minima. Sunt rerum molestiae adipisci consectetur mollitia omnis accusamus.','books/2.jpg',5,196,'2018-06-09 15:30:22','2018-06-09 15:30:22'),(213,'eaque','Quod ut aut enim perferendis molestiae doloremque. Harum aliquam error quis rerum maiores veritatis velit. Minima officiis vel ut expedita fugiat quisquam rem.','books/2.jpg',26,920,'2018-06-09 15:30:22','2018-06-09 15:30:22'),(214,'consequatur','Unde sit laudantium vero sint. Voluptates veniam amet placeat ad et minus. Ea rerum vel necessitatibus porro aut libero.','books/4.jpg',34,273,'2018-06-09 15:30:22','2018-06-09 15:30:22'),(215,'id','Id esse iusto quas ullam id. A quo distinctio quos explicabo consequatur deleniti maxime. Eum omnis aut tempora omnis ullam architecto quo.','books/6.jpg',41,76,'2018-06-09 15:30:22','2018-06-09 15:30:22'),(216,'cumque','Molestiae consequatur aliquam laborum provident et qui iusto. Cum quidem qui quia veniam quis non. Aliquam dolores voluptas quo quas.','books/7.jpg',10,136,'2018-06-09 15:30:22','2018-06-09 15:30:22'),(217,'occaecati','Debitis reiciendis expedita et provident illum alias deleniti. Assumenda aut architecto et fugiat sed ab. Facere sed quo debitis quia qui est aut quia.','books/1.jpg',33,530,'2018-06-09 15:30:22','2018-06-09 15:30:22'),(218,'ea','Ea soluta saepe necessitatibus dignissimos in. Similique unde officia consequuntur ut in architecto distinctio.','books/7.jpg',21,111,'2018-06-09 15:30:22','2018-06-09 15:30:22'),(219,'id','Consequatur pariatur molestiae necessitatibus magni ab quia doloribus. Voluptates ea sequi voluptatem harum eligendi saepe laboriosam aut.','books/4.jpg',47,580,'2018-06-09 15:30:22','2018-06-09 15:30:22'),(220,'facilis','Nobis reprehenderit dolores dicta ut. Fugiat quia cum voluptatibus repudiandae accusamus.','books/1.jpg',8,7,'2018-06-09 15:30:22','2018-06-09 15:30:22'),(221,'ipsum','Atque amet iste vero debitis quia corporis ipsum. Excepturi voluptas sed labore. Cum eos ut autem aut tempora.','books/6.jpg',32,347,'2018-06-09 15:30:22','2018-06-09 15:30:22'),(222,'hic','Tenetur assumenda ullam et quia laboriosam. Sed et aspernatur assumenda dolores explicabo animi blanditiis voluptatibus. Harum porro occaecati tempore.','books/4.jpg',24,14,'2018-06-09 15:30:22','2018-06-09 15:30:22'),(223,'velit','Velit iure quia suscipit. Molestias impedit nulla modi iure.','books/7.jpg',18,406,'2018-06-09 15:30:22','2018-06-09 15:30:22'),(224,'animi','Odit pariatur sed ut dolor vitae. Amet in fugiat et voluptatem quas est aut. Saepe mollitia aut repudiandae quia dignissimos et omnis cumque.','books/6.jpg',18,528,'2018-06-09 15:30:22','2018-06-09 15:30:22'),(225,'velit','Non perspiciatis illo eaque totam at aut. Non iusto iure aut autem blanditiis.','books/no_book_image.jpg',25,930,'2018-06-09 15:30:22','2018-06-09 15:30:22'),(226,'qui','Quo itaque cum ducimus placeat distinctio saepe omnis. Vitae modi enim voluptas repellendus alias doloribus.','books/1.jpg',14,982,'2018-06-09 15:30:22','2018-06-09 15:30:22'),(227,'aut','Iure cum id ipsum aut dolorem porro. Non eos occaecati qui numquam incidunt. Voluptate ad et ea id ut modi et dolor.','books/8.jpg',42,41,'2018-06-09 15:30:22','2018-06-09 15:30:22'),(228,'esse','Aut dolorum quis culpa assumenda. Totam sed eos mollitia dolor.','books/8.jpg',11,588,'2018-06-09 15:30:22','2018-06-09 15:30:22'),(229,'animi','Sit beatae quod qui dolore explicabo doloremque fugiat. Non quod asperiores omnis fuga nisi.','books/2.jpg',22,299,'2018-06-09 15:30:22','2018-06-09 15:30:22'),(230,'porro','Saepe totam omnis rerum aut saepe officiis in. Voluptas enim incidunt ipsum aut asperiores.','books/7.jpg',34,824,'2018-06-09 15:30:23','2018-06-09 15:30:23'),(231,'enim','Recusandae facere voluptatum neque rerum qui quae et. Vero sapiente quis nisi aliquam possimus optio quo. Culpa magni ab voluptatibus voluptatem cupiditate voluptatem consequuntur.','books/1.jpg',39,481,'2018-06-09 15:30:23','2018-06-09 15:30:23'),(232,'ut','Vel eos quas et fuga fuga. Qui aut sit temporibus omnis reiciendis quisquam officia et.','books/no_book_image.jpg',15,20,'2018-06-09 15:30:23','2018-06-09 15:30:23'),(233,'aperiam','Accusantium corrupti veniam laboriosam nihil voluptatem consequatur qui. Nobis perspiciatis ut vel corporis. Corrupti magni non nobis dolorem aut dolorum.','books/no_book_image.jpg',11,51,'2018-06-09 15:30:23','2018-06-09 15:30:23'),(234,'est','Totam possimus iure officiis quam voluptate ullam labore. Nemo soluta et cupiditate eos veniam repellat mollitia. Porro sit ea ex dolore dicta ad.','books/4.jpg',48,248,'2018-06-09 15:30:23','2018-06-09 15:30:23'),(235,'numquam','Eaque nihil quo quos id saepe cupiditate dolore. Inventore consequatur sapiente adipisci facilis.','books/7.jpg',10,305,'2018-06-09 15:30:23','2018-06-09 15:30:23'),(236,'sed','Et et sed inventore minus. Molestiae accusamus optio libero exercitationem.','books/no_book_image.jpg',7,816,'2018-06-09 15:30:23','2018-06-09 15:30:23'),(237,'provident','Expedita praesentium facilis temporibus. Vero esse error nobis deserunt exercitationem rerum.','books/1.jpg',33,2,'2018-06-09 15:30:23','2018-06-09 15:30:23'),(238,'quod','Quis eveniet voluptatem qui itaque. In qui amet officiis nemo qui magni nemo.','books/1.jpg',45,574,'2018-06-09 15:30:23','2018-06-09 15:30:23'),(239,'ea','Accusantium rem qui laudantium et. Laudantium similique tempore explicabo quisquam. Aliquam omnis quam tenetur ut est rerum mollitia.','books/3.jpg',4,829,'2018-06-09 15:30:23','2018-06-09 15:30:23'),(240,'consequuntur','Occaecati nobis totam fuga saepe voluptatem. Harum ea consequatur esse repellendus eos rerum animi incidunt.','books/7.jpg',28,107,'2018-06-09 15:30:23','2018-06-09 15:30:23'),(241,'autem','Sunt dolorem quis dicta reprehenderit fugiat temporibus accusantium. Voluptatem assumenda consequatur voluptas accusantium omnis molestias. Odit ea quidem corporis ratione quia molestiae suscipit.','books/7.jpg',14,571,'2018-06-09 15:30:23','2018-06-09 15:30:23'),(242,'eum','Dolor enim impedit assumenda impedit molestiae non nostrum. Quo laudantium aperiam similique neque consequatur quo rerum.','books/3.jpg',40,95,'2018-06-09 15:30:23','2018-06-09 15:30:23'),(243,'fuga','Omnis iure qui aliquid vero animi accusantium libero. Doloremque voluptate commodi provident vel et id eos.','books/6.jpg',15,501,'2018-06-09 15:30:23','2018-06-09 15:30:23'),(244,'corrupti','Reiciendis sed rem illo corrupti ut. Tenetur facere voluptates et suscipit. Deserunt iusto et iure aut voluptatem amet.','books/1.jpg',10,674,'2018-06-09 15:30:23','2018-06-09 15:30:23'),(245,'est','Voluptas eos dolor voluptatibus excepturi ut atque quas. Autem repellat similique dolorum necessitatibus labore. Et commodi quia debitis explicabo.','books/5.jpg',20,94,'2018-06-09 15:30:23','2018-06-09 15:30:23'),(246,'nostrum','Et deserunt distinctio quia. Voluptas voluptate cupiditate tempora et.','books/5.jpg',44,138,'2018-06-09 15:30:23','2018-06-09 15:30:23'),(247,'odit','Itaque quam ut exercitationem voluptate. Deleniti molestias nostrum velit laborum praesentium maxime.','books/4.jpg',32,492,'2018-06-09 15:30:23','2018-06-09 15:30:23'),(248,'quas','Vel omnis voluptatem architecto qui ad. Non recusandae id quo fugit veritatis rerum rerum praesentium. Dolor repellendus exercitationem nihil eum explicabo neque incidunt.','books/4.jpg',45,760,'2018-06-09 15:30:23','2018-06-09 15:30:23'),(249,'sequi','Eveniet exercitationem necessitatibus dolorum repellendus maxime dolorem aspernatur. Et excepturi eum doloribus debitis tenetur ea.','books/8.jpg',43,105,'2018-06-09 15:30:23','2018-06-09 15:30:23'),(250,'ipsam','Magnam aperiam iste laboriosam blanditiis. Deleniti laborum aliquam amet suscipit eos reprehenderit quod.','books/3.jpg',44,970,'2018-06-09 15:30:23','2018-06-09 15:30:23'),(251,'vel','Magnam voluptates voluptatem aperiam laboriosam nesciunt ad. Quo assumenda consectetur et aut aliquam et. Consequuntur cum repellat omnis earum quia corporis.','books/7.jpg',31,519,'2018-06-09 15:30:23','2018-06-09 15:30:23'),(252,'rerum','Quo velit quasi atque nobis laborum maiores sed. Et dolor quo provident dolor hic similique.','books/7.jpg',16,279,'2018-06-09 15:30:23','2018-06-09 15:30:23'),(253,'dolorem','Maiores ut odit architecto provident eligendi nesciunt. Delectus non nihil enim incidunt rem dolorem architecto. Quidem commodi eos aliquam est animi natus.','books/7.jpg',14,532,'2018-06-09 15:30:23','2018-06-09 15:30:23'),(254,'reprehenderit','Exercitationem numquam deserunt reprehenderit quia sed quia. Minima ullam excepturi voluptates provident vel sint. Labore facilis nihil adipisci aut.','books/2.jpg',48,468,'2018-06-09 15:30:23','2018-06-09 15:30:23'),(255,'omnis','A quae et rerum numquam sint amet. Facilis omnis minima error quibusdam nostrum deleniti rerum.','books/3.jpg',38,555,'2018-06-09 15:30:23','2018-06-09 15:30:23'),(256,'in','Dolorem corrupti totam aspernatur at repellendus aut aut. Beatae enim fuga nihil optio officia dolore. Dignissimos soluta quasi in cumque et voluptatem.','books/3.jpg',16,449,'2018-06-09 15:30:24','2018-06-09 15:30:24'),(257,'suscipit','Magnam magnam at aliquam est rem. Quaerat nostrum vel ut eligendi ipsum id ex.','books/3.jpg',30,407,'2018-06-09 15:30:24','2018-06-09 15:30:24'),(258,'ea','Laborum saepe accusantium assumenda. Amet consequatur cum aut quos sit nobis ut. Unde quia autem pariatur eligendi cum aut.','books/5.jpg',30,475,'2018-06-09 15:30:24','2018-06-09 15:30:24'),(259,'et','Officiis rerum et ut quae voluptas ipsam vitae. Labore et reprehenderit ex.','books/7.jpg',17,671,'2018-06-09 15:30:24','2018-06-09 15:30:24'),(260,'aut','Rerum voluptatibus velit a. Qui ea tempore non tempora. Atque explicabo blanditiis aspernatur ut facere qui adipisci.','books/1.jpg',5,650,'2018-06-09 15:30:24','2018-06-09 15:30:24'),(261,'incidunt','Quas illo tenetur animi et libero nulla eum assumenda. Est qui quis velit ea est labore. Qui animi ea quia excepturi velit.','books/2.jpg',31,246,'2018-06-09 15:30:24','2018-06-09 15:30:24'),(262,'nostrum','Et id sit aut numquam possimus exercitationem. Dolorum ducimus facere alias consequatur amet.','books/8.jpg',14,230,'2018-06-09 15:30:24','2018-06-09 15:30:24'),(263,'quibusdam','Aut animi qui excepturi quae accusantium quisquam unde voluptas. Ratione aut dolores quo est. Voluptate porro laborum sed magnam odio porro et dolores.','books/6.jpg',22,35,'2018-06-09 15:30:24','2018-06-09 15:30:24'),(264,'quia','Laboriosam minima sapiente ipsum provident qui et sunt aspernatur. Quia est autem blanditiis cupiditate optio.','books/2.jpg',20,945,'2018-06-09 15:30:24','2018-06-09 15:30:24'),(265,'aut','Officia fugit atque sequi nesciunt cum dolorem. Veniam et beatae molestiae et totam. Animi et ea exercitationem dolore doloribus nihil.','books/2.jpg',3,621,'2018-06-09 15:30:24','2018-06-09 15:30:24'),(266,'est','Ut beatae aut aut. Distinctio est culpa ipsam voluptatem nobis voluptatem perferendis. Quod quam non omnis reiciendis in et.','books/5.jpg',16,634,'2018-06-09 15:30:24','2018-06-09 15:30:24'),(267,'dolorem','Quia aut incidunt natus in dolor modi. Dolorum rerum dicta culpa nobis et.','books/4.jpg',11,951,'2018-06-09 15:30:24','2018-06-09 15:30:24'),(268,'voluptate','Est quia dolores velit est velit iste omnis quo. Qui nesciunt tenetur repudiandae sunt expedita quia voluptates. Excepturi et quis beatae modi neque ea.','books/4.jpg',28,980,'2018-06-09 15:30:24','2018-06-09 15:30:24'),(269,'optio','Illo numquam veniam omnis quia sit mollitia facilis. Blanditiis exercitationem ut aliquam.','books/5.jpg',18,363,'2018-06-09 15:30:24','2018-06-09 15:30:24'),(270,'qui','Maxime saepe ratione aperiam placeat beatae. Ea placeat dignissimos beatae est sit.','books/4.jpg',23,742,'2018-06-09 15:30:24','2018-06-09 15:30:24'),(271,'nemo','Sit culpa nobis cumque ea omnis quos magni. Vitae voluptates cupiditate ex vero est velit.','books/8.jpg',3,389,'2018-06-09 15:30:24','2018-06-09 15:30:24'),(272,'aspernatur','Non quis ipsum vitae dolorum in aperiam aperiam. Quia architecto quam eveniet odio. Sit nesciunt animi debitis.','books/5.jpg',16,635,'2018-06-09 15:30:24','2018-06-09 15:30:24'),(273,'incidunt','Atque praesentium at quo non. Ipsam maiores veniam et.','books/2.jpg',41,980,'2018-06-09 15:30:24','2018-06-09 15:30:24'),(274,'nulla','Earum eum id et debitis delectus sint reprehenderit sed. Porro expedita voluptas iusto iusto aliquam repudiandae repudiandae. Repellendus quod rerum eaque est illo autem eum eaque.','books/no_book_image.jpg',32,570,'2018-06-09 15:30:24','2018-06-09 15:30:24'),(275,'reiciendis','Dolorum vel sequi quisquam. Odio sapiente recusandae vel aliquam optio a aspernatur.','books/3.jpg',35,926,'2018-06-09 15:30:25','2018-06-09 15:30:25'),(276,'voluptates','Praesentium dolorem in quia eveniet eaque quae enim. Non in corporis excepturi quibusdam qui.','books/no_book_image.jpg',15,204,'2018-06-09 15:30:25','2018-06-09 15:30:25'),(277,'ipsam','Rerum atque quis est et harum molestiae blanditiis. Laborum modi ipsam accusantium voluptatem et. Eaque totam enim sunt enim ab neque dolorem.','books/6.jpg',45,721,'2018-06-09 15:30:25','2018-06-09 15:30:25'),(278,'quasi','Unde reiciendis et veritatis voluptatibus est. Rerum hic aut dignissimos perferendis sed explicabo impedit.','books/5.jpg',35,859,'2018-06-09 15:30:25','2018-06-09 15:30:25'),(279,'vero','Labore et possimus velit assumenda quisquam est eum. Temporibus culpa eveniet impedit perferendis eum in facere.','books/4.jpg',14,230,'2018-06-09 15:30:25','2018-06-09 15:30:25'),(280,'vitae','Sed quia fuga rerum quo iste magnam ullam dolor. Nostrum possimus nihil tempore et quia pariatur dolores repellendus.','books/7.jpg',44,314,'2018-06-09 15:30:25','2018-06-09 15:30:25'),(281,'molestias','Tenetur possimus sint veniam nostrum occaecati nobis praesentium. Nam nihil et maxime aut eos aut. Sapiente iure cumque consequuntur.','books/8.jpg',40,830,'2018-06-09 15:30:25','2018-06-09 15:30:25'),(282,'eveniet','Distinctio rerum voluptatum similique nulla et. Incidunt ducimus expedita quos libero.','books/7.jpg',48,890,'2018-06-09 15:30:25','2018-06-09 15:30:25'),(283,'velit','Tenetur at beatae ut aliquam ut consectetur. Aspernatur ut labore non minus.','books/4.jpg',38,846,'2018-06-09 15:30:25','2018-06-09 15:30:25'),(284,'nesciunt','Voluptatem dolor tempore consectetur voluptas iste quae incidunt. Optio eius qui quis dolorem. Omnis ipsa debitis nam dolorum est ipsum.','books/1.jpg',11,697,'2018-06-09 15:30:25','2018-06-09 15:30:25'),(285,'tenetur','Sint tenetur officia esse qui a rerum fugit. Tempore animi quia sit quibusdam delectus pariatur. Ut impedit ducimus aut ipsa eum sed.','books/4.jpg',3,499,'2018-06-09 15:30:25','2018-06-09 15:30:25'),(286,'non','Ut placeat id cupiditate libero officia ipsa magnam. Sequi vero rerum expedita officiis.','books/4.jpg',23,427,'2018-06-09 15:30:26','2018-06-09 15:30:26'),(287,'velit','Qui porro consequatur velit qui a aperiam. Distinctio ex eos dignissimos commodi veniam omnis.','books/no_book_image.jpg',45,240,'2018-06-09 15:30:26','2018-06-09 15:30:26'),(288,'ipsum','Dolores qui dolor dolor distinctio. Quia laborum non enim quam.','books/8.jpg',22,626,'2018-06-09 15:30:26','2018-06-09 15:30:26'),(289,'eveniet','Corrupti sit odit est tempore consequatur hic quaerat. Porro sunt neque vitae.','books/1.jpg',29,182,'2018-06-09 15:30:26','2018-06-09 15:30:26'),(290,'sunt','Nihil qui incidunt mollitia quia ipsum et est. Repellat harum aut sit eligendi mollitia nesciunt.','books/1.jpg',9,980,'2018-06-09 15:30:26','2018-06-09 15:30:26'),(291,'sit','Magni nulla est sunt sed. Voluptas ex aut nobis id dolores delectus. Qui pariatur vero eum.','books/2.jpg',29,508,'2018-06-09 15:30:26','2018-06-09 15:30:26'),(292,'nisi','Exercitationem rerum modi et laboriosam qui corrupti ab. Non enim recusandae quia nesciunt molestiae dolores et aut.','books/5.jpg',43,957,'2018-06-09 15:30:26','2018-06-09 15:30:26'),(293,'ipsam','Illum ut asperiores ex qui quasi eius nihil. Dicta dolorem minus consequuntur non autem. Esse quis suscipit aperiam nihil ad.','books/8.jpg',17,463,'2018-06-09 15:30:26','2018-06-09 15:30:26'),(294,'a','Nihil optio rerum explicabo occaecati nam laudantium maiores debitis. Sed aut ipsa quia modi eos dignissimos corrupti. Voluptas consequatur error consequatur.','books/1.jpg',30,355,'2018-06-09 15:30:26','2018-06-09 15:30:26'),(295,'qui','Maiores nihil quia praesentium aut eos. Dolorum expedita architecto voluptatem consequuntur sint.','books/6.jpg',8,605,'2018-06-09 15:30:26','2018-06-09 15:30:26'),(296,'nam','Ab sequi consequatur repellat repudiandae id. Eligendi aliquam enim ex esse. Enim illum quibusdam quia dolor et et in.','books/8.jpg',5,793,'2018-06-09 15:30:26','2018-06-09 15:30:26'),(297,'distinctio','Eum quae nihil atque modi laudantium. Voluptatem sed et et minus ut.','books/no_book_image.jpg',2,182,'2018-06-09 15:30:26','2018-06-09 15:30:26'),(298,'libero','Aut ea possimus odio quae. Aut numquam minus eum et autem quia autem.','books/6.jpg',38,463,'2018-06-09 15:30:26','2018-06-09 15:30:26'),(299,'maxime','Voluptas occaecati velit suscipit et quia. Illo odit hic recusandae quia porro dolor maxime qui. Ut quae molestiae maiores dignissimos quibusdam aut.','books/4.jpg',31,594,'2018-06-09 15:30:26','2018-06-09 15:30:26'),(300,'illum','Necessitatibus unde commodi facilis quod quidem. Molestiae quos vel sapiente quae necessitatibus quas.','books/7.jpg',18,989,'2018-06-09 15:30:27','2018-06-09 15:30:27'),(301,'rerum','Iure distinctio voluptatem explicabo aut iusto ut. Itaque ea incidunt dignissimos sed voluptas in. Similique accusantium ut vitae voluptates.','books/3.jpg',16,61,'2018-06-09 15:30:27','2018-06-09 15:30:27'),(302,'facilis','Soluta doloribus dolor quos error. Facilis veniam dolores hic et distinctio quas sed vel.','books/5.jpg',37,82,'2018-06-09 15:30:27','2018-06-09 15:30:27'),(303,'laudantium','Ut aut facere adipisci quae. Aut repellat est ut ab consequuntur voluptas.','books/1.jpg',48,431,'2018-06-09 15:30:27','2018-06-09 15:30:27'),(304,'eligendi','Autem assumenda nam qui perferendis sapiente eos. At dolore et velit voluptas. Voluptate nemo error blanditiis adipisci totam.','books/5.jpg',31,302,'2018-06-09 15:30:27','2018-06-09 15:30:27'),(305,'rerum','Dolores aut ullam et eius. Sed error et consequatur officiis.','books/4.jpg',17,855,'2018-06-09 15:30:27','2018-06-09 15:30:27'),(306,'ut','Voluptate sed dignissimos maxime amet ipsum. Commodi voluptas at doloremque et amet.','books/3.jpg',24,486,'2018-06-09 15:30:27','2018-06-09 15:30:27'),(307,'perspiciatis','Ab distinctio enim occaecati ut dolores consequatur. Assumenda aliquam inventore fugiat sed. Voluptatem ipsam ipsam placeat dolor.','books/no_book_image.jpg',13,590,'2018-06-09 15:30:27','2018-06-09 15:30:27'),(308,'qui','Commodi odit harum laboriosam possimus id sit. Suscipit alias cupiditate placeat amet voluptates totam nisi quaerat. Itaque voluptatum eum cumque ut quia consequatur nesciunt quia.','books/1.jpg',43,99,'2018-06-09 15:30:27','2018-06-09 15:30:27'),(309,'maxime','Placeat commodi dolores facere ut excepturi autem. Sint qui vero eum perspiciatis similique odit.','books/7.jpg',11,640,'2018-06-09 15:30:27','2018-06-09 15:30:27'),(310,'aut','Maiores facilis modi unde qui laudantium omnis atque. Et sequi et illum in consequatur.','books/3.jpg',37,583,'2018-06-09 15:30:27','2018-06-09 15:30:27'),(311,'accusamus','Sit repellendus earum rerum et adipisci et consequatur. Iusto eum facere sed quaerat dolorem sapiente ratione.','books/7.jpg',20,527,'2018-06-09 15:30:27','2018-06-09 15:30:27'),(312,'commodi','Commodi culpa inventore ut ipsa rerum ab. Maiores ut debitis ratione deleniti ut. Hic eligendi sunt est nobis.','books/8.jpg',19,560,'2018-06-09 15:30:27','2018-06-09 15:30:27'),(313,'illum','Dolore et numquam soluta autem consequatur. A et qui eum quis et. Doloremque ad doloremque enim ducimus nobis esse.','books/4.jpg',39,642,'2018-06-09 15:30:27','2018-06-09 15:30:27'),(314,'fugit','Atque aperiam vitae similique iure ut occaecati. Sunt sunt praesentium occaecati ut ut et. Dolorem voluptate hic voluptatem sunt molestias aperiam.','books/2.jpg',33,143,'2018-06-09 15:30:27','2018-06-09 15:30:27'),(315,'distinctio','Voluptas nemo ut natus nisi ut numquam ut. Aut ipsam sint qui eius quidem sit est. Modi quidem consequuntur qui alias.','books/2.jpg',28,486,'2018-06-09 15:30:27','2018-06-09 15:30:27'),(316,'beatae','Voluptatem dicta occaecati odio dignissimos. Aut corrupti ut aliquid error sed vel. Et ut voluptatem quod occaecati sit vero.','books/4.jpg',2,386,'2018-06-09 15:30:27','2018-06-09 15:30:27'),(317,'et','Dolores quis inventore qui. Quas assumenda tempore voluptas assumenda dolor.','books/2.jpg',50,758,'2018-06-09 15:30:27','2018-06-09 15:30:27'),(318,'officiis','Sunt odit consequuntur doloribus iusto debitis culpa. Ipsum dicta aut quae porro doloribus voluptatem iste.','books/1.jpg',22,458,'2018-06-09 15:30:27','2018-06-09 15:30:27'),(319,'voluptatum','Tempora numquam qui maxime occaecati excepturi est. Modi aperiam autem voluptatem voluptatem. Eos nobis aperiam aut et rerum architecto.','books/2.jpg',33,74,'2018-06-09 15:30:27','2018-06-09 15:30:27'),(320,'voluptatem','Suscipit quam tempora eum a. Ad sunt impedit ipsa. Dolores libero ut dolores voluptatibus dolor.','books/6.jpg',2,597,'2018-06-09 15:30:27','2018-06-09 15:30:27'),(321,'sit','Qui blanditiis doloremque molestiae est nihil quisquam quis omnis. Reiciendis et qui aut accusantium quas voluptate qui.','books/1.jpg',47,630,'2018-06-09 15:30:27','2018-06-09 15:30:27'),(322,'dolor','Nobis dolor maxime aut et quo qui. In ut natus aut eum odit dolor.','books/1.jpg',26,259,'2018-06-09 15:30:27','2018-06-09 15:30:27'),(323,'illo','Nesciunt adipisci natus non porro dignissimos voluptatem. Nobis animi rerum ut debitis cupiditate neque. Explicabo ratione autem eum occaecati optio fugiat reiciendis.','books/5.jpg',35,228,'2018-06-09 15:30:27','2018-06-09 15:30:27'),(324,'inventore','Esse quam voluptatum et aut iusto perspiciatis. Explicabo sit saepe rerum atque temporibus cum. Sequi magnam enim in alias.','books/4.jpg',10,405,'2018-06-09 15:30:28','2018-06-09 15:30:28'),(325,'non','Voluptate voluptas saepe consequuntur qui. Ut quam ea dolorem commodi culpa nulla et aut.','books/3.jpg',33,11,'2018-06-09 15:30:28','2018-06-09 15:30:28'),(326,'ullam','Error et vero harum consequatur aut aut. Iure laboriosam quod est et debitis. Hic quisquam beatae nostrum delectus.','books/8.jpg',15,557,'2018-06-09 15:30:28','2018-06-09 15:30:28'),(327,'velit','Nihil iusto veritatis et. Perferendis fugit et alias sit omnis velit.','books/4.jpg',34,771,'2018-06-09 15:30:28','2018-06-09 15:30:28'),(328,'error','Dolorem architecto cumque aut delectus. Velit quibusdam asperiores et.','books/7.jpg',7,96,'2018-06-09 15:30:28','2018-06-09 15:30:28'),(329,'voluptas','Voluptas corrupti repudiandae deleniti ullam voluptatem consequuntur. Incidunt quaerat commodi est consequatur nihil qui autem.','books/5.jpg',23,426,'2018-06-09 15:30:28','2018-06-09 15:30:28'),(330,'quia','Est libero distinctio libero qui. Consectetur dolore debitis qui qui doloribus necessitatibus.','books/no_book_image.jpg',34,534,'2018-06-09 15:30:28','2018-06-09 15:30:28'),(331,'molestiae','Voluptate non porro minima quis aut quasi itaque. Voluptas maxime necessitatibus et nam nihil minus et. Eaque placeat hic repudiandae perspiciatis.','books/3.jpg',50,827,'2018-06-09 15:30:28','2018-06-09 15:30:28'),(332,'ut','Consequatur nihil accusantium consequatur. Necessitatibus reiciendis voluptatum sed consequatur.','books/7.jpg',31,539,'2018-06-09 15:30:28','2018-06-09 15:30:28'),(333,'delectus','Aut consequatur rem sit deserunt a alias autem. Eius vero laborum repellendus aperiam sequi cupiditate molestiae modi. Et dolorum quasi ut minima quo incidunt.','books/5.jpg',23,357,'2018-06-09 15:30:28','2018-06-09 15:30:28'),(334,'dicta','Omnis et facilis aperiam ea. Culpa nesciunt consequatur voluptatem voluptatibus et. Natus nulla at et nihil recusandae error totam.','books/3.jpg',16,999,'2018-06-09 15:30:28','2018-06-09 15:30:28'),(335,'ut','Adipisci consequatur quia minus consequatur qui. Labore quibusdam voluptatem qui.','books/8.jpg',26,611,'2018-06-09 15:30:28','2018-06-09 15:30:28'),(336,'voluptas','Molestias voluptatem nulla occaecati placeat magnam fuga. Quisquam velit non sequi minus nisi et. A voluptas veritatis et ipsam.','books/no_book_image.jpg',2,407,'2018-06-09 15:30:28','2018-06-09 15:30:28'),(337,'blanditiis','Nam inventore possimus commodi maxime. Deleniti in dolore nihil dolor. Laudantium dolorem numquam error cupiditate veritatis ipsa.','books/6.jpg',39,84,'2018-06-09 15:30:28','2018-06-09 15:30:28'),(338,'non','Et alias nesciunt ut sed. Voluptatibus quia impedit dicta quisquam. Magni quam fuga qui fugit ea odit sit.','books/1.jpg',1,1000,'2018-06-09 15:30:28','2018-06-09 15:30:28'),(339,'laboriosam','Repellat qui sint eos voluptatem. Beatae vel distinctio ipsam voluptatem atque omnis.','books/6.jpg',27,243,'2018-06-09 15:30:28','2018-06-09 15:30:28'),(340,'et','Consequatur culpa enim id. Ut quo voluptas at dolorem qui. Libero architecto ipsum vel sint ut ut.','books/no_book_image.jpg',40,202,'2018-06-09 15:30:28','2018-06-09 15:30:28'),(341,'quae','Quasi ducimus qui nostrum hic facilis vel. Eaque et qui saepe est eum.','books/7.jpg',8,802,'2018-06-09 15:30:28','2018-06-09 15:30:28'),(342,'et','Recusandae dolorem cupiditate unde eveniet non totam assumenda. Quae voluptate ab perferendis quod voluptates et ipsa.','books/6.jpg',34,538,'2018-06-09 15:30:28','2018-06-09 15:30:28'),(343,'ut','Sed quidem asperiores dolores et. Praesentium aspernatur quasi aperiam nihil veritatis quidem.','books/3.jpg',21,657,'2018-06-09 15:30:28','2018-06-09 15:30:28'),(344,'facere','Quisquam amet voluptatem necessitatibus et dolor adipisci eveniet. Iusto voluptas illum fugit alias hic explicabo animi.','books/8.jpg',11,372,'2018-06-09 15:30:28','2018-06-09 15:30:28'),(345,'eveniet','Fugiat et et est modi enim similique. Porro voluptatibus aliquid est rerum.','books/4.jpg',31,599,'2018-06-09 15:30:28','2018-06-09 15:30:28'),(346,'minus','Enim ratione error voluptate vitae nostrum qui. Distinctio accusamus sed et nobis assumenda. Explicabo perferendis est qui sunt.','books/no_book_image.jpg',36,154,'2018-06-09 15:30:28','2018-06-09 15:30:28'),(347,'similique','Suscipit quis explicabo consequatur numquam placeat accusantium. Aut vero quia ullam at fuga odit provident. Velit magnam quis explicabo ab qui.','books/2.jpg',43,904,'2018-06-09 15:30:28','2018-06-09 15:30:28'),(348,'et','Libero iusto et et iure ex. Et in ut aut ipsum provident fugiat. Aut dicta voluptas quia beatae et exercitationem.','books/5.jpg',29,420,'2018-06-09 15:30:28','2018-06-09 15:30:28'),(349,'tenetur','Doloremque aliquid voluptatum velit laudantium aliquam. Illo voluptate nam laboriosam eos et rerum. Incidunt repellat ullam optio quia illum.','books/3.jpg',11,481,'2018-06-09 15:30:29','2018-06-09 15:30:29'),(350,'optio','Est ut ratione iure sint in. Consequuntur hic modi quod facilis et explicabo placeat. Similique sunt et magnam aut dolorem sint voluptatum.','books/5.jpg',3,425,'2018-06-09 15:30:29','2018-06-09 15:30:29'),(351,'sit','Sint rerum voluptas vel a voluptas quos. Sequi voluptatibus eum saepe dolores voluptatibus ea.','books/no_book_image.jpg',10,290,'2018-06-09 15:30:29','2018-06-09 15:30:29'),(352,'quas','Aut dolorum quibusdam eos quo occaecati facilis sit. Repellat omnis deserunt similique corrupti magni.','books/8.jpg',11,322,'2018-06-09 15:30:29','2018-06-09 15:30:29'),(353,'laudantium','Vel aut aperiam voluptas. Odit fugiat ut enim laudantium illo ducimus voluptas non.','books/5.jpg',1,6,'2018-06-09 15:30:29','2018-06-09 15:30:29'),(354,'vel','Enim corrupti et nemo facere expedita voluptatem. Nulla voluptate aut cum repellendus sint neque.','books/2.jpg',34,71,'2018-06-09 15:30:29','2018-06-09 15:30:29'),(355,'rerum','Est hic reiciendis mollitia sit nostrum quas aut aut. Doloribus placeat eveniet architecto vel et rerum dignissimos.','books/1.jpg',3,783,'2018-06-09 15:30:29','2018-06-09 15:30:29'),(356,'accusantium','Quaerat quos molestiae modi. Nostrum minus illo rem qui rerum culpa unde.','books/7.jpg',3,989,'2018-06-09 15:30:29','2018-06-09 15:30:29'),(357,'impedit','Asperiores fugit alias consequatur neque expedita aut enim. Laborum ut similique consequatur porro harum. Dolore earum voluptatem ut.','books/2.jpg',11,493,'2018-06-09 15:30:29','2018-06-09 15:30:29'),(358,'et','Quasi quas et fugit consequatur est architecto. Ipsam quia et quia. Sapiente laboriosam dignissimos optio beatae in dolorum aut.','books/3.jpg',47,735,'2018-06-09 15:30:29','2018-06-09 15:30:29'),(359,'alias','Ipsum sed consequatur harum temporibus fuga veniam commodi corrupti. Laudantium repudiandae voluptatem sequi. Labore et atque voluptate iste.','books/4.jpg',29,306,'2018-06-09 15:30:29','2018-06-09 15:30:29'),(360,'temporibus','Quis et accusamus est dignissimos numquam recusandae. Quisquam maiores qui dolores autem quam ut provident. Non blanditiis ducimus libero cum enim.','books/1.jpg',22,464,'2018-06-09 15:30:29','2018-06-09 15:30:29'),(361,'vel','Pariatur ut et quia velit magnam dolorem dicta necessitatibus. Molestias reprehenderit expedita cum inventore atque odit. Voluptatum delectus suscipit sunt autem laborum rerum dolor.','books/8.jpg',22,382,'2018-06-09 15:30:29','2018-06-09 15:30:29'),(362,'dolorum','Labore consequatur blanditiis tenetur fugit placeat. Et aut ut non inventore excepturi ut.','books/4.jpg',14,626,'2018-06-09 15:30:29','2018-06-09 15:30:29'),(363,'id','Consequatur impedit aut tenetur temporibus ut sunt. In aliquam maxime deleniti. Hic illum illum accusantium.','books/4.jpg',8,765,'2018-06-09 15:30:29','2018-06-09 15:30:29'),(364,'ipsam','Mollitia natus aut tenetur iure dolor. Et nihil qui laudantium cum aliquid iste rerum. Voluptas dolore debitis quis provident.','books/2.jpg',36,834,'2018-06-09 15:30:30','2018-06-09 15:30:30'),(365,'cumque','Est ut sed placeat et quia voluptatem. Hic sint sint pariatur voluptatem quaerat et nihil. Tenetur ut nesciunt consequatur maiores.','books/no_book_image.jpg',26,881,'2018-06-09 15:30:30','2018-06-09 15:30:30'),(366,'vel','Ad architecto quas omnis facilis eligendi et. Nam quo impedit sed eius. Nam nobis labore molestias voluptas est eum harum.','books/8.jpg',25,186,'2018-06-09 15:30:30','2018-06-09 15:30:30'),(367,'sunt','Est quam quasi quam tenetur ipsam. Dolorem repellat voluptas quia sunt.','books/1.jpg',27,688,'2018-06-09 15:30:30','2018-06-09 15:30:30'),(368,'rem','Laudantium quo sed ut aut. Sit officiis perspiciatis unde quidem qui ut quidem commodi.','books/8.jpg',38,117,'2018-06-09 15:30:30','2018-06-09 15:30:30'),(369,'natus','Autem harum et tenetur nostrum aliquid fugit. Sint consequuntur odio voluptas beatae suscipit quisquam.','books/5.jpg',7,295,'2018-06-09 15:30:30','2018-06-09 15:30:30'),(370,'consequatur','Modi sit animi omnis voluptatem voluptas. Ut perferendis qui dolorem qui cumque rerum et.','books/8.jpg',30,33,'2018-06-09 15:30:30','2018-06-09 15:30:30'),(371,'sed','Praesentium et esse quisquam. Laudantium recusandae nulla quae reiciendis.','books/no_book_image.jpg',43,369,'2018-06-09 15:30:30','2018-06-09 15:30:30'),(372,'ducimus','Quis eos velit voluptates beatae explicabo vero iste. Et provident dolores earum mollitia voluptatem ad. Iusto labore consectetur ut eveniet sed.','books/1.jpg',11,643,'2018-06-09 15:30:30','2018-06-09 15:30:30'),(373,'voluptate','Aut perspiciatis nihil molestiae nostrum quod. Nihil est sit numquam illum amet aut vel. Aut inventore et nam eius.','books/6.jpg',24,861,'2018-06-09 15:30:30','2018-06-09 15:30:30'),(374,'sed','Omnis voluptas dolorem ad maxime velit a quia. Labore vero officiis quod porro voluptates. Asperiores officia qui distinctio iure ut nesciunt saepe.','books/6.jpg',23,51,'2018-06-09 15:30:30','2018-06-09 15:30:30'),(375,'qui','Consequatur molestias et ut a. Perferendis quod et quas accusamus. Optio et vel velit et.','books/5.jpg',37,566,'2018-06-09 15:30:30','2018-06-09 15:30:30'),(376,'est','Veritatis omnis eos qui commodi provident asperiores. Sit quaerat culpa et mollitia earum quisquam velit. Repudiandae ullam maiores quia aperiam vel et.','books/6.jpg',48,504,'2018-06-09 15:30:30','2018-06-09 15:30:30'),(377,'non','Sint molestiae ipsam rerum sunt. In qui suscipit nihil dolor ipsam similique.','books/3.jpg',46,873,'2018-06-09 15:30:30','2018-06-09 15:30:30'),(378,'voluptatem','Soluta porro sed vero necessitatibus laboriosam enim quia voluptatum. Modi facere deserunt ad dicta eos suscipit. Ut expedita asperiores suscipit expedita quis sed fugiat deserunt.','books/6.jpg',2,562,'2018-06-09 15:30:30','2018-06-09 15:30:30'),(379,'laborum','Quia veritatis rem quidem iure. Sed enim accusamus perspiciatis consectetur. Enim commodi eos beatae dolore corrupti qui sed.','books/3.jpg',38,624,'2018-06-09 15:30:30','2018-06-09 15:30:30'),(380,'quae','Rerum possimus qui doloribus est amet. Facilis aut qui et suscipit.','books/no_book_image.jpg',23,424,'2018-06-09 15:30:30','2018-06-09 15:30:30'),(381,'amet','Illum aliquam sit non et rerum tempora. Accusamus delectus est maiores laborum. Nihil voluptas maxime inventore veritatis.','books/4.jpg',13,100,'2018-06-09 15:30:31','2018-06-09 15:30:31'),(382,'optio','Temporibus voluptatem quibusdam repudiandae autem et. Debitis suscipit qui reiciendis nemo debitis esse ut.','books/1.jpg',49,567,'2018-06-09 15:30:31','2018-06-09 15:30:31'),(383,'voluptatem','Est et molestiae quae ut adipisci quia quam. Numquam aut ut qui. Quos molestiae et velit assumenda nisi quasi ut vitae.','books/8.jpg',50,522,'2018-06-09 15:30:31','2018-06-09 15:30:31'),(384,'repellat','Delectus suscipit nihil quia distinctio quasi possimus dolore nesciunt. Aut saepe repellendus dolores est tempore vero voluptate. Aut expedita qui consequatur consequuntur magni.','books/3.jpg',22,600,'2018-06-09 15:30:31','2018-06-09 15:30:31'),(385,'est','Voluptates quis earum molestias eos. Autem magnam ipsa non laudantium rem quia. Omnis vel maiores id.','books/3.jpg',31,3,'2018-06-09 15:30:31','2018-06-09 15:30:31'),(386,'modi','Enim necessitatibus nostrum aspernatur quia laboriosam eos ratione debitis. Molestiae animi nemo non eligendi molestias qui. Deleniti quia voluptatem aut sed rem.','books/6.jpg',46,829,'2018-06-09 15:30:31','2018-06-09 15:30:31'),(387,'aliquid','Id maiores consequatur quidem eum magnam. Consequatur consequatur est asperiores quia distinctio corrupti dolore.','books/2.jpg',49,357,'2018-06-09 15:30:31','2018-06-09 15:30:31'),(388,'est','Sit mollitia deserunt voluptatibus aperiam dolorem id provident illum. Et non facilis distinctio deserunt.','books/2.jpg',37,276,'2018-06-09 15:30:31','2018-06-09 15:30:31'),(389,'reiciendis','Veniam voluptatibus amet unde perspiciatis. Enim quia magnam itaque. Perspiciatis qui esse perferendis.','books/6.jpg',39,928,'2018-06-09 15:30:31','2018-06-09 15:30:31'),(390,'ut','Molestiae porro at ab id amet voluptatem. Sit minus rerum neque accusantium officiis. Ad rerum consequatur et at totam.','books/6.jpg',17,490,'2018-06-09 15:30:31','2018-06-09 15:30:31'),(391,'debitis','Quo ab in molestiae similique est consequuntur iste. Ut ut ut incidunt.','books/7.jpg',39,338,'2018-06-09 15:30:31','2018-06-09 15:30:31'),(392,'ut','Cumque voluptates praesentium culpa dolor. Et mollitia corporis occaecati assumenda. Exercitationem et omnis nisi eaque amet.','books/6.jpg',47,21,'2018-06-09 15:30:31','2018-06-09 15:30:31'),(393,'molestiae','Et perferendis non velit quis facere quasi praesentium. Facere nulla rerum aliquam quis. Quia eaque est quia non.','books/8.jpg',6,171,'2018-06-09 15:30:31','2018-06-09 15:30:31'),(394,'nostrum','Repudiandae aspernatur illum expedita illo dolores voluptatibus eveniet. Fugit quo dolor voluptas quos voluptates debitis dolor.','books/8.jpg',48,869,'2018-06-09 15:30:31','2018-06-09 15:30:31'),(395,'qui','Incidunt vitae vitae explicabo aut neque est veniam corporis. Ea sunt tempore dolor.','books/6.jpg',36,541,'2018-06-09 15:30:31','2018-06-09 15:30:31'),(396,'qui','Et non magni autem dignissimos occaecati quae. Distinctio repudiandae ipsum asperiores reprehenderit odio. Accusantium aut sapiente cupiditate laboriosam eum delectus placeat.','books/6.jpg',37,364,'2018-06-09 15:30:31','2018-06-09 15:30:31'),(397,'eveniet','Corrupti sit animi dolor natus. Porro autem culpa tenetur consectetur quia maxime.','books/1.jpg',44,916,'2018-06-09 15:30:31','2018-06-09 15:30:31'),(398,'aut','Eveniet fugiat velit vitae. Unde praesentium fuga delectus amet. Qui est dicta dolorem eos mollitia qui minima.','books/8.jpg',11,750,'2018-06-09 15:30:31','2018-06-09 15:30:31'),(399,'quae','Consequatur hic laboriosam ipsum est omnis veniam. Atque soluta laboriosam dolores et facilis ad. Quos consequatur harum iste cupiditate corrupti dolores omnis.','books/no_book_image.jpg',26,347,'2018-06-09 15:30:31','2018-06-09 15:30:31'),(400,'nostrum','Accusamus et cum perspiciatis est voluptas inventore. Dicta aut minima suscipit sed tempore. Magnam distinctio repudiandae accusamus rerum voluptatem.','books/4.jpg',16,328,'2018-06-09 15:30:31','2018-06-09 15:30:31'),(401,'qui','Sed voluptatibus expedita vitae et. Inventore sunt corporis laboriosam iusto ratione.','books/5.jpg',39,518,'2018-06-09 15:30:31','2018-06-09 15:30:31'),(402,'accusantium','Saepe voluptas nobis ad eius excepturi ipsa dolores. Nihil molestiae necessitatibus sit a omnis voluptates quo iusto. Magni dolores ut ducimus nobis.','books/8.jpg',7,770,'2018-06-09 15:30:31','2018-06-09 15:30:31'),(403,'labore','Dignissimos vel in aut. Id ea voluptas in sint voluptas hic.','books/5.jpg',31,936,'2018-06-09 15:30:31','2018-06-09 15:30:31'),(404,'veniam','Rerum iste non autem ut ea consequatur explicabo. Et quo natus dolor veritatis ut qui laudantium. Voluptates blanditiis nobis numquam est exercitationem.','books/7.jpg',5,539,'2018-06-09 15:30:32','2018-06-09 15:30:32'),(405,'quos','Fugiat tenetur pariatur alias aut sint doloremque. Aut sed minima temporibus facere autem officiis cupiditate.','books/3.jpg',25,865,'2018-06-09 15:30:32','2018-06-09 15:30:32'),(406,'expedita','Maiores iure quia in occaecati asperiores cupiditate ea. Vel harum consequuntur est facere.','books/1.jpg',33,24,'2018-06-09 15:30:32','2018-06-09 15:30:32'),(407,'esse','Ducimus quo est quia reprehenderit. Molestiae aspernatur magnam velit impedit voluptatibus.','books/no_book_image.jpg',32,886,'2018-06-09 15:30:32','2018-06-09 15:30:32'),(408,'et','Aliquid voluptas explicabo cumque est vel quo rerum aut. Neque fugit iusto ipsum. Hic ea saepe id vitae consequatur aspernatur.','books/5.jpg',38,589,'2018-06-09 15:30:32','2018-06-09 15:30:32'),(409,'vel','Aliquid maxime aut aspernatur libero. Perspiciatis impedit vitae adipisci fugit.','books/2.jpg',49,245,'2018-06-09 15:30:32','2018-06-09 15:30:32'),(410,'iusto','Ea sequi velit et non quas eaque voluptatibus placeat. Perspiciatis id est et eius eos qui quia dicta.','books/1.jpg',34,204,'2018-06-09 15:30:32','2018-06-09 15:30:32'),(411,'ipsam','Sint vero quia vitae voluptatem. Molestiae ratione voluptas nemo. Quaerat aut molestias minus dolorem qui autem.','books/5.jpg',1,966,'2018-06-09 15:30:32','2018-06-09 15:30:32'),(412,'assumenda','Sunt aliquam in distinctio alias nulla autem laudantium. Enim sed iure odit earum alias.','books/6.jpg',46,922,'2018-06-09 15:30:32','2018-06-09 15:30:32'),(413,'et','Cupiditate iste ad ratione sed soluta voluptatem. Reprehenderit nobis consequatur sint dolores officiis exercitationem.','books/4.jpg',23,167,'2018-06-09 15:30:32','2018-06-09 15:30:32'),(414,'harum','Perferendis aut quia sint facilis aliquam ipsam. Quia magnam illo saepe temporibus.','books/8.jpg',45,256,'2018-06-09 15:30:32','2018-06-09 15:30:32'),(415,'et','Doloribus quia aut quod et necessitatibus. Consequatur harum quam ut voluptas.','books/1.jpg',24,763,'2018-06-09 15:30:32','2018-06-09 15:30:32'),(416,'ducimus','Molestias repellat blanditiis officia consequuntur consequuntur. Harum a iusto ad aut ratione.','books/no_book_image.jpg',10,149,'2018-06-09 15:30:32','2018-06-09 15:30:32'),(417,'libero','Vero quis exercitationem nostrum. Atque aut ut est rem consequuntur dolorem. Vero aut rem nostrum assumenda earum sint beatae ut.','books/1.jpg',31,238,'2018-06-09 15:30:32','2018-06-09 15:30:32'),(418,'voluptatum','Et distinctio sed et non ut. Assumenda pariatur aut libero impedit et id accusantium.','books/1.jpg',8,550,'2018-06-09 15:30:32','2018-06-09 15:30:32'),(419,'pariatur','Aut consequatur dolorem incidunt autem atque et assumenda quae. Dolores inventore quae blanditiis libero molestiae.','books/4.jpg',45,260,'2018-06-09 15:30:32','2018-06-09 15:30:32'),(420,'quisquam','Iusto ab quisquam vel nihil. Rerum ea officiis harum quibusdam consequatur molestias animi ratione.','books/3.jpg',6,959,'2018-06-09 15:30:32','2018-06-09 15:30:32'),(421,'recusandae','Quis et excepturi architecto occaecati est. Delectus itaque sint repellendus adipisci odio doloremque.','books/6.jpg',27,47,'2018-06-09 15:30:32','2018-06-09 15:30:32'),(422,'voluptatibus','Velit necessitatibus et doloremque at ut. Quia repellendus sit veniam veritatis.','books/5.jpg',25,964,'2018-06-09 15:30:32','2018-06-09 15:30:32'),(423,'commodi','Porro in at est perspiciatis. Ducimus in repellendus sit debitis suscipit repellat pariatur iusto.','books/no_book_image.jpg',33,414,'2018-06-09 15:30:32','2018-06-09 15:30:32'),(424,'tempora','Excepturi quis dolores voluptates aut quae placeat quidem hic. Omnis vitae ut qui a sequi. Nam enim et cum iste.','books/3.jpg',23,246,'2018-06-09 15:30:33','2018-06-09 15:30:33'),(425,'pariatur','Et ipsum quas porro nesciunt ut. Quia quis et qui dolorem et laborum deleniti modi. Asperiores corrupti sint reprehenderit.','books/6.jpg',37,796,'2018-06-09 15:30:33','2018-06-09 15:30:33'),(426,'necessitatibus','Non rerum maiores quo molestiae qui et sunt veritatis. Aut vitae sint non quo. Et quia ut id optio.','books/no_book_image.jpg',19,671,'2018-06-09 15:30:33','2018-06-09 15:30:33'),(427,'expedita','Possimus sit eius rerum maxime expedita veniam quia et. Quia molestiae nemo asperiores.','books/8.jpg',18,61,'2018-06-09 15:30:33','2018-06-09 15:30:33'),(428,'vitae','Et tenetur dolore eius vel dolor veritatis aspernatur et. Ad qui hic ut cumque velit quia illo.','books/2.jpg',2,515,'2018-06-09 15:30:33','2018-06-09 15:30:33'),(429,'id','Vitae tempore corporis animi totam sit sequi suscipit. In et voluptatem assumenda et perferendis.','books/7.jpg',7,53,'2018-06-09 15:30:33','2018-06-09 15:30:33'),(430,'omnis','Aspernatur amet numquam occaecati est. Est qui et voluptas esse.','books/8.jpg',17,376,'2018-06-09 15:30:33','2018-06-09 15:30:33'),(431,'dolorum','Rerum cum ut omnis natus velit. Ut dignissimos qui omnis quia consectetur dignissimos dolorem.','books/2.jpg',17,575,'2018-06-09 15:30:33','2018-06-09 15:30:33'),(432,'qui','Quidem voluptatem quo voluptatem omnis eum maiores enim. Aliquid odio earum voluptatum labore aut qui fugiat. Itaque odio distinctio vero sed voluptas veniam.','books/5.jpg',14,883,'2018-06-09 15:30:33','2018-06-09 15:30:33'),(433,'sed','Dolorem nihil officiis ullam alias. Enim ipsam non voluptas.','books/6.jpg',4,799,'2018-06-09 15:30:33','2018-06-09 15:30:33'),(434,'tempore','Hic voluptas qui earum iste qui quaerat ratione. Occaecati id sequi voluptas at qui nostrum eveniet.','books/8.jpg',44,333,'2018-06-09 15:30:33','2018-06-09 15:30:33'),(435,'delectus','Sit veniam voluptatum voluptatem quo commodi. Nulla excepturi qui ut non suscipit sunt. Sapiente explicabo voluptas quis temporibus.','books/8.jpg',8,677,'2018-06-09 15:30:33','2018-06-09 15:30:33'),(436,'veniam','Maiores fuga fugit et. Quia nisi fugiat aut soluta sunt dignissimos corporis exercitationem. Et ut dolores officiis pariatur rerum quas aperiam.','books/1.jpg',19,627,'2018-06-09 15:30:33','2018-06-09 15:30:33'),(437,'fugiat','Ipsam dignissimos porro veritatis et eum. Cupiditate mollitia asperiores dolores dolorem officiis quos modi.','books/2.jpg',8,703,'2018-06-09 15:30:33','2018-06-09 15:30:33'),(438,'necessitatibus','Saepe nam eum vitae aut dolore voluptatibus sed magnam. Corporis ut rerum fugiat repudiandae.','books/4.jpg',2,87,'2018-06-09 15:30:33','2018-06-09 15:30:33'),(439,'aut','In quaerat porro animi expedita. Sit maxime vero aut incidunt eveniet dolorem asperiores.','books/8.jpg',20,759,'2018-06-09 15:30:33','2018-06-09 15:30:33'),(440,'qui','Id veniam perspiciatis nemo est repellendus. Veniam rerum qui sit excepturi eum.','books/5.jpg',25,134,'2018-06-09 15:30:33','2018-06-09 15:30:33'),(441,'dolorem','Reprehenderit itaque vel molestiae voluptas quae perspiciatis. Saepe ducimus odio dicta et est ipsa voluptas sunt.','books/2.jpg',29,186,'2018-06-09 15:30:33','2018-06-09 15:30:33'),(442,'vitae','Sed quia dolorem nihil ducimus et aperiam sunt. Atque aut a perspiciatis dicta quia consequatur.','books/1.jpg',40,353,'2018-06-09 15:30:33','2018-06-09 15:30:33'),(443,'quia','Labore et mollitia molestias qui et maxime dolorum. Ut omnis beatae accusantium dolor.','books/2.jpg',33,895,'2018-06-09 15:30:34','2018-06-09 15:30:34'),(444,'qui','Veniam voluptatem aut cupiditate reiciendis aspernatur. Officia voluptates deleniti cumque dicta vero quia accusantium.','books/4.jpg',46,767,'2018-06-09 15:30:34','2018-06-09 15:30:34'),(445,'perferendis','Dicta possimus eum repellendus eum. Incidunt voluptatum culpa et dolore aut.','books/3.jpg',27,163,'2018-06-09 15:30:34','2018-06-09 15:30:34'),(446,'nobis','Nulla ea ducimus nulla in cumque. Error alias temporibus quasi quia animi qui. Suscipit odit cum ut sed accusantium.','books/7.jpg',18,693,'2018-06-09 15:30:34','2018-06-09 15:30:34'),(447,'architecto','Modi et architecto est consequatur. Dolor quo non quis consequatur quos voluptatibus consequuntur. Sunt veritatis sint aut consequatur perferendis eius.','books/7.jpg',33,562,'2018-06-09 15:30:34','2018-06-09 15:30:34'),(448,'esse','Amet unde vel et repellat ex aut. Omnis modi autem labore non ipsa quas.','books/no_book_image.jpg',41,706,'2018-06-09 15:30:34','2018-06-09 15:30:34'),(449,'aut','Velit non quidem nobis accusantium. Non aliquam vitae magnam expedita consequatur quidem qui.','books/6.jpg',41,136,'2018-06-09 15:30:34','2018-06-09 15:30:34'),(450,'sint','Magnam fugiat aut perspiciatis dolorem ratione. Est temporibus dolores quia dolores blanditiis. Consectetur ut velit dolorum mollitia est nihil quisquam.','books/7.jpg',14,887,'2018-06-09 15:30:34','2018-06-09 15:30:34'),(451,'tempore','Temporibus vitae ut aut blanditiis. Assumenda quia ut perspiciatis est omnis rerum. Nobis voluptas voluptas qui illo officiis.','books/7.jpg',37,393,'2018-06-09 15:30:34','2018-06-09 15:30:34'),(452,'est','Commodi officia ratione ipsam sit voluptate saepe. Libero qui cupiditate ab enim autem ut ut nisi.','books/4.jpg',25,694,'2018-06-09 15:30:34','2018-06-09 15:30:34'),(453,'fuga','Sed nulla nostrum voluptas est nulla. Sequi sit officiis non eos consectetur quaerat quia. Distinctio magni voluptas et.','books/3.jpg',48,883,'2018-06-09 15:30:34','2018-06-09 15:30:34'),(454,'repellat','Adipisci omnis harum nostrum facere totam consequuntur. Praesentium provident blanditiis est ea non.','books/6.jpg',47,188,'2018-06-09 15:30:34','2018-06-09 15:30:34'),(455,'vel','Nostrum ipsum reiciendis harum ipsa. Doloribus repellendus est doloremque repellendus dolores reiciendis qui illum.','books/5.jpg',13,120,'2018-06-09 15:30:34','2018-06-09 15:30:34'),(456,'earum','Consequatur rerum ea amet distinctio ipsa et aut. Ut et eum et veritatis vitae.','books/8.jpg',32,208,'2018-06-09 15:30:34','2018-06-09 15:30:34'),(457,'quia','Cum quia dicta enim ut aperiam deleniti deserunt in. Qui iure ad labore quia. Sed et quae est eum.','books/5.jpg',24,984,'2018-06-09 15:30:34','2018-06-09 15:30:34'),(458,'illum','Omnis nobis consequuntur ipsam iste omnis deserunt doloribus. Nihil mollitia totam laboriosam perferendis ut veniam est.','books/8.jpg',36,497,'2018-06-09 15:30:34','2018-06-09 15:30:34'),(459,'aut','Saepe perferendis eos omnis reiciendis. Placeat dolores ut assumenda quo atque.','books/3.jpg',12,407,'2018-06-09 15:30:34','2018-06-09 15:30:34'),(460,'illo','Velit qui quaerat quia vel. Sit voluptatibus veritatis vel sint. Aut reiciendis vel quis quia non rem.','books/3.jpg',37,616,'2018-06-09 15:30:34','2018-06-09 15:30:34'),(461,'totam','Nihil libero a molestias. Amet voluptatibus rerum officiis iste rem numquam qui. Vero sint modi qui.','books/8.jpg',23,219,'2018-06-09 15:30:34','2018-06-09 15:30:34'),(462,'aut','Voluptas hic cum a et dolores. Sunt veniam et vitae sit. Illo eos provident rem ut cumque repellat autem.','books/7.jpg',42,35,'2018-06-09 15:30:35','2018-06-09 15:30:35'),(463,'vero','Nemo et voluptas voluptatem in deleniti dolorem amet. Nobis sit omnis ut dolor cum in. Adipisci laudantium nesciunt ut sit consequuntur iure.','books/1.jpg',20,557,'2018-06-09 15:30:35','2018-06-09 15:30:35'),(464,'quo','Voluptas laboriosam ut eius esse non. Rerum esse eius adipisci.','books/6.jpg',14,67,'2018-06-09 15:30:35','2018-06-09 15:30:35'),(465,'enim','Non dolore aut error veniam sed est modi illum. Voluptates nisi doloremque praesentium quibusdam. Possimus laudantium temporibus eos totam est.','books/6.jpg',19,896,'2018-06-09 15:30:35','2018-06-09 15:30:35'),(466,'in','Et quam placeat cupiditate qui. Eum aut ut ut aliquam et.','books/4.jpg',33,888,'2018-06-09 15:30:35','2018-06-09 15:30:35'),(467,'illum','Omnis est voluptas debitis ut libero repellendus. Ipsam illo soluta sit impedit ad omnis.','books/6.jpg',45,286,'2018-06-09 15:30:35','2018-06-09 15:30:35'),(468,'facilis','Voluptatibus non aut sit sed laboriosam. Sapiente aut velit et inventore.','books/6.jpg',46,147,'2018-06-09 15:30:35','2018-06-09 15:30:35'),(469,'dolorum','Voluptatem perspiciatis et vitae. In quod quas ea dolorum. Quis animi a aliquam ea dolores.','books/8.jpg',16,345,'2018-06-09 15:30:35','2018-06-09 15:30:35'),(470,'temporibus','Porro at perspiciatis illo ratione dignissimos dicta totam. Iure voluptatem quia est voluptas incidunt aperiam. Quo autem sunt aut atque eius et.','books/5.jpg',45,17,'2018-06-09 15:30:35','2018-06-09 15:30:35'),(471,'aliquam','Qui harum fugiat est quos. Vel voluptas ut provident ex.','books/1.jpg',44,744,'2018-06-09 15:30:35','2018-06-09 15:30:35'),(472,'magni','Qui nemo eligendi beatae aut aut. Aut magni id aperiam aut. Temporibus et ipsa corrupti aut ipsa quas labore.','books/2.jpg',7,277,'2018-06-09 15:30:35','2018-06-09 15:30:35'),(473,'est','Illum exercitationem et pariatur ea laudantium laudantium. Rerum excepturi qui eum voluptatibus est in. Fuga similique ea veniam et.','books/6.jpg',39,154,'2018-06-09 15:30:35','2018-06-09 15:30:35'),(474,'quis','Sed dolorum qui asperiores. Qui ratione totam aperiam ab dolorem facere hic.','books/6.jpg',28,1000,'2018-06-09 15:30:35','2018-06-09 15:30:35'),(475,'quo','Dolores repellat ipsum et accusamus. Quia est laborum placeat et quia sapiente earum eum.','books/2.jpg',32,591,'2018-06-09 15:30:35','2018-06-09 15:30:35'),(476,'placeat','Est sunt deleniti quisquam voluptatem optio nobis. Amet est aliquid sint cupiditate odit autem. Autem commodi exercitationem corporis minus.','books/1.jpg',41,721,'2018-06-09 15:30:36','2018-06-09 15:30:36'),(477,'et','Consectetur est corrupti ut tempora totam non doloribus. Tempore distinctio est laboriosam facilis qui.','books/6.jpg',25,731,'2018-06-09 15:30:36','2018-06-09 15:30:36'),(478,'rerum','Sit ab reiciendis ad architecto eum. Fugit velit rerum numquam dolore iste.','books/4.jpg',47,561,'2018-06-09 15:30:36','2018-06-09 15:30:36'),(479,'velit','Eos eius non rerum voluptate aliquam adipisci. Blanditiis ad ratione adipisci accusamus ut fugiat laboriosam. Voluptate voluptas blanditiis quos eius aut corporis quia.','books/8.jpg',6,273,'2018-06-09 15:30:36','2018-06-09 15:30:36'),(480,'expedita','Aliquam cumque eligendi veritatis. Dolores voluptate distinctio sit aliquid fugiat ea nisi. Minima aperiam illo dolorem ut sit similique enim.','books/2.jpg',11,165,'2018-06-09 15:30:36','2018-06-09 15:30:36'),(481,'doloremque','Consequatur beatae et deserunt quaerat voluptas. Quibusdam nulla et ut eum. Rem maiores quae porro blanditiis velit.','books/5.jpg',27,60,'2018-06-09 15:30:36','2018-06-09 15:30:36'),(482,'sint','Ea illum vel sint dicta. Quia quasi aliquam iure provident et. Quod qui et sunt velit corrupti quia et maxime.','books/7.jpg',34,646,'2018-06-09 15:30:36','2018-06-09 15:30:36'),(483,'perferendis','Voluptatem aut sint ex eos officia maiores. Aperiam architecto dolore distinctio in tempore exercitationem aliquam.','books/2.jpg',27,418,'2018-06-09 15:30:36','2018-06-09 15:30:36'),(484,'quibusdam','Autem assumenda neque corrupti non perferendis. Magni sapiente rerum fugiat aut soluta optio voluptates eligendi. Ullam nobis est molestiae distinctio est alias.','books/5.jpg',12,130,'2018-06-09 15:30:36','2018-06-09 15:30:36'),(485,'eum','Officiis quia voluptatem accusamus est. Voluptas porro iure fugit voluptatum quis similique quisquam. Quae nulla adipisci ea similique.','books/8.jpg',35,180,'2018-06-09 15:30:36','2018-06-09 15:30:36'),(486,'molestiae','Nostrum tempore provident beatae dolor modi laudantium nobis. Ipsa cum quam rem velit dolor. Et similique molestiae qui.','books/5.jpg',21,642,'2018-06-09 15:30:36','2018-06-09 15:30:36'),(487,'quisquam','Nisi eaque maxime voluptatem voluptatem doloremque. Fugit beatae temporibus delectus ullam esse velit non quod.','books/3.jpg',47,249,'2018-06-09 15:30:36','2018-06-09 15:30:36'),(488,'debitis','Ducimus sed et in ullam. Quisquam quisquam quo corporis facilis. Occaecati aliquid voluptatem nam debitis quia.','books/8.jpg',16,581,'2018-06-09 15:30:36','2018-06-09 15:30:36'),(489,'amet','Corrupti alias velit quaerat at accusantium. Voluptates ut quas officia omnis mollitia sit non in.','books/4.jpg',9,516,'2018-06-09 15:30:36','2018-06-09 15:30:36'),(490,'unde','Voluptas sunt ea et natus beatae culpa. Ut nemo reprehenderit autem est cupiditate ea. Sint recusandae ducimus earum doloremque.','books/no_book_image.jpg',26,434,'2018-06-09 15:30:37','2018-06-09 15:30:37'),(491,'ipsa','Aliquid in neque eum pariatur itaque praesentium. Rerum quos maiores nesciunt consequatur adipisci.','books/no_book_image.jpg',3,63,'2018-06-09 15:30:37','2018-06-09 15:30:37'),(492,'blanditiis','Magnam voluptates consequatur sit magnam quo non. Quod error consequatur illum rerum earum.','books/8.jpg',46,36,'2018-06-09 15:30:37','2018-06-09 15:30:37'),(493,'accusamus','Veritatis qui animi quia consequuntur nemo veniam. Temporibus incidunt repudiandae consequatur eos veritatis reiciendis ut. Officiis ea odit dolores veniam quia.','books/8.jpg',4,637,'2018-06-09 15:30:37','2018-06-09 15:30:37'),(494,'omnis','Atque officiis perspiciatis et saepe velit vero. Quibusdam aperiam quis id. Atque non sunt excepturi nam.','books/7.jpg',28,963,'2018-06-09 15:30:37','2018-06-09 15:30:37'),(495,'temporibus','Consequatur natus saepe quo illum perferendis accusantium. Facere debitis exercitationem libero. Perferendis blanditiis alias et nobis.','books/6.jpg',40,158,'2018-06-09 15:30:37','2018-06-09 15:30:37'),(496,'eveniet','Possimus dolorem et iusto aperiam molestias a ut. Excepturi at libero velit deserunt laudantium minus eveniet.','books/5.jpg',33,179,'2018-06-09 15:30:37','2018-06-09 15:30:37'),(497,'culpa','Suscipit adipisci eveniet corporis et eum. Consequatur sequi non suscipit et. Ex excepturi velit ut voluptatibus sit enim.','books/5.jpg',24,859,'2018-06-09 15:30:37','2018-06-09 15:30:37'),(498,'voluptatem','Vitae tempore veritatis iure rerum explicabo minus. Asperiores numquam excepturi veritatis et id.','books/5.jpg',28,732,'2018-06-09 15:30:37','2018-06-09 15:30:37'),(499,'delectus','Et sint accusamus facere rerum possimus rerum placeat. Dignissimos dignissimos aut sit aut.','books/no_book_image.jpg',29,847,'2018-06-09 15:30:37','2018-06-09 15:30:37'),(500,'iste','Soluta pariatur sunt quam eius. Dolor harum fugiat ducimus consequuntur consequatur.','books/3.jpg',29,140,'2018-06-09 15:30:37','2018-06-09 15:30:37'),(501,'velit','Natus quam qui amet aperiam quia maiores harum. Est reprehenderit temporibus id nemo fugiat aut incidunt est.','books/3.jpg',19,416,'2018-06-09 15:30:37','2018-06-09 15:30:37'),(502,'autem','Amet et tempora mollitia et. Temporibus dolore reiciendis minus mollitia.','books/3.jpg',1,238,'2018-06-09 15:30:37','2018-06-09 15:30:37'),(503,'maxime','Magni est omnis consectetur laborum ut. Debitis qui eius mollitia aspernatur aliquam.','books/6.jpg',43,601,'2018-06-09 15:30:37','2018-06-09 15:30:37'),(504,'et','Labore vel possimus voluptatem autem qui ad voluptatibus amet. Rerum consequatur nisi aut est modi assumenda.','books/5.jpg',16,605,'2018-06-09 15:30:37','2018-06-09 15:30:37'),(505,'quidem','Distinctio dolorum voluptas odio nemo et. Voluptatum unde voluptas porro. Consequuntur explicabo provident ab sit in dolorem non.','books/2.jpg',5,334,'2018-06-09 15:30:37','2018-06-09 15:30:37'),(506,'cum','Sequi eum in quo soluta delectus aliquid dolores enim. Sit minus officia reprehenderit voluptatibus voluptatum similique hic voluptate. Sit id recusandae ut eos ipsa.','books/5.jpg',27,315,'2018-06-09 15:30:37','2018-06-09 15:30:37'),(507,'temporibus','Iusto culpa rerum est est iste. Reiciendis pariatur ut placeat.','books/5.jpg',26,788,'2018-06-09 15:30:37','2018-06-09 15:30:37'),(508,'rerum','Sed consequatur reiciendis voluptas quam quia fugit doloribus. Impedit dolores voluptatem quam.','books/4.jpg',47,956,'2018-06-09 15:30:37','2018-06-09 15:30:37'),(509,'non','Quasi quibusdam natus laboriosam ad laboriosam fugiat et. Atque et rem molestias dignissimos itaque autem. Unde accusamus aliquid qui laudantium.','books/4.jpg',2,972,'2018-06-09 15:30:37','2018-06-09 15:30:37'),(510,'possimus','Tempore sit in aliquid repellendus. Illo itaque quod minima.','books/3.jpg',6,773,'2018-06-09 15:30:37','2018-06-09 15:30:37'),(511,'eligendi','Voluptatem hic animi culpa ut. Temporibus enim nulla ut inventore vel laudantium quia.','books/2.jpg',28,216,'2018-06-09 15:30:38','2018-06-09 15:30:38'),(512,'suscipit','Saepe in ad corporis illum eos vero. Aut iure dolor tempora similique consequatur provident maxime explicabo. In voluptatem quia doloremque pariatur pariatur repudiandae molestiae qui.','books/5.jpg',2,845,'2018-06-09 15:30:38','2018-06-09 15:30:38'),(513,'voluptatum','Atque omnis dolore magnam sit placeat nam. Quia facilis dolorem non repellendus. Consequatur quibusdam eligendi sunt libero consectetur aliquid fuga voluptate.','books/1.jpg',26,810,'2018-06-09 15:30:38','2018-06-09 15:30:38'),(514,'quibusdam','Consequatur velit voluptas quaerat quis ut fugit eaque. Ipsa voluptate et doloremque veniam provident. Voluptatibus enim omnis vitae veritatis.','books/no_book_image.jpg',17,356,'2018-06-09 15:30:38','2018-06-09 15:30:38'),(515,'quo','Accusamus suscipit minima est ipsam id veritatis. Odio eveniet eum voluptatibus magni. Aut ut sequi iste ad ut voluptas a est.','books/no_book_image.jpg',39,505,'2018-06-09 15:30:38','2018-06-09 15:30:38'),(516,'necessitatibus','Provident recusandae recusandae eos quaerat aperiam nesciunt. Recusandae libero vero quidem. Omnis dolores nobis voluptatem illo praesentium qui.','books/6.jpg',43,684,'2018-06-09 15:30:38','2018-06-09 15:30:38'),(517,'et','Molestiae voluptatem perspiciatis totam perspiciatis esse. Autem est dolores qui consequuntur.','books/6.jpg',38,9,'2018-06-09 15:30:38','2018-06-09 15:30:38'),(518,'dolorem','Provident cupiditate consequatur odio molestiae odit atque. Omnis ducimus aspernatur ab vero. Aut id pariatur vitae quis mollitia hic consequatur.','books/no_book_image.jpg',47,750,'2018-06-09 15:30:38','2018-06-09 15:30:38'),(519,'vel','Nihil ut eveniet cumque. Est saepe sit atque iure et dolorem doloribus. Repudiandae maxime accusamus aliquid et ab.','books/4.jpg',42,907,'2018-06-09 15:30:38','2018-06-09 15:30:38'),(520,'numquam','Nisi molestiae nulla soluta sit distinctio sunt. Sit et et expedita culpa. Et eveniet sint dignissimos a ipsa quia.','books/2.jpg',26,254,'2018-06-09 15:30:38','2018-06-09 15:30:38'),(521,'saepe','Non eaque tempore rerum aut totam adipisci. Non sed ipsa praesentium sit consequuntur rerum et. Quia in quasi atque rerum dolorem assumenda itaque quo.','books/5.jpg',34,461,'2018-06-09 15:30:38','2018-06-09 15:30:38'),(522,'et','Dolorem libero accusamus aut temporibus. Et voluptate recusandae cum dolorum temporibus velit est.','books/2.jpg',29,354,'2018-06-09 15:30:38','2018-06-09 15:30:38'),(523,'sunt','Expedita recusandae culpa nesciunt laboriosam atque velit. Corporis alias et molestiae adipisci sed nam. Asperiores dicta doloremque placeat eum.','books/no_book_image.jpg',30,203,'2018-06-09 15:30:38','2018-06-09 15:30:38'),(524,'quia','Ipsa iusto commodi enim perferendis at. Quo illo dolor quia ipsam aut. Minus est ad asperiores nesciunt at non.','books/1.jpg',28,30,'2018-06-09 15:30:38','2018-06-09 15:30:38'),(525,'quo','Sit omnis illum fuga autem odit. Qui non et unde sunt cum eveniet debitis. Neque sit sed ut aut ipsum itaque tempore.','books/6.jpg',7,686,'2018-06-09 15:30:38','2018-06-09 15:30:38'),(526,'et','Repellat dolorum voluptatem voluptatem dolore vero voluptatem sapiente. Sint voluptatibus non eligendi sint aliquid. Numquam esse optio iusto dicta.','books/6.jpg',30,327,'2018-06-09 15:30:38','2018-06-09 15:30:38'),(527,'nobis','Quasi omnis eveniet error ullam. Aut ut non sunt cumque totam animi.','books/no_book_image.jpg',19,597,'2018-06-09 15:30:38','2018-06-09 15:30:38'),(528,'atque','Dolor dolor consequatur quia voluptatibus. Eveniet et aut ut est aut aut sed. Vero mollitia laudantium voluptatem.','books/8.jpg',20,106,'2018-06-09 15:30:38','2018-06-09 15:30:38'),(529,'qui','At aut magnam voluptatem. Voluptatem voluptates voluptas eaque rerum amet eos rerum.','books/5.jpg',22,808,'2018-06-09 15:30:38','2018-06-09 15:30:38'),(530,'placeat','Occaecati mollitia quod velit amet esse tempore repudiandae. Porro sint consequatur quam neque omnis et sit. Perferendis qui modi illum dolore reiciendis aut dignissimos.','books/5.jpg',16,586,'2018-06-09 15:30:38','2018-06-09 15:30:38'),(531,'illo','Quis qui veritatis necessitatibus aut maxime. Consectetur ea consectetur numquam tempore ut aut.','books/8.jpg',44,876,'2018-06-09 15:30:38','2018-06-09 15:30:38'),(532,'rem','Quia molestiae et tempore doloribus sint et iste. Quae amet ut blanditiis ad. Est enim dolorem consectetur voluptatibus labore incidunt.','books/7.jpg',37,333,'2018-06-09 15:30:38','2018-06-09 15:30:38'),(533,'iure','Quia et vel modi occaecati reprehenderit doloribus. Tenetur fugiat dolores natus assumenda. In quia possimus voluptatum.','books/8.jpg',44,654,'2018-06-09 15:30:38','2018-06-09 15:30:38'),(534,'autem','Reiciendis velit doloremque ut minus accusamus nostrum. Enim ut exercitationem eligendi.','books/5.jpg',43,455,'2018-06-09 15:30:38','2018-06-09 15:30:38'),(535,'eius','Ut quis veniam laborum voluptate. Voluptatem quaerat omnis est vel similique.','books/no_book_image.jpg',21,528,'2018-06-09 15:30:39','2018-06-09 15:30:39'),(536,'qui','Ut amet recusandae magnam ut sunt fugiat totam voluptatem. Exercitationem reprehenderit qui recusandae magni officia.','books/2.jpg',1,185,'2018-06-09 15:30:39','2018-06-09 15:30:39'),(537,'facilis','Quas beatae dolore et culpa voluptatem cupiditate. Dolores autem ad omnis nulla.','books/1.jpg',35,633,'2018-06-09 15:30:39','2018-06-09 15:30:39'),(538,'iusto','Quam fuga voluptates consequatur explicabo. Quasi minus quidem perspiciatis impedit quo unde sunt. Et eum veniam est quidem.','books/7.jpg',43,820,'2018-06-09 15:30:39','2018-06-09 15:30:39'),(539,'voluptas','Adipisci blanditiis quia provident et omnis aut. Et recusandae pariatur consectetur odit. Facilis consequatur libero consectetur iure.','books/3.jpg',35,679,'2018-06-09 15:30:39','2018-06-09 15:30:39'),(540,'ea','Ut mollitia deleniti ut est recusandae ut. Quaerat quis dolor autem voluptates. Dicta incidunt et rerum cumque voluptates.','books/1.jpg',32,796,'2018-06-09 15:30:39','2018-06-09 15:30:39'),(541,'labore','Qui et ut adipisci ex culpa. Quidem et aut aut est aperiam. Iure nulla et perferendis.','books/1.jpg',43,853,'2018-06-09 15:30:39','2018-06-09 15:30:39'),(542,'dolore','Vero quibusdam aliquid sunt architecto nemo aperiam. Ullam consequatur hic vitae placeat hic velit neque. Saepe quibusdam quis non commodi fugiat est.','books/6.jpg',39,792,'2018-06-09 15:30:39','2018-06-09 15:30:39'),(543,'sunt','Praesentium distinctio ipsam a voluptatum omnis nostrum. Et rerum et consequuntur. Ullam mollitia est sit laudantium est quo.','books/4.jpg',48,147,'2018-06-09 15:30:39','2018-06-09 15:30:39'),(544,'sit','Expedita et et odio ipsa. Non assumenda ut quasi eveniet sed quis quo.','books/7.jpg',41,990,'2018-06-09 15:30:39','2018-06-09 15:30:39'),(545,'quas','Mollitia inventore cumque voluptatem est minima qui. Ipsum possimus aut architecto numquam voluptatem.','books/5.jpg',47,551,'2018-06-09 15:30:39','2018-06-09 15:30:39'),(546,'tempora','Expedita vel sed dolores suscipit in. Nesciunt sit facere alias quam quidem maxime. Neque officia vel quis et sed quasi.','books/1.jpg',36,598,'2018-06-09 15:30:39','2018-06-09 15:30:39'),(547,'laudantium','Esse vel commodi amet magni aspernatur iure distinctio. Ut ut assumenda ipsa quo quo.','books/7.jpg',24,246,'2018-06-09 15:30:39','2018-06-09 15:30:39'),(548,'est','Qui sed ut quisquam eum. Earum voluptates quaerat architecto voluptatem ducimus perspiciatis. Dolorem quos voluptatum quos cum mollitia est reiciendis.','books/no_book_image.jpg',14,557,'2018-06-09 15:30:39','2018-06-09 15:30:39'),(549,'est','Sit necessitatibus est placeat officiis quaerat velit explicabo. Voluptas provident vero corrupti molestiae amet.','books/4.jpg',12,918,'2018-06-09 15:30:39','2018-06-09 15:30:39'),(550,'atque','Dignissimos ullam totam sint earum dolor. Inventore laudantium necessitatibus sit atque omnis optio odit.','books/6.jpg',25,21,'2018-06-09 15:30:39','2018-06-09 15:30:39'),(551,'consectetur','Sit asperiores dolor minima rem laudantium qui ratione. Enim possimus libero optio sit.','books/6.jpg',46,422,'2018-06-09 15:30:39','2018-06-09 15:30:39'),(552,'architecto','Accusantium dolorem molestiae voluptas unde. Quaerat eos aspernatur natus vel ipsam doloremque reprehenderit.','books/5.jpg',25,216,'2018-06-09 15:30:39','2018-06-09 15:30:39'),(553,'velit','Omnis voluptatem eius unde rerum sint cumque. Quia odit iure sequi et dolorem cumque. Natus autem a fugit tempore et quia.','books/4.jpg',17,476,'2018-06-09 15:30:39','2018-06-09 15:30:39'),(554,'odit','Alias eum voluptatem repellat. Animi in hic earum eaque in eligendi quod.','books/7.jpg',26,510,'2018-06-09 15:30:39','2018-06-09 15:30:39'),(555,'est','Nesciunt rerum perferendis laudantium in voluptatem sunt qui. Aut quo expedita praesentium. Reprehenderit beatae laudantium rem non facere nesciunt.','books/no_book_image.jpg',19,945,'2018-06-09 15:30:40','2018-06-09 15:30:40'),(556,'quas','Veniam ipsum sed cum est ratione. Et eum qui odio. Cumque quia animi dignissimos eum.','books/5.jpg',11,604,'2018-06-09 15:30:40','2018-06-09 15:30:40'),(557,'facere','Nisi autem ducimus voluptas in quasi. Quia quia eius est tempora veritatis. Porro et enim tempora fugit et quas laborum aperiam.','books/2.jpg',15,367,'2018-06-09 15:30:40','2018-06-09 15:30:40'),(558,'ab','Quia laborum perferendis odio quo. Quis possimus et voluptatibus corporis. Hic et quos minima velit rem.','books/6.jpg',45,375,'2018-06-09 15:30:40','2018-06-09 15:30:40'),(559,'modi','Aperiam voluptates voluptatem dolores nisi corrupti ullam. Ea autem voluptates nihil velit consequuntur modi quasi et. Et rem fugiat iure in.','books/3.jpg',2,555,'2018-06-09 15:30:40','2018-06-09 15:30:40'),(560,'id','Doloremque voluptate voluptatum nisi laudantium. Perferendis commodi quia dolores non. Rerum sunt sint aperiam dolor nam.','books/7.jpg',20,241,'2018-06-09 15:30:40','2018-06-09 15:30:40'),(561,'est','Ipsa officiis explicabo laborum corporis temporibus commodi nostrum. Aut consequatur praesentium deleniti temporibus consequatur asperiores sint. Quisquam officia pariatur reiciendis esse.','books/1.jpg',43,695,'2018-06-09 15:30:40','2018-06-09 15:30:40'),(562,'quia','Voluptatem soluta magnam nesciunt rerum provident error. Exercitationem quisquam dolorem eius ipsum.','books/4.jpg',38,207,'2018-06-09 15:30:40','2018-06-09 15:30:40'),(563,'ut','Quia ex cum vel nam. Beatae et perspiciatis magni exercitationem sint fuga impedit et. Non aut minima vero sunt sequi.','books/3.jpg',29,398,'2018-06-09 15:30:40','2018-06-09 15:30:40'),(564,'placeat','Voluptate voluptatum quam dolores illum deserunt quia inventore. Soluta consequatur nam cumque totam tempore assumenda et.','books/8.jpg',7,576,'2018-06-09 15:30:40','2018-06-09 15:30:40'),(565,'aut','Perspiciatis asperiores blanditiis voluptatem suscipit quasi. Alias ab vitae sequi est incidunt.','books/1.jpg',36,234,'2018-06-09 15:30:40','2018-06-09 15:30:40'),(566,'consequatur','Laboriosam ut animi exercitationem. Voluptatibus iste vitae eos qui debitis iste. Nisi omnis et inventore magnam ullam quae.','books/1.jpg',17,700,'2018-06-09 15:30:40','2018-06-09 15:30:40'),(567,'aut','Magnam placeat maxime soluta impedit. Aut ea enim nisi ea.','books/3.jpg',46,932,'2018-06-09 15:30:40','2018-06-09 15:30:40'),(568,'magnam','Ut corporis est omnis ut nihil. Animi est vel aut quasi voluptas. Qui odio repellendus alias repellendus.','books/1.jpg',4,933,'2018-06-09 15:30:40','2018-06-09 15:30:40'),(569,'amet','Vero delectus deleniti ut et. Doloribus esse unde cum quod maxime.','books/6.jpg',20,800,'2018-06-09 15:30:40','2018-06-09 15:30:40'),(570,'dignissimos','Ad quis quia qui assumenda molestias. Eos distinctio consequuntur error. Omnis non nihil fuga qui laborum omnis rem.','books/7.jpg',40,447,'2018-06-09 15:30:40','2018-06-09 15:30:40'),(571,'omnis','A nesciunt molestias laudantium blanditiis sint facilis consequatur aliquam. Quidem blanditiis dolorem eos et dolorem similique suscipit nobis.','books/6.jpg',16,515,'2018-06-09 15:30:40','2018-06-09 15:30:40'),(572,'quia','Qui sed sed magni id sequi eum molestiae. Et fuga perferendis voluptate quas. Inventore ut hic totam quia consequuntur recusandae autem.','books/6.jpg',29,639,'2018-06-09 15:30:40','2018-06-09 15:30:40'),(573,'veniam','Molestiae officia qui molestias quibusdam exercitationem. Et quo accusantium suscipit quia omnis fugit. Cupiditate aut ab quo itaque et sit.','books/8.jpg',47,632,'2018-06-09 15:30:40','2018-06-09 15:30:40'),(574,'totam','Eveniet id vel iste neque ipsam. Nisi architecto esse doloremque eum doloremque eos suscipit.','books/7.jpg',43,934,'2018-06-09 15:30:41','2018-06-09 15:30:41'),(575,'minima','Culpa aut animi sapiente rerum. Voluptatem neque et asperiores dicta enim dolores sit rerum.','books/8.jpg',19,709,'2018-06-09 15:30:41','2018-06-09 15:30:41'),(576,'fugit','Odio ut ex ex ut possimus reiciendis nihil. Ut et et velit quia et dolores est recusandae.','books/4.jpg',29,439,'2018-06-09 15:30:41','2018-06-09 15:30:41'),(577,'porro','Eius perferendis magni cupiditate atque. Eos quasi dolorem quae nobis et tenetur explicabo. Velit adipisci omnis quae iste occaecati est voluptatem laboriosam.','books/4.jpg',13,434,'2018-06-09 15:30:41','2018-06-09 15:30:41'),(578,'quas','Suscipit dolores magni et fuga voluptatibus eum corporis. Sit molestiae vel mollitia sint. Dignissimos aut odio ipsum.','books/6.jpg',50,950,'2018-06-09 15:30:41','2018-06-09 15:30:41'),(579,'cupiditate','Qui veniam incidunt non id ipsa. Corporis numquam vel eaque labore. Aut distinctio accusamus enim cum laborum quis totam.','books/1.jpg',39,390,'2018-06-09 15:30:41','2018-06-09 15:30:41'),(580,'vel','Totam et molestiae neque voluptas. Omnis consequatur minima autem maiores optio placeat architecto. Provident ut amet aut.','books/6.jpg',4,916,'2018-06-09 15:30:41','2018-06-09 15:30:41'),(581,'enim','Et non sint accusantium et perspiciatis quis. Est quisquam est quod qui ex non nihil maxime.','books/1.jpg',20,453,'2018-06-09 15:30:41','2018-06-09 15:30:41'),(582,'doloremque','Quaerat voluptas numquam est quia. Deleniti architecto qui quis laudantium cumque.','books/4.jpg',3,635,'2018-06-09 15:30:41','2018-06-09 15:30:41'),(583,'consequatur','Rerum adipisci explicabo aut voluptatum quidem qui. Recusandae dicta dolores omnis quo dolorum accusamus et aperiam. Pariatur quis voluptatem a qui et voluptas quas.','books/5.jpg',26,328,'2018-06-09 15:30:41','2018-06-09 15:30:41'),(584,'amet','Officia perspiciatis voluptatem possimus vitae numquam nisi. Eos illum cum distinctio sed et saepe.','books/7.jpg',16,44,'2018-06-09 15:30:41','2018-06-09 15:30:41'),(585,'non','Pariatur repellendus ut qui voluptatem cumque earum. Labore voluptatem autem modi qui nam ut illo.','books/8.jpg',26,637,'2018-06-09 15:30:41','2018-06-09 15:30:41'),(586,'animi','Sint facere quaerat cum. Rerum quis hic pariatur ea nihil enim et.','books/7.jpg',2,40,'2018-06-09 15:30:41','2018-06-09 15:30:41'),(587,'vel','Occaecati tempora doloremque laudantium est est ipsum dolor aut. Ut in non tempora occaecati.','books/3.jpg',47,961,'2018-06-09 15:30:41','2018-06-09 15:30:41'),(588,'numquam','Est repellendus perferendis architecto est. Eveniet fuga similique ut in.','books/no_book_image.jpg',26,799,'2018-06-09 15:30:41','2018-06-09 15:30:41'),(589,'officiis','Eaque ut aut autem tenetur ut. Sed sint vel fuga dolor ullam voluptate qui.','books/1.jpg',29,866,'2018-06-09 15:30:41','2018-06-09 15:30:41'),(590,'velit','Vel velit consequatur iure. Cum aut error est nihil doloremque sed iste. Odit reiciendis et explicabo veniam neque.','books/no_book_image.jpg',29,719,'2018-06-09 15:30:41','2018-06-09 15:30:41'),(591,'dolor','Earum odio ab quisquam quisquam ea est. At dignissimos dolorem consequatur est rerum in placeat. Voluptas totam eum delectus non dicta suscipit sit placeat.','books/2.jpg',33,614,'2018-06-09 15:30:42','2018-06-09 15:30:42'),(592,'sit','Animi consectetur dolorum dolorum ipsum molestiae vitae quibusdam cupiditate. Eligendi modi beatae deleniti assumenda assumenda accusantium sed accusamus. A incidunt hic et nisi eos illo.','books/4.jpg',25,928,'2018-06-09 15:30:42','2018-06-09 15:30:42'),(593,'nihil','Sapiente laboriosam voluptas in veritatis dolor. Eveniet exercitationem et iste odio ut odit. Libero nostrum dolorem possimus dolorem suscipit nihil.','books/no_book_image.jpg',11,791,'2018-06-09 15:30:42','2018-06-09 15:30:42'),(594,'tempora','Blanditiis sed et deleniti ut praesentium. Natus rem suscipit aliquid.','books/1.jpg',47,300,'2018-06-09 15:30:42','2018-06-09 15:30:42'),(595,'numquam','Consequuntur culpa vitae vel animi temporibus modi. Nostrum officiis eveniet voluptas molestias occaecati.','books/no_book_image.jpg',38,270,'2018-06-09 15:30:42','2018-06-09 15:30:42'),(596,'et','Tempore facere repellendus unde molestiae nulla exercitationem. Culpa id molestiae omnis aut voluptatem.','books/4.jpg',10,317,'2018-06-09 15:30:42','2018-06-09 15:30:42'),(597,'ut','Aut excepturi doloribus expedita dolores a similique nisi qui. Fugit excepturi beatae fuga.','books/5.jpg',45,644,'2018-06-09 15:30:42','2018-06-09 15:30:42'),(598,'error','Quia consequatur id voluptate repellendus. Nisi id culpa nisi est.','books/3.jpg',25,710,'2018-06-09 15:30:42','2018-06-09 15:30:42'),(599,'aspernatur','Quaerat quos fuga quae cum quia sed dignissimos. Quisquam nisi omnis ab consectetur sit cum. Quibusdam omnis veritatis est non quo itaque.','books/3.jpg',2,802,'2018-06-09 15:30:42','2018-06-09 15:30:42'),(600,'repudiandae','Quia sit assumenda sit voluptatem quia ut delectus. Quaerat dolorem voluptas ut voluptates dolor. Tempora commodi magnam ea fugit itaque.','books/5.jpg',9,750,'2018-06-09 15:30:42','2018-06-09 15:30:42'),(601,'laboriosam','Ut aut rem consectetur neque commodi occaecati. Saepe et ut nostrum sint.','books/8.jpg',23,766,'2018-06-09 15:30:42','2018-06-09 15:30:42'),(602,'libero','Possimus ea incidunt necessitatibus maxime rem perspiciatis eaque. Non aliquid eos quia molestiae corrupti.','books/5.jpg',6,414,'2018-06-09 15:30:42','2018-06-09 15:30:42'),(603,'non','Fuga aliquid omnis excepturi ratione ratione. Quo architecto iusto veritatis in.','books/3.jpg',10,44,'2018-06-09 15:30:42','2018-06-09 15:30:42'),(604,'ipsum','Deleniti placeat dignissimos distinctio et. Voluptatibus itaque aut ullam odit sed. Quisquam fugiat aliquam impedit facere et.','books/7.jpg',34,538,'2018-06-09 15:30:42','2018-06-09 15:30:42'),(605,'rem','Dolor necessitatibus quia necessitatibus pariatur architecto nesciunt totam tempora. Nostrum est est aut. Eum deleniti atque voluptatem nulla enim totam.','books/1.jpg',25,933,'2018-06-09 15:30:42','2018-06-09 15:30:42'),(606,'est','Quidem cupiditate explicabo natus qui aut laudantium exercitationem. Rerum ipsa qui omnis quia laborum et. Non labore amet enim.','books/4.jpg',43,585,'2018-06-09 15:30:42','2018-06-09 15:30:42'),(607,'accusamus','Dolor quos totam et voluptatem expedita. Soluta delectus autem voluptas saepe. Est ea totam illum qui voluptatem.','books/no_book_image.jpg',24,636,'2018-06-09 15:30:42','2018-06-09 15:30:42'),(608,'adipisci','Aut consequatur quae eveniet vel nam. Perspiciatis eos voluptatibus natus qui dolore voluptatem. Voluptates libero quidem rerum quas.','books/6.jpg',33,716,'2018-06-09 15:30:42','2018-06-09 15:30:42'),(609,'quos','Tempora maiores unde totam qui error. Iste laborum rerum iusto nisi perferendis quisquam.','books/7.jpg',15,240,'2018-06-09 15:30:42','2018-06-09 15:30:42'),(610,'adipisci','Nesciunt minima sunt expedita omnis numquam dolorem. Qui quia et sit. Assumenda laborum nostrum laboriosam a quae quia ut.','books/1.jpg',15,519,'2018-06-09 15:30:43','2018-06-09 15:30:43'),(611,'fuga','Beatae itaque nihil eum provident in quo. Ea impedit ipsum inventore aut qui quasi illum quasi.','books/6.jpg',26,101,'2018-06-09 15:30:43','2018-06-09 15:30:43'),(612,'impedit','Velit vel doloribus aut voluptas animi distinctio quae. Vel ut omnis fugit sint quia labore sed. Dolorum minus hic vel cumque sint harum nemo.','books/7.jpg',48,808,'2018-06-09 15:30:43','2018-06-09 15:30:43'),(613,'odit','Autem dolorum quia occaecati quis eius consequatur. Ab aspernatur consequuntur nulla maxime. Velit facilis soluta sequi soluta.','books/5.jpg',43,481,'2018-06-09 15:30:43','2018-06-09 15:30:43'),(614,'quidem','Molestiae qui minus velit consequuntur. Tempore in molestiae eius placeat repellendus id ipsum. Voluptas quo quidem ducimus qui molestiae aperiam culpa occaecati.','books/no_book_image.jpg',20,497,'2018-06-09 15:30:43','2018-06-09 15:30:43'),(615,'velit','Expedita provident quisquam mollitia et veniam fugiat. Earum quae et quia voluptas fugit quia laudantium aut. Dolor voluptatem cum reprehenderit repellat.','books/3.jpg',2,243,'2018-06-09 15:30:43','2018-06-09 15:30:43'),(616,'accusantium','Hic et iusto facere autem omnis. Quas ut omnis consectetur quaerat autem et.','books/5.jpg',33,154,'2018-06-09 15:30:43','2018-06-09 15:30:43'),(617,'quia','Corporis odio pariatur dolores dolores. Repellendus unde et repellat ut.','books/7.jpg',28,630,'2018-06-09 15:30:43','2018-06-09 15:30:43'),(618,'dolorem','Suscipit dolorem saepe dignissimos est autem velit nihil. Vel minima perferendis nulla maxime qui.','books/no_book_image.jpg',2,949,'2018-06-09 15:30:43','2018-06-09 15:30:43'),(619,'distinctio','A ut molestiae dolores voluptate totam qui error. Magni quaerat praesentium dolorem illo iusto est ut.','books/2.jpg',39,94,'2018-06-09 15:30:43','2018-06-09 15:30:43'),(620,'assumenda','Aliquam rerum soluta facere provident. Cumque est quaerat et optio veniam libero.','books/8.jpg',24,19,'2018-06-09 15:30:43','2018-06-09 15:30:43'),(621,'accusamus','Fugiat enim quam et blanditiis totam doloribus necessitatibus ipsa. Repellendus rem ut aut eius.','books/no_book_image.jpg',9,741,'2018-06-09 15:30:43','2018-06-09 15:30:43'),(622,'ut','Ipsum cupiditate voluptas sunt. Et repellendus excepturi quia velit hic voluptatibus aut. Assumenda voluptatibus nihil porro officia molestias.','books/2.jpg',37,837,'2018-06-09 15:30:43','2018-06-09 15:30:43'),(623,'debitis','Nihil repellendus laudantium at facilis accusamus. Sit reprehenderit harum aspernatur iste.','books/no_book_image.jpg',31,834,'2018-06-09 15:30:43','2018-06-09 15:30:43'),(624,'hic','Magnam rem a repudiandae omnis voluptas. Ea cumque quo ex minima commodi. Rem aut et soluta sed tempora voluptas dolorum.','books/no_book_image.jpg',23,420,'2018-06-09 15:30:43','2018-06-09 15:30:43'),(625,'culpa','Dicta et atque autem omnis corrupti. In quis excepturi error molestiae est.','books/8.jpg',36,179,'2018-06-09 15:30:43','2018-06-09 15:30:43'),(626,'aut','At dicta amet et et neque illum. Assumenda impedit facere expedita eaque itaque sint repellat.','books/1.jpg',2,102,'2018-06-09 15:30:43','2018-06-09 15:30:43'),(627,'laudantium','Quisquam consequatur eum qui impedit fugiat rerum totam. Ex iusto ducimus eius.','books/6.jpg',19,197,'2018-06-09 15:30:43','2018-06-09 15:30:43'),(628,'in','Saepe qui incidunt non odio architecto. Vero voluptatibus consequuntur mollitia dolorum.','books/3.jpg',4,96,'2018-06-09 15:30:43','2018-06-09 15:30:43'),(629,'est','Et quis eum rem possimus reiciendis. Asperiores explicabo eos nostrum quas sint illo suscipit vitae.','books/5.jpg',10,310,'2018-06-09 15:30:43','2018-06-09 15:30:43'),(630,'magnam','Architecto pariatur et alias voluptas sit sit quasi. Quia corrupti adipisci repellat et amet.','books/4.jpg',29,869,'2018-06-09 15:30:43','2018-06-09 15:30:43'),(631,'repudiandae','Tempore accusantium qui non aut autem quam. Nihil porro et beatae similique.','books/6.jpg',35,465,'2018-06-09 15:30:44','2018-06-09 15:30:44'),(632,'corporis','Adipisci repudiandae atque illo delectus est natus laborum. Ducimus qui beatae eaque non. Corporis ut mollitia qui inventore blanditiis.','books/4.jpg',5,808,'2018-06-09 15:30:44','2018-06-09 15:30:44'),(633,'perspiciatis','Et dolor voluptatem vel quam iste dignissimos consequatur. Officia dicta reiciendis aperiam voluptas maxime.','books/no_book_image.jpg',36,959,'2018-06-09 15:30:44','2018-06-09 15:30:44'),(634,'hic','Sequi sed repudiandae qui aut. Qui velit vel dolorum aut libero placeat amet. Beatae voluptatibus est amet nemo repellendus.','books/6.jpg',12,502,'2018-06-09 15:30:44','2018-06-09 15:30:44'),(635,'et','Quo nihil dolorem quia et rerum aliquid. Reiciendis possimus minus et sint voluptates.','books/3.jpg',28,172,'2018-06-09 15:30:44','2018-06-09 15:30:44'),(636,'quod','Temporibus enim sit fugit dolorum. Enim fugit iusto id ipsum.','books/8.jpg',7,634,'2018-06-09 15:30:44','2018-06-09 15:30:44'),(637,'sequi','Vel est ducimus quae qui voluptatum. Perspiciatis maxime quaerat nihil similique aut possimus.','books/5.jpg',33,653,'2018-06-09 15:30:44','2018-06-09 15:30:44'),(638,'id','Praesentium ut praesentium ut sed atque adipisci. Libero vel odio id eveniet dolore blanditiis voluptatem. Temporibus deleniti qui vel reiciendis.','books/3.jpg',15,907,'2018-06-09 15:30:44','2018-06-09 15:30:44'),(639,'voluptas','Sint quo incidunt ut esse fugit quos ut. Deserunt similique assumenda accusantium voluptatem. Natus eos qui et.','books/3.jpg',6,366,'2018-06-09 15:30:44','2018-06-09 15:30:44'),(640,'qui','Ipsa distinctio dolor labore incidunt enim voluptatem. Quaerat perferendis cumque sequi officia. Numquam quaerat necessitatibus non voluptatum cupiditate.','books/5.jpg',5,921,'2018-06-09 15:30:44','2018-06-09 15:30:44'),(641,'ipsa','Repellendus consequatur culpa est fugiat. Qui quod repellat deleniti harum minima et.','books/4.jpg',13,402,'2018-06-09 15:30:44','2018-06-09 15:30:44'),(642,'dignissimos','Sit corporis incidunt quae reiciendis voluptates laudantium quod aperiam. Fuga recusandae vel enim velit. Ut repellat non fugiat expedita reprehenderit.','books/5.jpg',24,946,'2018-06-09 15:30:44','2018-06-09 15:30:44'),(643,'ratione','Non quisquam consequatur assumenda qui vel. Ut et et odio dolorum dolorem quaerat.','books/2.jpg',25,602,'2018-06-09 15:30:44','2018-06-09 15:30:44'),(644,'adipisci','Ducimus quo veniam et accusamus dolorem laborum labore. Beatae eligendi accusantium non earum ut repellat dolores. Voluptatem doloribus cupiditate beatae in qui fugit.','books/7.jpg',31,908,'2018-06-09 15:30:44','2018-06-09 15:30:44'),(645,'id','Optio voluptatem praesentium voluptas nihil voluptatem sed consectetur maiores. Id id sint nostrum quidem sapiente eligendi. Fugit ipsa sit facere itaque ut sit sed.','books/8.jpg',36,991,'2018-06-09 15:30:44','2018-06-09 15:30:44'),(646,'voluptatem','Sit et veniam eum ipsa voluptatem. Sunt nulla quis eum consequatur consequuntur ratione vero sit. Corporis eaque quo est repellat dolor quo.','books/4.jpg',38,766,'2018-06-09 15:30:44','2018-06-09 15:30:44'),(647,'omnis','Modi maxime quia repudiandae qui debitis qui eius laudantium. Cupiditate sed inventore ducimus sit suscipit deleniti omnis. Et asperiores omnis consequatur adipisci laborum molestiae.','books/5.jpg',23,146,'2018-06-09 15:30:44','2018-06-09 15:30:44'),(648,'quia','Adipisci illo quaerat nemo nihil quisquam optio accusantium. Et soluta eligendi nulla qui similique.','books/2.jpg',1,49,'2018-06-09 15:30:44','2018-06-09 15:30:44'),(649,'dolor','Id cum numquam fugit. Recusandae quo ullam libero fugiat ea ut unde blanditiis. Facilis veniam et occaecati magnam non perspiciatis.','books/2.jpg',6,665,'2018-06-09 15:30:44','2018-06-09 15:30:44'),(650,'aspernatur','Consequatur qui repudiandae magni eius sit aut. Quos cupiditate fuga beatae quia vitae. Odit aspernatur tempora eum nostrum ut eius.','books/5.jpg',26,470,'2018-06-09 15:30:44','2018-06-09 15:30:44'),(651,'excepturi','Aperiam et sequi dicta recusandae consequuntur ratione. Animi sit cumque odit ut possimus doloremque rerum. Et eos perspiciatis deleniti quisquam.','books/4.jpg',6,919,'2018-06-09 15:30:44','2018-06-09 15:30:44'),(652,'sunt','Omnis vel architecto eveniet non. Ea exercitationem nostrum et vero suscipit dolorem. Ut temporibus eveniet et assumenda porro.','books/4.jpg',5,628,'2018-06-09 15:30:44','2018-06-09 15:30:44'),(653,'dolores','Impedit non ea dolor necessitatibus hic odit temporibus. Quod quibusdam similique iusto et esse vel consequatur. Omnis ratione quia iste id at facilis in.','books/8.jpg',14,216,'2018-06-09 15:30:45','2018-06-09 15:30:45'),(654,'mollitia','Repellat adipisci recusandae dignissimos cumque. Id magni nemo harum laboriosam. Quia aspernatur eligendi debitis cumque.','books/7.jpg',10,868,'2018-06-09 15:30:45','2018-06-09 15:30:45'),(655,'non','Cupiditate et esse totam accusamus harum voluptatum et. Quae molestias voluptatem qui eius qui. Sunt quasi cupiditate consequatur eius voluptatem quis.','books/no_book_image.jpg',10,956,'2018-06-09 15:30:45','2018-06-09 15:30:45'),(656,'ea','Consequatur omnis illum quaerat voluptatem omnis qui. Voluptatem et est eaque amet cum facilis aliquid reprehenderit.','books/7.jpg',41,983,'2018-06-09 15:30:45','2018-06-09 15:30:45'),(657,'consequuntur','Voluptas ex est quia vel. Voluptas deserunt quis in quia ut. Eum atque hic quidem.','books/6.jpg',36,349,'2018-06-09 15:30:45','2018-06-09 15:30:45'),(658,'minus','Necessitatibus qui voluptas cumque quo et nemo dicta cupiditate. Voluptatibus aut doloremque unde quisquam consequatur. Mollitia id in ut tempora magni at iusto rerum.','books/3.jpg',30,805,'2018-06-09 15:30:45','2018-06-09 15:30:45'),(659,'rerum','Maxime exercitationem explicabo voluptates consectetur quos. Et cumque qui et rerum iste voluptatum eum voluptas.','books/6.jpg',47,773,'2018-06-09 15:30:45','2018-06-09 15:30:45'),(660,'nisi','Est quisquam quam nihil corrupti eum modi sed voluptatem. Neque maiores quos quidem. Tempore tenetur nostrum omnis id eligendi quos voluptas.','books/2.jpg',6,458,'2018-06-09 15:30:45','2018-06-09 15:30:45'),(661,'vel','Sit fugiat qui placeat quidem. Sunt explicabo in veritatis consectetur ut aspernatur quae.','books/no_book_image.jpg',15,289,'2018-06-09 15:30:45','2018-06-09 15:30:45'),(662,'quaerat','Voluptas debitis omnis temporibus. Sit cum consequuntur et velit suscipit. Qui ducimus porro repudiandae quia architecto fugit.','books/2.jpg',45,513,'2018-06-09 15:30:45','2018-06-09 15:30:45'),(663,'laborum','Non quis quibusdam rerum rem et officia. Et quia quia quaerat ullam quae earum omnis.','books/no_book_image.jpg',33,922,'2018-06-09 15:30:45','2018-06-09 15:30:45'),(664,'non','Libero qui accusantium molestiae necessitatibus excepturi. Cum adipisci laboriosam quis ducimus harum sint reiciendis. Ea in facilis facere minima voluptas voluptatem ad.','books/7.jpg',40,250,'2018-06-09 15:30:45','2018-06-09 15:30:45'),(665,'quaerat','Nihil et eveniet animi minus. Maiores aut dolor velit architecto.','books/4.jpg',26,280,'2018-06-09 15:30:45','2018-06-09 15:30:45'),(666,'odit','Libero explicabo harum ducimus maxime est quibusdam. Facere aliquam aut deleniti labore. Sed porro deserunt laboriosam autem id.','books/5.jpg',2,530,'2018-06-09 15:30:45','2018-06-09 15:30:45'),(667,'sit','Odio blanditiis distinctio unde ipsam quam officia quia voluptatibus. Recusandae aut harum voluptates ut quis magni aut.','books/no_book_image.jpg',29,470,'2018-06-09 15:30:45','2018-06-09 15:30:45'),(668,'nihil','Esse quo perspiciatis aut et sed. Modi culpa est impedit ut natus blanditiis commodi. Quae nobis inventore sunt vitae hic.','books/5.jpg',39,147,'2018-06-09 15:30:45','2018-06-09 15:30:45'),(669,'tempora','Laudantium facilis aut harum quo repellat autem provident. Est voluptatibus ut laboriosam eum nostrum. Laboriosam voluptas voluptatem repudiandae nostrum ipsam.','books/6.jpg',45,563,'2018-06-09 15:30:46','2018-06-09 15:30:46'),(670,'recusandae','Maiores distinctio qui ut eius voluptatem. Perferendis officia ducimus earum dolore dicta molestiae vel. Quam veniam mollitia quasi explicabo et eum atque repellat.','books/6.jpg',6,239,'2018-06-09 15:30:46','2018-06-09 15:30:46'),(671,'ut','Et assumenda odio a explicabo. Omnis optio dolores atque temporibus ut ut.','books/3.jpg',37,291,'2018-06-09 15:30:46','2018-06-09 15:30:46'),(672,'sed','Et quo impedit adipisci pariatur. Aliquam minima optio ducimus itaque consequatur est dolorem. Quo ut voluptatem ipsum.','books/3.jpg',3,303,'2018-06-09 15:30:46','2018-06-09 15:30:46'),(673,'numquam','Et itaque cumque aliquam illo eaque neque aut. Mollitia voluptatem quos distinctio et et velit aut. Earum quasi unde assumenda asperiores aspernatur quidem omnis.','books/no_book_image.jpg',2,240,'2018-06-09 15:30:46','2018-06-09 15:30:46'),(674,'qui','Rerum reiciendis pariatur non tempora et similique ab. Quis dolor incidunt amet eum ipsum ea non et.','books/7.jpg',29,340,'2018-06-09 15:30:46','2018-06-09 15:30:46'),(675,'sequi','Incidunt ut voluptatem enim voluptatum voluptatem magnam recusandae ea. Ratione quis cumque fugiat provident quisquam. Nobis sed ipsum aspernatur sed aut debitis.','books/7.jpg',19,384,'2018-06-09 15:30:46','2018-06-09 15:30:46'),(676,'asperiores','Corporis laborum at sed sint iusto dolores. Ut repellendus officiis dolores amet ex est. Rerum vero sapiente a ab distinctio sit.','books/3.jpg',36,173,'2018-06-09 15:30:46','2018-06-09 15:30:46'),(677,'et','Quo voluptates necessitatibus iste maiores eum doloremque. Nisi voluptatem sunt numquam unde sunt.','books/8.jpg',6,744,'2018-06-09 15:30:46','2018-06-09 15:30:46'),(678,'veniam','Laudantium sint et optio eaque exercitationem ipsam nisi dolores. Numquam nesciunt quaerat delectus dolorem quis. Reprehenderit praesentium aut laboriosam deleniti quia voluptate.','books/7.jpg',30,403,'2018-06-09 15:30:46','2018-06-09 15:30:46'),(679,'magni','Consequatur facere explicabo veniam. Accusantium distinctio veniam ut velit maxime omnis.','books/no_book_image.jpg',26,703,'2018-06-09 15:30:46','2018-06-09 15:30:46'),(680,'laborum','Illo optio accusamus voluptatem occaecati officiis ut. Aut blanditiis eius aut totam non quo.','books/8.jpg',39,964,'2018-06-09 15:30:46','2018-06-09 15:30:46'),(681,'et','Doloremque aspernatur consequatur dolore doloremque. Sunt enim suscipit voluptas quibusdam. Quia tempore in aut corporis pariatur.','books/7.jpg',11,969,'2018-06-09 15:30:46','2018-06-09 15:30:46'),(682,'tempora','Officiis cupiditate et dolores non. In rem debitis ab enim aliquid. Architecto velit sit ullam omnis repellat aspernatur ex.','books/4.jpg',18,4,'2018-06-09 15:30:46','2018-06-09 15:30:46'),(683,'sunt','Eos ab eius aut natus facere suscipit sit. Enim ex voluptas quasi ut ratione. Facilis nulla ipsum beatae ullam consequatur.','books/1.jpg',5,906,'2018-06-09 15:30:46','2018-06-09 15:30:46'),(684,'porro','Voluptas sed et consectetur dolor harum praesentium. Ut magni dicta inventore et.','books/2.jpg',19,323,'2018-06-09 15:30:46','2018-06-09 15:30:46'),(685,'omnis','Ut eos aperiam velit soluta quae et quo. Enim enim dolores nihil sed. Et rem esse et ad omnis eligendi.','books/8.jpg',18,490,'2018-06-09 15:30:46','2018-06-09 15:30:46'),(686,'ut','Fugiat consequatur hic fuga unde eaque quo omnis. Ipsum magnam corrupti enim voluptate animi.','books/5.jpg',34,587,'2018-06-09 15:30:46','2018-06-09 15:30:46'),(687,'adipisci','Rerum soluta rerum excepturi consequatur. Reprehenderit fugit iusto asperiores voluptate laboriosam aliquid totam architecto.','books/3.jpg',32,584,'2018-06-09 15:30:46','2018-06-09 15:30:46'),(688,'rerum','Culpa ut quos blanditiis soluta. Voluptatem quisquam ab est qui dicta et.','books/6.jpg',15,576,'2018-06-09 15:30:46','2018-06-09 15:30:46'),(689,'labore','Velit eveniet veritatis cupiditate quo magnam. Consequatur at commodi harum laboriosam nihil et.','books/7.jpg',24,385,'2018-06-09 15:30:46','2018-06-09 15:30:46'),(690,'et','Molestiae consequatur sint non quia dolor. Error minus sapiente accusamus et velit similique. Reiciendis iusto aperiam quam deleniti voluptas eum et.','books/5.jpg',41,694,'2018-06-09 15:30:46','2018-06-09 15:30:46'),(691,'amet','Eaque voluptatem officia voluptatum modi quis quia. Labore mollitia sequi fugit voluptatem. Explicabo eum consequatur asperiores omnis.','books/1.jpg',40,922,'2018-06-09 15:30:47','2018-06-09 15:30:47'),(692,'sit','Quod similique quia dignissimos. Quisquam libero consequatur nulla numquam velit.','books/7.jpg',24,992,'2018-06-09 15:30:47','2018-06-09 15:30:47'),(693,'vero','Temporibus perspiciatis ut at deleniti ut ratione delectus. Eum sint sunt rerum.','books/1.jpg',47,494,'2018-06-09 15:30:47','2018-06-09 15:30:47'),(694,'fugiat','Labore nulla fugiat odit ex corporis eaque facere. Soluta id assumenda fuga dolores eum repudiandae accusantium. Unde et aliquid qui.','books/3.jpg',38,146,'2018-06-09 15:30:47','2018-06-09 15:30:47'),(695,'dolorum','Voluptatem rerum fugit occaecati officia modi. A asperiores id iusto soluta ducimus vel dolorem.','books/5.jpg',11,959,'2018-06-09 15:30:47','2018-06-09 15:30:47'),(696,'commodi','Labore quia voluptatem qui incidunt. Veniam tenetur aliquid doloremque vel esse suscipit voluptatem.','books/7.jpg',14,73,'2018-06-09 15:30:47','2018-06-09 15:30:47'),(697,'sequi','Delectus iste quam a ipsum qui in asperiores sit. Cupiditate qui doloremque provident delectus repellendus fuga commodi ipsum. Cum quidem voluptas beatae tenetur molestiae.','books/1.jpg',5,480,'2018-06-09 15:30:47','2018-06-09 15:30:47'),(698,'in','Omnis sit facilis ut sunt corrupti odit eum. Ea perspiciatis quam et quasi ut rem.','books/6.jpg',29,928,'2018-06-09 15:30:47','2018-06-09 15:30:47'),(699,'rerum','Vel et est pariatur. Molestiae fuga voluptatem a aliquam.','books/6.jpg',1,105,'2018-06-09 15:30:47','2018-06-09 15:30:47'),(700,'aut','Et vero non deserunt quibusdam aut. Aliquid ut mollitia explicabo delectus et quaerat. Eos ipsa et tempora voluptatum officia nobis quis.','books/8.jpg',9,22,'2018-06-09 15:30:47','2018-06-09 15:30:47'),(701,'qui','Error et dolorem assumenda quo quo consequatur et. Laudantium qui odit dolorum.','books/6.jpg',20,994,'2018-06-09 15:30:47','2018-06-09 15:30:47'),(702,'tenetur','Et recusandae dolor sapiente rerum quia nisi et commodi. Est adipisci magni rerum vel veritatis.','books/no_book_image.jpg',36,798,'2018-06-09 15:30:47','2018-06-09 15:30:47'),(703,'debitis','Voluptatem et aspernatur et totam placeat autem. Dolores corporis alias cupiditate eos. A sed doloremque architecto odio aliquam.','books/6.jpg',2,945,'2018-06-09 15:30:47','2018-06-09 15:30:47'),(704,'minima','Sed ut velit recusandae. Praesentium ipsa qui id ut est ut.','books/7.jpg',23,552,'2018-06-09 15:30:47','2018-06-09 15:30:47'),(705,'consequatur','Praesentium in ea dicta ea eveniet. Et esse veniam quidem quaerat numquam.','books/8.jpg',9,134,'2018-06-09 15:30:47','2018-06-09 15:30:47'),(706,'reprehenderit','Possimus soluta ea quo voluptatem rerum voluptatum et enim. Ea sunt exercitationem quo repellendus consequatur.','books/2.jpg',10,379,'2018-06-09 15:30:47','2018-06-09 15:30:47'),(707,'eos','Minus quo rerum suscipit et. Omnis aliquam saepe nihil aliquam velit provident. Rem assumenda at nostrum velit.','books/1.jpg',9,327,'2018-06-09 15:30:47','2018-06-09 15:30:47'),(708,'laborum','Ipsum et ut ut non omnis totam. Amet a sapiente iusto placeat mollitia blanditiis suscipit. In quia recusandae vel eligendi.','books/7.jpg',14,469,'2018-06-09 15:30:48','2018-06-09 15:30:48'),(709,'aliquid','Quia veniam veniam laborum officiis aut quisquam fuga rerum. Cupiditate minima animi pariatur sed facilis culpa voluptatibus. Sequi quaerat molestias iure et neque.','books/5.jpg',31,817,'2018-06-09 15:30:48','2018-06-09 15:30:48'),(710,'ut','Ratione dignissimos culpa fugit non. Corporis illo dicta non nesciunt omnis voluptas. Iusto pariatur numquam culpa rem unde perspiciatis quas voluptas.','books/no_book_image.jpg',38,561,'2018-06-09 15:30:48','2018-06-09 15:30:48'),(711,'id','Tempore dolore inventore recusandae iste dolores. Labore sit sint aliquam voluptatum minima placeat sed. Reiciendis repellendus autem sit sit repellendus et et.','books/5.jpg',39,364,'2018-06-09 15:30:48','2018-06-09 15:30:48'),(712,'excepturi','Voluptates sed vero eaque. Saepe molestias a nihil voluptatem eveniet quia.','books/4.jpg',34,289,'2018-06-09 15:30:48','2018-06-09 15:30:48'),(713,'veniam','Totam eligendi dolore voluptatibus consequuntur dolores asperiores. Magnam iure ex suscipit molestiae autem.','books/2.jpg',9,153,'2018-06-09 15:30:48','2018-06-09 15:30:48'),(714,'ullam','Tempore minus id sint distinctio quasi earum maiores. Unde veritatis et eligendi doloribus molestiae deleniti. Praesentium ducimus alias aut quia temporibus incidunt impedit.','books/5.jpg',49,12,'2018-06-09 15:30:48','2018-06-09 15:30:48'),(715,'cum','Consequatur placeat qui autem quibusdam possimus quia. Deserunt ut nulla dolores vel officiis ut.','books/3.jpg',9,481,'2018-06-09 15:30:48','2018-06-09 15:30:48'),(716,'fuga','Ut sed cumque consequatur sed hic autem repellendus soluta. Repellat officia vero occaecati non quia dolorum reiciendis. Molestiae culpa expedita eaque.','books/4.jpg',16,226,'2018-06-09 15:30:48','2018-06-09 15:30:48'),(717,'sed','Dolore facere quae dignissimos eligendi. Accusantium doloribus et corrupti nulla non quos.','books/2.jpg',12,242,'2018-06-09 15:30:48','2018-06-09 15:30:48'),(718,'aut','Maxime eum aperiam architecto qui perspiciatis adipisci ut consequatur. Et et occaecati minus similique eligendi odit ullam. Necessitatibus assumenda qui aut accusamus aut quidem culpa.','books/3.jpg',15,704,'2018-06-09 15:30:48','2018-06-09 15:30:48'),(719,'odit','Animi quos commodi quibusdam quia ab dolore. Et dolorum dolorem in tempora cumque ea.','books/8.jpg',10,399,'2018-06-09 15:30:48','2018-06-09 15:30:48'),(720,'illo','Ad et commodi sunt. Omnis dolores suscipit voluptatum qui est a nihil nam.','books/8.jpg',25,831,'2018-06-09 15:30:48','2018-06-09 15:30:48'),(721,'qui','Consequuntur dolore dolores doloribus in aliquid. Velit fugit sunt beatae officiis quisquam eum dolorem. Optio non dolore aliquam.','books/4.jpg',7,839,'2018-06-09 15:30:48','2018-06-09 15:30:48'),(722,'dolorem','Tenetur ut tempore distinctio et assumenda sit dolores. Saepe voluptates recusandae porro quos nihil est magni.','books/8.jpg',10,658,'2018-06-09 15:30:48','2018-06-09 15:30:48'),(723,'ex','Et ut et sed quia esse. Blanditiis voluptas sunt eius temporibus earum rerum. Qui quae voluptatibus reiciendis dolores ut suscipit.','books/4.jpg',6,376,'2018-06-09 15:30:48','2018-06-09 15:30:48'),(724,'at','Porro nisi assumenda et ex alias suscipit. Aut rerum non corrupti ipsa omnis.','books/no_book_image.jpg',36,959,'2018-06-09 15:30:48','2018-06-09 15:30:48'),(725,'et','Illum vel quia eum suscipit. Vel sit cum ut consequatur voluptatem. Sed dolor doloremque vitae et iste.','books/3.jpg',2,369,'2018-06-09 15:30:48','2018-06-09 15:30:48'),(726,'vel','Eos possimus mollitia ipsam itaque et. Quisquam eum vel tenetur at ut nisi. Non labore minima nostrum et.','books/2.jpg',14,438,'2018-06-09 15:30:49','2018-06-09 15:30:49'),(727,'voluptas','Sed voluptate cum nihil velit consequatur dolores. Et non nisi labore ducimus quisquam. Animi dolor vero laboriosam eveniet aspernatur.','books/5.jpg',39,971,'2018-06-09 15:30:49','2018-06-09 15:30:49'),(728,'nulla','Sunt non et sed officiis et. Doloribus rerum quo maxime reprehenderit quas tempora deserunt. Totam libero aut atque sit distinctio eligendi qui tempora.','books/2.jpg',40,985,'2018-06-09 15:30:49','2018-06-09 15:30:49'),(729,'dolore','Temporibus esse facilis quibusdam dolorem perferendis id sequi ut. Accusantium inventore rem id suscipit architecto laborum voluptas.','books/4.jpg',17,709,'2018-06-09 15:30:49','2018-06-09 15:30:49'),(730,'saepe','Enim ipsum ipsam est rerum. Qui vero ut a eligendi.','books/1.jpg',37,691,'2018-06-09 15:30:49','2018-06-09 15:30:49'),(731,'quod','Fuga aut quis dignissimos quas omnis itaque ipsum cumque. Ipsa praesentium provident fugit sit eius animi quae.','books/1.jpg',38,465,'2018-06-09 15:30:49','2018-06-09 15:30:49'),(732,'sit','Nihil saepe maiores rerum. Est harum commodi veniam facilis nisi voluptatum.','books/6.jpg',33,62,'2018-06-09 15:30:49','2018-06-09 15:30:49'),(733,'nostrum','Optio sunt vel quia et nihil harum. Officiis ipsam magnam rerum voluptatibus. Architecto libero laudantium voluptatibus fugiat alias et molestiae.','books/2.jpg',44,57,'2018-06-09 15:30:49','2018-06-09 15:30:49'),(734,'quo','Quia dolor id quae dolores voluptates aspernatur accusamus. Reprehenderit doloremque voluptatem assumenda eum.','books/5.jpg',21,679,'2018-06-09 15:30:49','2018-06-09 15:30:49'),(735,'odit','Molestias in magni deserunt ea qui eum quo. Quidem tempora laboriosam et.','books/7.jpg',20,936,'2018-06-09 15:30:49','2018-06-09 15:30:49'),(736,'tenetur','Et tempore labore est ipsam. Consequatur animi quod et dolores quisquam quia ea.','books/4.jpg',44,937,'2018-06-09 15:30:49','2018-06-09 15:30:49'),(737,'unde','Sapiente nisi ducimus eveniet at laboriosam dolor officia omnis. Nesciunt excepturi error in illum aut. Quisquam vel illo earum distinctio.','books/7.jpg',10,116,'2018-06-09 15:30:49','2018-06-09 15:30:49'),(738,'quibusdam','Quasi quis neque perferendis. Architecto excepturi suscipit enim odio officiis.','books/no_book_image.jpg',43,504,'2018-06-09 15:30:49','2018-06-09 15:30:49'),(739,'sint','Veritatis soluta doloribus ut. Tempora provident et est animi. Inventore molestiae facilis delectus dolores.','books/6.jpg',41,809,'2018-06-09 15:30:49','2018-06-09 15:30:49'),(740,'officiis','Voluptas est libero esse quia veniam aut ut et. Voluptatem aliquam nostrum sed et.','books/3.jpg',1,404,'2018-06-09 15:30:49','2018-06-09 15:30:49'),(741,'esse','Qui sed fugiat ut voluptates adipisci. Iusto et consequatur provident possimus.','books/1.jpg',6,420,'2018-06-09 15:30:49','2018-06-09 15:30:49'),(742,'explicabo','Omnis molestiae amet voluptatum laboriosam quos esse commodi. Adipisci necessitatibus dolorem ut quo enim. Officiis cupiditate eum optio.','books/4.jpg',17,736,'2018-06-09 15:30:49','2018-06-09 15:30:49'),(743,'et','Aut et molestiae sint veritatis hic suscipit. Ut vel ullam voluptatem. Quidem eum sit sed quasi illo autem.','books/8.jpg',38,920,'2018-06-09 15:30:49','2018-06-09 15:30:49'),(744,'in','Harum et dolorem enim autem commodi deserunt aut autem. Porro accusantium aperiam repudiandae quod.','books/4.jpg',35,801,'2018-06-09 15:30:49','2018-06-09 15:30:49'),(745,'quasi','Exercitationem et quia dolorem dicta. Iure sapiente qui et.','books/no_book_image.jpg',13,37,'2018-06-09 15:30:49','2018-06-09 15:30:49'),(746,'dolorem','Sunt sapiente quos sint. Aut adipisci animi similique explicabo et dolorum non.','books/7.jpg',32,285,'2018-06-09 15:30:49','2018-06-09 15:30:49'),(747,'et','Commodi eum in facilis sed. Vero voluptatem dolorem in dolorum iure aliquid. Dolorum consectetur eaque quis et molestias sed nam.','books/5.jpg',32,395,'2018-06-09 15:30:50','2018-06-09 15:30:50'),(748,'autem','Velit voluptate qui qui non odio. Aut porro voluptatem aut quo quod. Perferendis nihil nobis totam et est.','books/no_book_image.jpg',13,100,'2018-06-09 15:30:50','2018-06-09 15:30:50'),(749,'sit','Libero non quibusdam voluptas libero expedita repellendus et. Aut voluptas consectetur quo eius dolores voluptatibus et nam. Sit beatae in rerum quia.','books/8.jpg',7,598,'2018-06-09 15:30:50','2018-06-09 15:30:50'),(750,'quod','Eius sunt pariatur quis eum tempore animi. Nisi vel temporibus sunt nulla. Blanditiis harum possimus officiis rem assumenda.','books/5.jpg',1,993,'2018-06-09 15:30:50','2018-06-09 15:30:50'),(751,'earum','Sed nesciunt quis odio molestiae suscipit enim. Quibusdam officia beatae veniam molestias. Tempora corporis ipsam quos quasi eum.','books/7.jpg',29,42,'2018-06-09 15:30:50','2018-06-09 15:30:50'),(752,'ut','Laborum labore libero qui temporibus pariatur in. Qui quae nam ut. Et expedita maxime illum temporibus.','books/7.jpg',16,874,'2018-06-09 15:30:50','2018-06-09 15:30:50'),(753,'asperiores','Consequatur doloremque aut id necessitatibus ex. Quisquam mollitia sit unde laboriosam illum sed exercitationem.','books/5.jpg',22,141,'2018-06-09 15:30:50','2018-06-09 15:30:50'),(754,'a','Explicabo quaerat eius dicta qui debitis. Dignissimos modi dignissimos et ea eos dolorum.','books/5.jpg',11,339,'2018-06-09 15:30:50','2018-06-09 15:30:50'),(755,'rerum','Rerum velit et animi error ab sapiente. Fugiat et quis id doloremque.','books/3.jpg',34,272,'2018-06-09 15:30:50','2018-06-09 15:30:50'),(756,'debitis','Accusamus accusamus culpa fugiat rerum mollitia. Vero cum aspernatur tempora dolore nisi qui quam.','books/2.jpg',27,800,'2018-06-09 15:30:50','2018-06-09 15:30:50'),(757,'eos','Suscipit neque dolore dolorum. Eum consequatur a soluta facilis sed.','books/7.jpg',4,978,'2018-06-09 15:30:50','2018-06-09 15:30:50'),(758,'voluptates','Repellat quam quisquam nesciunt accusantium facere molestiae eum optio. Minima dolorum earum eaque nam molestiae reiciendis quia.','books/6.jpg',19,533,'2018-06-09 15:30:50','2018-06-09 15:30:50'),(759,'animi','Cum id laboriosam consequatur impedit vero numquam commodi dolores. Eaque sit sit necessitatibus natus libero perferendis.','books/5.jpg',39,66,'2018-06-09 15:30:50','2018-06-09 15:30:50'),(760,'rerum','Recusandae reprehenderit atque consequatur vel. Culpa quis et ipsa. Rerum et doloribus aut in.','books/8.jpg',12,128,'2018-06-09 15:30:50','2018-06-09 15:30:50'),(761,'sunt','Facilis deleniti nesciunt cupiditate. Unde incidunt aliquid dolores aut dolorum maiores aut.','books/5.jpg',19,379,'2018-06-09 15:30:50','2018-06-09 15:30:50'),(762,'omnis','Blanditiis hic vero tempora laborum in quis. Consequatur eum quis reprehenderit magni. Ipsa est nostrum dolorum.','books/8.jpg',29,769,'2018-06-09 15:30:50','2018-06-09 15:30:50'),(763,'voluptatem','Minus et tempora sit libero. Eaque explicabo quibusdam non asperiores ducimus possimus in.','books/2.jpg',18,807,'2018-06-09 15:30:51','2018-06-09 15:30:51'),(764,'sit','Natus et rerum error ut optio. Voluptatum expedita harum labore exercitationem esse ipsum. Suscipit explicabo excepturi consequatur nam non nam est.','books/2.jpg',34,670,'2018-06-09 15:30:51','2018-06-09 15:30:51'),(765,'occaecati','Sapiente et velit rerum quaerat tempore. Eos rem fuga qui sunt quisquam. Voluptatem quia sint est iusto.','books/8.jpg',30,145,'2018-06-09 15:30:51','2018-06-09 15:30:51'),(766,'iure','Fugiat recusandae at quia cumque magnam. Sed sunt ut ut distinctio est doloribus perferendis.','books/1.jpg',8,489,'2018-06-09 15:30:51','2018-06-09 15:30:51'),(767,'quisquam','Ratione similique et est ipsum iusto minus harum quaerat. Dolorem dolores error perspiciatis beatae.','books/3.jpg',40,982,'2018-06-09 15:30:51','2018-06-09 15:30:51'),(768,'ea','In quo hic excepturi sint minus neque. At placeat voluptatem minima esse est.','books/3.jpg',15,646,'2018-06-09 15:30:51','2018-06-09 15:30:51'),(769,'natus','Eligendi quis repudiandae qui exercitationem commodi. Dolores unde illum adipisci vero et.','books/2.jpg',40,873,'2018-06-09 15:30:51','2018-06-09 15:30:51'),(770,'et','Maxime quisquam odit animi at optio et ut. Minima ut quos vel nesciunt perferendis suscipit. Quos eveniet maxime in dolorem est eligendi.','books/1.jpg',38,689,'2018-06-09 15:30:51','2018-06-09 15:30:51'),(771,'minus','Sint tenetur blanditiis repellendus consequatur officiis sed itaque. Qui impedit animi et soluta. Iusto veritatis omnis eum quia et dolore.','books/no_book_image.jpg',30,392,'2018-06-09 15:30:51','2018-06-09 15:30:51'),(772,'et','Nisi sequi iusto aperiam commodi eos porro quia. Eum cum qui nisi. Itaque et adipisci dignissimos sapiente ea.','books/5.jpg',27,326,'2018-06-09 15:30:51','2018-06-09 15:30:51'),(773,'explicabo','Repellendus molestiae dolores cumque explicabo iusto. Expedita eum atque quis similique quod sed. Molestiae cumque asperiores quasi nisi quibusdam corporis facilis.','books/5.jpg',7,500,'2018-06-09 15:30:51','2018-06-09 15:30:51'),(774,'quia','Qui delectus in eaque voluptatum inventore voluptatibus. Quia perferendis odio eligendi est enim eos. Quis debitis odit necessitatibus et ut delectus voluptatem.','books/5.jpg',19,311,'2018-06-09 15:30:51','2018-06-09 15:30:51'),(775,'ratione','Repudiandae maxime nihil vitae. Blanditiis veniam consequatur quia qui. Explicabo eaque inventore quas rerum.','books/no_book_image.jpg',24,749,'2018-06-09 15:30:51','2018-06-09 15:30:51'),(776,'eligendi','Commodi perspiciatis quam nesciunt quam. Sit eos nobis eaque id voluptas corrupti dolor.','books/6.jpg',9,912,'2018-06-09 15:30:51','2018-06-09 15:30:51'),(777,'quas','Tempora est est ut occaecati. Porro alias saepe quasi ipsam aut.','books/7.jpg',29,541,'2018-06-09 15:30:51','2018-06-09 15:30:51'),(778,'beatae','Voluptatem asperiores aut non quis qui non. Nobis quis dolores debitis hic sed. Voluptates ab sapiente provident.','books/no_book_image.jpg',10,335,'2018-06-09 15:30:51','2018-06-09 15:30:51'),(779,'amet','Quaerat qui aut unde sit eos ipsa. Ex dolores omnis delectus rerum incidunt quos atque labore.','books/2.jpg',37,405,'2018-06-09 15:30:51','2018-06-09 15:30:51'),(780,'aliquid','Id totam atque delectus. Esse est culpa nulla animi. Eos qui mollitia et quae consequatur repellendus.','books/3.jpg',18,263,'2018-06-09 15:30:51','2018-06-09 15:30:51'),(781,'corporis','Id perspiciatis eveniet est explicabo ullam quidem voluptatem quos. Ab deserunt dolore omnis culpa quod.','books/2.jpg',47,412,'2018-06-09 15:30:51','2018-06-09 15:30:51'),(782,'qui','Sit voluptatem est eum quibusdam odit. Sunt et ipsum officia sint asperiores et. Quas beatae est iure ut et cupiditate qui.','books/3.jpg',17,143,'2018-06-09 15:30:51','2018-06-09 15:30:51'),(783,'consequatur','Qui nemo non molestias beatae et et facilis. Unde odit dicta praesentium nesciunt laboriosam. Ut perferendis maiores veritatis iste.','books/4.jpg',30,678,'2018-06-09 15:30:51','2018-06-09 15:30:51'),(784,'deleniti','Sed expedita autem similique delectus fugit quod sed similique. Id temporibus voluptatem eum. Reiciendis sed animi suscipit velit ea.','books/1.jpg',34,549,'2018-06-09 15:30:51','2018-06-09 15:30:51'),(785,'quo','Inventore accusamus id quia quis dignissimos debitis. Iusto vel sunt earum incidunt aut dolor.','books/6.jpg',37,539,'2018-06-09 15:30:51','2018-06-09 15:30:51'),(786,'minima','Dolorem illum facere rerum fugit rerum. Quam eum eius et vero et vel.','books/7.jpg',36,592,'2018-06-09 15:30:52','2018-06-09 15:30:52'),(787,'natus','Qui eligendi molestiae et nesciunt quia. Aut et fuga distinctio consequuntur illum sed.','books/6.jpg',48,375,'2018-06-09 15:30:52','2018-06-09 15:30:52'),(788,'neque','Aut omnis at quibusdam. Voluptatem voluptatibus ipsam magni voluptatem minima praesentium explicabo. Voluptatum nemo aut qui debitis quia aut facere.','books/7.jpg',15,314,'2018-06-09 15:30:52','2018-06-09 15:30:52'),(789,'quos','Rerum quidem ut magni. Aperiam ipsam ullam dolor.','books/6.jpg',27,578,'2018-06-09 15:30:52','2018-06-09 15:30:52'),(790,'dolorem','A qui eveniet voluptatem et. Ipsa ut veritatis est.','books/5.jpg',30,78,'2018-06-09 15:30:52','2018-06-09 15:30:52'),(791,'ea','Ipsa aliquam explicabo facere id. Consequatur tempora facere beatae eum praesentium qui dolores. Molestiae et quae ipsa minima atque eum odit enim.','books/2.jpg',12,142,'2018-06-09 15:30:52','2018-06-09 15:30:52'),(792,'ipsa','Mollitia sapiente explicabo est mollitia molestiae. Nihil ex at reprehenderit.','books/8.jpg',3,583,'2018-06-09 15:30:52','2018-06-09 15:30:52'),(793,'nostrum','Exercitationem eum accusamus eaque quidem est eligendi atque. Rerum veniam rerum aut tenetur aperiam aut. Accusantium molestiae iusto debitis fuga.','books/1.jpg',5,550,'2018-06-09 15:30:52','2018-06-09 15:30:52'),(794,'accusamus','Id commodi nostrum commodi ipsa non veritatis in. Atque odio qui consequuntur aspernatur itaque.','books/7.jpg',33,2,'2018-06-09 15:30:52','2018-06-09 15:30:52'),(795,'est','Neque qui quas adipisci aut iure. Aut suscipit laudantium et fuga inventore unde voluptas. Praesentium illum doloremque quis quia fuga aspernatur qui.','books/2.jpg',26,237,'2018-06-09 15:30:52','2018-06-09 15:30:52'),(796,'et','Maxime et non expedita minus illum recusandae. Id ut expedita sit esse.','books/7.jpg',19,690,'2018-06-09 15:30:52','2018-06-09 15:30:52'),(797,'consequatur','Dolore laudantium molestias et eligendi. Illum quis illo quod iusto quas velit eos est. Magni earum aliquid exercitationem ab assumenda.','books/4.jpg',29,741,'2018-06-09 15:30:52','2018-06-09 15:30:52'),(798,'amet','Maiores error velit quisquam dicta porro molestiae reprehenderit. Qui voluptatem rerum explicabo.','books/no_book_image.jpg',32,453,'2018-06-09 15:30:52','2018-06-09 15:30:52'),(799,'cumque','Facere quas ducimus quod exercitationem velit odio assumenda. Deserunt totam enim consequatur consequatur.','books/2.jpg',4,676,'2018-06-09 15:30:52','2018-06-09 15:30:52'),(800,'voluptates','Reprehenderit fugiat ea temporibus voluptatum ipsam magni tenetur. Aut vitae assumenda eius at. Doloremque eum omnis minus eos excepturi rem.','books/3.jpg',32,930,'2018-06-09 15:30:52','2018-06-09 15:30:52'),(801,'reprehenderit','Perferendis sit beatae excepturi voluptatem earum quia quia. Sapiente qui ipsam amet est veritatis. Rerum mollitia ut ex deleniti odit neque.','books/no_book_image.jpg',30,939,'2018-06-09 15:30:52','2018-06-09 15:30:52'),(802,'tempore','Similique deleniti sit enim. Et sed ipsum qui voluptatum occaecati dignissimos ut.','books/3.jpg',8,229,'2018-06-09 15:30:52','2018-06-09 15:30:52'),(803,'voluptatem','Porro velit rerum qui doloremque eum sunt pariatur tempore. Quaerat et aut modi maiores. Officiis aut sint necessitatibus aut molestiae et.','books/5.jpg',17,484,'2018-06-09 15:30:52','2018-06-09 15:30:52'),(804,'id','Soluta voluptatum voluptatum culpa corporis sed voluptas. Repellendus eligendi nesciunt quia esse nulla corrupti. Laudantium id voluptatem ducimus rerum et iusto.','books/no_book_image.jpg',22,704,'2018-06-09 15:30:53','2018-06-09 15:30:53'),(805,'quisquam','Inventore voluptatem quod voluptate blanditiis alias iste sed. Sit molestiae enim repudiandae veniam dolores.','books/3.jpg',28,295,'2018-06-09 15:30:53','2018-06-09 15:30:53'),(806,'est','Iusto repellendus praesentium et ipsam laudantium laboriosam. Mollitia sunt sed qui voluptas dolore. Alias quia rem voluptas cumque suscipit.','books/4.jpg',36,868,'2018-06-09 15:30:53','2018-06-09 15:30:53'),(807,'eum','Quis corrupti corrupti amet omnis ratione repellat ex. Hic ad facilis maiores deserunt hic et totam. Minus quia aperiam quia velit aperiam.','books/6.jpg',33,166,'2018-06-09 15:30:53','2018-06-09 15:30:53'),(808,'corrupti','Sunt reiciendis voluptas voluptates at esse. Expedita voluptates quos aut ea placeat.','books/8.jpg',2,226,'2018-06-09 15:30:53','2018-06-09 15:30:53'),(809,'autem','Quam magnam quis officia sequi nisi quidem. Rerum dolores quis ratione quo voluptatem consequatur dolore. Commodi voluptates ut rerum recusandae natus quia dolores.','books/4.jpg',3,570,'2018-06-09 15:30:53','2018-06-09 15:30:53'),(810,'praesentium','Placeat assumenda nihil molestias consequatur veniam ducimus accusantium. Nihil nobis fugiat dicta aperiam.','books/1.jpg',48,944,'2018-06-09 15:30:53','2018-06-09 15:30:53'),(811,'fugiat','Eaque consequuntur molestiae esse qui suscipit fugiat. Voluptatum aliquid cum deleniti error ex ullam.','books/4.jpg',18,494,'2018-06-09 15:30:53','2018-06-09 15:30:53'),(812,'ut','Totam quo voluptatem dicta repellat id et. Assumenda molestiae quas occaecati animi molestias. In eum aliquam eum est.','books/1.jpg',30,946,'2018-06-09 15:30:53','2018-06-09 15:30:53'),(813,'voluptas','Rerum ut nihil rerum eos. Error saepe quas esse illo dolorum omnis.','books/no_book_image.jpg',4,947,'2018-06-09 15:30:53','2018-06-09 15:30:53'),(814,'consequatur','Vel sit ipsam corrupti aut est autem recusandae. Et sunt et consequatur.','books/4.jpg',35,505,'2018-06-09 15:30:53','2018-06-09 15:30:53'),(815,'quas','Eum voluptatem ut debitis nemo dignissimos incidunt quo. Officiis dolores necessitatibus ipsa sunt omnis.','books/8.jpg',38,608,'2018-06-09 15:30:53','2018-06-09 15:30:53'),(816,'inventore','Aut iusto qui voluptas nulla. Sit impedit non vel consectetur accusamus enim.','books/3.jpg',21,424,'2018-06-09 15:30:53','2018-06-09 15:30:53'),(817,'sint','Et mollitia et modi placeat aspernatur saepe. Et voluptatem aut similique incidunt illo et.','books/2.jpg',7,645,'2018-06-09 15:30:53','2018-06-09 15:30:53'),(818,'fuga','Vel in sit sequi enim sunt. Possimus laudantium ea voluptas quam autem eum. Nulla soluta molestiae eaque quas possimus dolor qui.','books/3.jpg',7,888,'2018-06-09 15:30:53','2018-06-09 15:30:53'),(819,'vel','Ratione sint unde consequuntur qui. Eligendi aliquam eius et optio.','books/4.jpg',41,478,'2018-06-09 15:30:53','2018-06-09 15:30:53'),(820,'ducimus','Id odio maxime expedita. Deleniti pariatur deserunt recusandae officiis quia delectus.','books/5.jpg',38,877,'2018-06-09 15:30:53','2018-06-09 15:30:53'),(821,'minus','Mollitia nemo nihil ex quia unde modi facere. Totam assumenda at ipsam sit iure. Blanditiis fuga ea hic sint.','books/1.jpg',15,590,'2018-06-09 15:30:54','2018-06-09 15:30:54'),(822,'id','Cum reiciendis voluptas veniam. Eum non consequatur officiis ut dolor. Nobis quibusdam nisi nisi autem officiis dolores.','books/8.jpg',18,411,'2018-06-09 15:30:54','2018-06-09 15:30:54'),(823,'veritatis','Optio sequi harum accusamus distinctio quasi. Et atque error eveniet repellat.','books/8.jpg',49,469,'2018-06-09 15:30:54','2018-06-09 15:30:54'),(824,'qui','Labore saepe quia maiores aut in. Minus occaecati id sed consequatur.','books/5.jpg',34,584,'2018-06-09 15:30:54','2018-06-09 15:30:54'),(825,'qui','Non rerum omnis quibusdam consectetur earum esse. Dolorem mollitia sed sint qui distinctio. Minus nulla qui cumque illo.','books/3.jpg',36,151,'2018-06-09 15:30:54','2018-06-09 15:30:54'),(826,'eveniet','Nostrum quaerat ullam labore quia consequuntur libero. Reiciendis rerum provident rerum dolor asperiores. Sequi enim voluptatem dolore ad.','books/7.jpg',25,751,'2018-06-09 15:30:54','2018-06-09 15:30:54'),(827,'consectetur','Repellendus voluptatem omnis dicta deleniti. Deserunt minus est quia quia et voluptas iure. Voluptates dolorem ut excepturi qui qui eligendi.','books/2.jpg',28,481,'2018-06-09 15:30:54','2018-06-09 15:30:54'),(828,'nihil','Rerum magni et ratione aperiam. Aut animi quo et.','books/1.jpg',40,526,'2018-06-09 15:30:54','2018-06-09 15:30:54'),(829,'quam','Quo harum sint ducimus vel optio iste. Quod sed nesciunt voluptatem minima nostrum est.','books/7.jpg',49,387,'2018-06-09 15:30:54','2018-06-09 15:30:54'),(830,'et','Aut qui praesentium incidunt cum non repellat. Omnis magni et omnis quibusdam quis quia assumenda. Nemo eveniet impedit quidem hic qui.','books/7.jpg',5,179,'2018-06-09 15:30:54','2018-06-09 15:30:54'),(831,'odio','Rerum enim tempore voluptatum amet est commodi voluptatem. Doloremque in laboriosam eum non. Commodi cum reiciendis earum ipsa.','books/no_book_image.jpg',44,124,'2018-06-09 15:30:54','2018-06-09 15:30:54'),(832,'quidem','Sunt quis non enim ipsam laborum. Fugiat harum recusandae aliquam maiores.','books/8.jpg',39,884,'2018-06-09 15:30:54','2018-06-09 15:30:54'),(833,'corrupti','Et sapiente dolorum sed. Mollitia amet ex dolorem rerum.','books/3.jpg',24,88,'2018-06-09 15:30:54','2018-06-09 15:30:54'),(834,'ipsam','A consequatur ea asperiores dolorem enim recusandae earum. Quaerat sit in corporis non. Cum quo eum in.','books/2.jpg',37,845,'2018-06-09 15:30:54','2018-06-09 15:30:54'),(835,'cumque','Dolore et quo vero nihil. Culpa quasi fugiat accusantium odio expedita. Iste eligendi dignissimos nemo quam est quibusdam necessitatibus.','books/no_book_image.jpg',18,625,'2018-06-09 15:30:54','2018-06-09 15:30:54'),(836,'minus','Dignissimos sunt placeat veniam et. Sit sed magnam voluptatem expedita et corrupti. Aut consequatur veniam eos.','books/6.jpg',48,370,'2018-06-09 15:30:54','2018-06-09 15:30:54'),(837,'sit','Eos fuga repellendus ut aut dolore. Dolorem qui iste consequuntur ut. Et provident nostrum molestiae ea.','books/2.jpg',9,350,'2018-06-09 15:30:54','2018-06-09 15:30:54'),(838,'possimus','Perferendis sit nihil accusantium ut atque est. Quasi voluptates et quibusdam consequatur ut.','books/3.jpg',18,673,'2018-06-09 15:30:54','2018-06-09 15:30:54'),(839,'alias','Voluptas et nam in delectus quis maxime. Officiis id omnis non soluta voluptatibus quaerat mollitia.','books/5.jpg',21,218,'2018-06-09 15:30:54','2018-06-09 15:30:54'),(840,'in','Qui impedit illum et adipisci suscipit. Quod magni sequi nesciunt. Et quod nisi cupiditate odio praesentium mollitia.','books/8.jpg',16,434,'2018-06-09 15:30:54','2018-06-09 15:30:54'),(841,'deleniti','At libero hic id et eius quo sint. Est voluptas esse laudantium odit vero est. Non ab cumque ea ut impedit.','books/3.jpg',24,289,'2018-06-09 15:30:54','2018-06-09 15:30:54'),(842,'enim','Velit tenetur velit expedita iste dicta omnis corporis. Autem doloribus voluptatum natus id. Dolor itaque quis laboriosam consequuntur quo eum.','books/2.jpg',20,205,'2018-06-09 15:30:54','2018-06-09 15:30:54'),(843,'iusto','Commodi et debitis voluptas tenetur. Recusandae officia adipisci dolorem explicabo commodi.','books/no_book_image.jpg',14,254,'2018-06-09 15:30:55','2018-06-09 15:30:55'),(844,'est','Dolor tenetur quia praesentium eos. Sequi rerum est quidem excepturi.','books/4.jpg',2,199,'2018-06-09 15:30:55','2018-06-09 15:30:55'),(845,'ut','Et quia occaecati repellat neque unde tempora expedita ab. Fugit rerum esse illum harum molestias temporibus omnis. Ut aspernatur necessitatibus qui vero natus consequatur.','books/4.jpg',41,361,'2018-06-09 15:30:55','2018-06-09 15:30:55'),(846,'modi','At assumenda sapiente sint omnis architecto. In est saepe vero.','books/no_book_image.jpg',14,478,'2018-06-09 15:30:55','2018-06-09 15:30:55'),(847,'laboriosam','Nemo amet provident sed nulla voluptas. Quis nobis necessitatibus tempore ullam omnis minima.','books/3.jpg',40,892,'2018-06-09 15:30:55','2018-06-09 15:30:55'),(848,'officiis','Nobis eius ea enim molestias aliquid tempore adipisci. Esse sit architecto odit ut ut.','books/6.jpg',27,80,'2018-06-09 15:30:55','2018-06-09 15:30:55'),(849,'nobis','Animi eius nihil qui laborum qui assumenda et. Consectetur ipsum rerum laborum ipsam.','books/7.jpg',48,964,'2018-06-09 15:30:55','2018-06-09 15:30:55'),(850,'provident','Occaecati reiciendis reprehenderit laborum voluptas. Itaque enim velit id aut nihil impedit id. Nam quia sint praesentium ad velit omnis.','books/4.jpg',4,747,'2018-06-09 15:30:55','2018-06-09 15:30:55'),(851,'voluptates','Ut et cum dignissimos et et expedita ex soluta. Labore qui id optio earum rem.','books/1.jpg',44,254,'2018-06-09 15:30:55','2018-06-09 15:30:55'),(852,'ullam','Possimus ad dignissimos dolores dolorem. Voluptate rem perspiciatis occaecati perferendis autem qui rerum. Eligendi est iste ut.','books/3.jpg',8,371,'2018-06-09 15:30:55','2018-06-09 15:30:55'),(853,'veniam','Nesciunt qui perferendis quia aspernatur iusto repellendus sit. Est earum aliquid et consequuntur accusamus autem dicta aspernatur. Ullam fugit ipsam qui repellat.','books/6.jpg',41,621,'2018-06-09 15:30:55','2018-06-09 15:30:55'),(854,'corporis','Est eum dolor vitae accusamus. Consectetur qui inventore quisquam voluptates labore officiis.','books/3.jpg',24,648,'2018-06-09 15:30:55','2018-06-09 15:30:55'),(855,'labore','Minima iusto quas quia dignissimos. Autem itaque quas animi tenetur dolore voluptates non. Qui repudiandae ab odit qui excepturi similique.','books/7.jpg',34,769,'2018-06-09 15:30:55','2018-06-09 15:30:55'),(856,'voluptas','Et voluptas voluptate at natus sunt fugiat eum. Magnam architecto iure ex nemo saepe totam error nulla. Sed saepe numquam ad explicabo.','books/6.jpg',7,721,'2018-06-09 15:30:55','2018-06-09 15:30:55'),(857,'nam','Ipsa sed exercitationem maiores molestiae qui. Aspernatur illum illo voluptatem sequi dolores aut nemo harum. Quasi autem recusandae fuga omnis qui qui voluptas.','books/2.jpg',28,672,'2018-06-09 15:30:56','2018-06-09 15:30:56'),(858,'et','Esse ullam tenetur quaerat officiis dolores. Reprehenderit nemo aspernatur voluptas.','books/8.jpg',40,874,'2018-06-09 15:30:56','2018-06-09 15:30:56'),(859,'dolorem','Velit eos praesentium perferendis hic. Doloribus accusamus voluptatem occaecati odit libero eaque libero.','books/8.jpg',11,668,'2018-06-09 15:30:56','2018-06-09 15:30:56'),(860,'rerum','Adipisci sint non aut et facere. Veniam dolor reprehenderit est et quo consequatur. Ipsum porro fuga porro dignissimos consequatur ut aliquam doloribus.','books/5.jpg',5,868,'2018-06-09 15:30:56','2018-06-09 15:30:56'),(861,'facilis','Perferendis sed eius tempora quasi itaque ea. Rem temporibus et vel. Harum reiciendis soluta aut consequatur.','books/3.jpg',34,399,'2018-06-09 15:30:56','2018-06-09 15:30:56'),(862,'at','Occaecati voluptatem voluptas sunt veritatis culpa amet. Culpa iusto repellat repudiandae sed eligendi.','books/3.jpg',41,151,'2018-06-09 15:30:56','2018-06-09 15:30:56'),(863,'laboriosam','Quo accusamus et et quo ut. Iure autem aut quidem nemo corrupti est. Nobis sed soluta aut ex enim.','books/3.jpg',39,500,'2018-06-09 15:30:56','2018-06-09 15:30:56'),(864,'sed','Suscipit exercitationem unde corporis illum sit veritatis qui. Repudiandae repudiandae minus voluptatum. Sed et ea voluptatem non at ut.','books/7.jpg',14,565,'2018-06-09 15:30:56','2018-06-09 15:30:56'),(865,'qui','Ut possimus quas enim iure aut et doloribus est. Ut laudantium sed ipsam sunt saepe voluptatem. Quaerat et sed vel quam.','books/6.jpg',42,91,'2018-06-09 15:30:56','2018-06-09 15:30:56'),(866,'quas','Nisi quos ratione deserunt porro quae ratione saepe. Reiciendis expedita doloremque voluptatem natus. Quos dolores tempore nesciunt omnis non.','books/3.jpg',41,334,'2018-06-09 15:30:56','2018-06-09 15:30:56'),(867,'inventore','Sunt aut quibusdam quia animi labore tempora et. Blanditiis error neque doloremque necessitatibus nihil sint aut omnis.','books/1.jpg',18,900,'2018-06-09 15:30:56','2018-06-09 15:30:56'),(868,'quidem','Unde facilis omnis maxime maxime sint eum deserunt. Aliquam atque voluptatem a nisi aut.','books/5.jpg',21,720,'2018-06-09 15:30:56','2018-06-09 15:30:56'),(869,'molestiae','Praesentium eum est labore dolor provident voluptatibus molestiae et. Consequatur totam ut expedita. Aut libero sed minima eos consequatur beatae.','books/no_book_image.jpg',30,741,'2018-06-09 15:30:56','2018-06-09 15:30:56'),(870,'fugiat','Deleniti aspernatur sint temporibus ab ut. Necessitatibus sequi fugiat quo commodi et nam minima.','books/2.jpg',4,635,'2018-06-09 15:30:57','2018-06-09 15:30:57'),(871,'cupiditate','Excepturi vel aut doloremque. Omnis cupiditate ut nisi odit.','books/1.jpg',48,853,'2018-06-09 15:30:57','2018-06-09 15:30:57'),(872,'est','Qui veritatis quae quod voluptate facilis. Dolorum repellendus et voluptatem aut sit.','books/1.jpg',6,114,'2018-06-09 15:30:57','2018-06-09 15:30:57'),(873,'aut','Aperiam ea laborum corporis sint aut est consequatur. Cumque ut enim sint ab cum a facilis maiores. Cupiditate laudantium veritatis deserunt consequatur et quod vel.','books/4.jpg',29,185,'2018-06-09 15:30:57','2018-06-09 15:30:57'),(874,'voluptatem','Accusantium ut reiciendis dolore architecto soluta cupiditate. Assumenda et quidem commodi libero et omnis.','books/1.jpg',48,65,'2018-06-09 15:30:57','2018-06-09 15:30:57'),(875,'quisquam','Et sit architecto consequatur ea ut. Quia sit maiores et sequi sint aut.','books/6.jpg',18,630,'2018-06-09 15:30:57','2018-06-09 15:30:57'),(876,'est','Hic sed illo tenetur ratione quis atque sequi. Maxime ut rem quo rerum vel maxime suscipit.','books/7.jpg',3,866,'2018-06-09 15:30:57','2018-06-09 15:30:57'),(877,'ut','Esse laborum est facere error molestiae. Similique autem illo adipisci excepturi. Quo ut dolores accusantium laborum ut.','books/5.jpg',37,21,'2018-06-09 15:30:57','2018-06-09 15:30:57'),(878,'delectus','Est suscipit sunt labore qui tempore molestiae amet. Porro reiciendis provident enim explicabo dolorem ducimus et. Sit vero sunt eius aut.','books/7.jpg',17,708,'2018-06-09 15:30:57','2018-06-09 15:30:57'),(879,'eius','Dicta similique ut laboriosam et totam. Ut expedita id laudantium autem atque odit. Aut maiores voluptatum eius aliquid.','books/6.jpg',40,530,'2018-06-09 15:30:57','2018-06-09 15:30:57'),(880,'harum','Odio in ea repellat maxime laborum ea consequatur. Pariatur voluptate deserunt ipsum consequatur aperiam fuga aliquid.','books/7.jpg',17,916,'2018-06-09 15:30:57','2018-06-09 15:30:57'),(881,'officiis','Occaecati ad hic necessitatibus accusantium. Sint eveniet amet placeat voluptas et. Suscipit officiis et distinctio vero.','books/no_book_image.jpg',45,359,'2018-06-09 15:30:57','2018-06-09 15:30:57'),(882,'eos','Aut voluptatibus aliquam fugiat velit explicabo. Magni excepturi ducimus mollitia dolorem.','books/3.jpg',2,887,'2018-06-09 15:30:57','2018-06-09 15:30:57'),(883,'vitae','Nemo consequatur consequatur modi quis est. Earum sint iure itaque est. Doloremque iusto voluptatibus sint sunt sit fugit accusamus totam.','books/3.jpg',6,866,'2018-06-09 15:30:57','2018-06-09 15:30:57'),(884,'nemo','Voluptatem adipisci officia sed sunt libero. Et voluptas ullam totam inventore. Libero eaque dolor eos asperiores ratione esse animi.','books/2.jpg',13,259,'2018-06-09 15:30:57','2018-06-09 15:30:57'),(885,'perspiciatis','Dolor praesentium sunt eum rerum commodi maiores voluptatem sunt. Neque sed autem accusantium architecto corrupti maiores vitae.','books/4.jpg',10,500,'2018-06-09 15:30:57','2018-06-09 15:30:57'),(886,'pariatur','Sed facere ab ut rerum nam et officiis. Praesentium repellat labore eveniet ipsam maxime quo. Vel sit voluptatem ut nobis modi.','books/1.jpg',35,489,'2018-06-09 15:30:57','2018-06-09 15:30:57'),(887,'quia','Quos quod nisi aut illum et dignissimos fuga veniam. Eum adipisci vel facilis repellendus esse fuga nostrum. Excepturi numquam ut sit.','books/4.jpg',4,129,'2018-06-09 15:30:57','2018-06-09 15:30:57'),(888,'expedita','Qui aut maxime rem voluptatem. Consequatur assumenda minus ut qui sit voluptatem.','books/5.jpg',47,83,'2018-06-09 15:30:57','2018-06-09 15:30:57'),(889,'consequuntur','Velit dicta molestiae error voluptas non et. Quos consequatur voluptatem voluptate iusto. Tempore reiciendis suscipit molestiae eum sed.','books/2.jpg',41,12,'2018-06-09 15:30:57','2018-06-09 15:30:57'),(890,'provident','Voluptatem quaerat quo esse et inventore voluptatem minus. Quo repellat eum perspiciatis est consequatur veniam in ea.','books/1.jpg',1,539,'2018-06-09 15:30:58','2018-06-09 15:30:58'),(891,'quis','Ipsam exercitationem architecto accusamus sint vel. Qui occaecati vero ut molestiae voluptate.','books/8.jpg',10,598,'2018-06-09 15:30:58','2018-06-09 15:30:58'),(892,'doloremque','Fugiat odio officiis doloremque veniam harum. Magnam labore voluptatem necessitatibus quasi tenetur. Doloremque ut hic est distinctio iusto eos impedit mollitia.','books/no_book_image.jpg',9,428,'2018-06-09 15:30:58','2018-06-09 15:30:58'),(893,'voluptas','Enim enim non quia voluptate. Consequatur aspernatur qui velit suscipit quia ab. Dolor veritatis esse modi laboriosam.','books/6.jpg',33,366,'2018-06-09 15:30:58','2018-06-09 15:30:58'),(894,'est','Ducimus sunt minus amet. Voluptatem modi non nulla enim iure.','books/no_book_image.jpg',44,449,'2018-06-09 15:30:58','2018-06-09 15:30:58'),(895,'culpa','Libero quibusdam aut veritatis. Dolorum eligendi expedita quod debitis non enim quibusdam. Laudantium sed et quasi nesciunt ut.','books/5.jpg',1,601,'2018-06-09 15:30:58','2018-06-09 15:30:58'),(896,'a','Iste rerum quo voluptates velit ab illum recusandae deserunt. Sit error laudantium tempora natus vitae quasi.','books/5.jpg',5,791,'2018-06-09 15:30:58','2018-06-09 15:30:58'),(897,'aut','Non veniam tenetur culpa soluta aut reiciendis. Voluptate odit cumque similique assumenda voluptatem.','books/2.jpg',5,848,'2018-06-09 15:30:58','2018-06-09 15:30:58'),(898,'ipsum','Corporis est itaque illo ut. Placeat voluptatem ullam omnis ducimus vel. Omnis deleniti quo aspernatur est atque voluptatem quo.','books/4.jpg',50,755,'2018-06-09 15:30:58','2018-06-09 15:30:58'),(899,'enim','Ut cumque voluptatem non in. Eveniet libero minima rerum dolor.','books/6.jpg',1,976,'2018-06-09 15:30:58','2018-06-09 15:30:58'),(900,'corrupti','Quas dolores est libero. Aspernatur ad aut reiciendis ipsam hic aut aut quasi.','books/7.jpg',21,729,'2018-06-09 15:30:58','2018-06-09 15:30:58'),(901,'et','Enim tempora labore dicta magni explicabo ut sequi. A corporis accusantium laboriosam non officiis doloribus esse. Officia velit unde quia pariatur aliquid est.','books/no_book_image.jpg',40,835,'2018-06-09 15:30:58','2018-06-09 15:30:58'),(902,'pariatur','Molestias mollitia ipsum consequatur rem. Hic qui quis et qui soluta. Id ipsa nulla perspiciatis.','books/3.jpg',50,259,'2018-06-09 15:30:58','2018-06-09 15:30:58'),(903,'sit','Sed alias culpa ut. Nam voluptatem voluptatum atque expedita optio.','books/3.jpg',3,370,'2018-06-09 15:30:58','2018-06-09 15:30:58'),(904,'quae','Et facere dolorem hic facilis excepturi. Natus et eum omnis.','books/6.jpg',26,796,'2018-06-09 15:30:58','2018-06-09 15:30:58'),(905,'et','Qui esse ab facere similique voluptatem ea. Animi nisi tempora consequatur molestias dolorum blanditiis. Omnis labore fuga voluptas officia.','books/7.jpg',27,600,'2018-06-09 15:30:58','2018-06-09 15:30:58'),(906,'repellat','Consectetur commodi accusamus occaecati illo eaque. Ut placeat incidunt animi accusamus quae consequuntur aliquam vel.','books/1.jpg',20,807,'2018-06-09 15:30:58','2018-06-09 15:30:58'),(907,'molestiae','Officia voluptatem tempore harum provident. Voluptatem non itaque placeat deleniti consectetur voluptatibus et.','books/7.jpg',20,693,'2018-06-09 15:30:58','2018-06-09 15:30:58'),(908,'dolor','Blanditiis blanditiis quia et tenetur optio rem sunt earum. Voluptas placeat beatae iusto est illo quidem impedit.','books/6.jpg',40,5,'2018-06-09 15:30:58','2018-06-09 15:30:58'),(909,'rerum','Omnis quidem nesciunt eius impedit id. Ratione dolore numquam expedita aut. Id quod veritatis libero est tempore.','books/7.jpg',11,61,'2018-06-09 15:30:59','2018-06-09 15:30:59'),(910,'quo','Eum id praesentium consequatur omnis voluptate. Distinctio sit quia autem tempore. Ullam sunt ducimus recusandae laboriosam.','books/5.jpg',4,676,'2018-06-09 15:30:59','2018-06-09 15:30:59'),(911,'ea','Ut earum consequatur sequi voluptatum rerum. Omnis blanditiis tempore culpa qui aut repudiandae in.','books/2.jpg',34,71,'2018-06-09 15:30:59','2018-06-09 15:30:59'),(912,'alias','Hic iure tempora voluptates quia quia magni vel molestias. Aut nisi harum nobis.','books/5.jpg',21,64,'2018-06-09 15:30:59','2018-06-09 15:30:59'),(913,'sunt','Voluptatibus magni ea nostrum voluptatem laudantium et quia. Voluptatem enim quia molestiae temporibus nesciunt quaerat voluptatum.','books/7.jpg',31,871,'2018-06-09 15:30:59','2018-06-09 15:30:59'),(914,'reiciendis','Et placeat quidem in maiores cumque doloribus. Aliquid eius ipsam eum at quo consequuntur. Dolore cupiditate et quos ipsa dolores illum est quia.','books/1.jpg',37,215,'2018-06-09 15:30:59','2018-06-09 15:30:59'),(915,'debitis','Dolor quo sed labore maxime. Debitis tempore repudiandae optio et eos sunt quo.','books/3.jpg',38,737,'2018-06-09 15:30:59','2018-06-09 15:30:59'),(916,'ipsa','Architecto quaerat temporibus voluptatem tempore tempora. Iusto sequi autem aut sit.','books/3.jpg',16,920,'2018-06-09 15:30:59','2018-06-09 15:30:59'),(917,'recusandae','Est aut excepturi eos dolores quae. Omnis perferendis reiciendis adipisci labore animi aliquid at vero. At dolor nostrum aperiam qui molestiae magnam.','books/7.jpg',6,604,'2018-06-09 15:30:59','2018-06-09 15:30:59'),(918,'in','Nisi qui eum magni est voluptate. Non omnis rerum et nihil qui pariatur aut.','books/6.jpg',1,404,'2018-06-09 15:30:59','2018-06-09 15:30:59'),(919,'ea','Cum incidunt possimus rem laboriosam ut odio. Qui vitae aut consectetur nam occaecati.','books/5.jpg',22,355,'2018-06-09 15:30:59','2018-06-09 15:30:59'),(920,'et','Ea doloribus ut voluptatum. Quasi suscipit architecto ullam in. Consequatur ex distinctio praesentium officiis doloribus et qui quia.','books/6.jpg',7,469,'2018-06-09 15:30:59','2018-06-09 15:30:59'),(921,'omnis','Voluptas iusto et qui voluptatum est. Eos nesciunt dolorem exercitationem omnis ipsa placeat.','books/5.jpg',43,296,'2018-06-09 15:30:59','2018-06-09 15:30:59'),(922,'sint','Et eum sunt culpa eaque quia. Nobis ipsa hic sed assumenda autem eum voluptate. Molestias perferendis hic laudantium quasi numquam architecto reprehenderit.','books/2.jpg',20,13,'2018-06-09 15:30:59','2018-06-09 15:30:59'),(923,'aspernatur','Et omnis unde eum. Dolorum doloribus voluptates porro.','books/4.jpg',29,78,'2018-06-09 15:30:59','2018-06-09 15:30:59'),(924,'qui','Voluptatibus aperiam officiis aut nobis sapiente. Eos quasi voluptates nemo dolores aut nobis.','books/6.jpg',46,604,'2018-06-09 15:30:59','2018-06-09 15:30:59'),(925,'iusto','Omnis et maiores sit asperiores inventore velit nisi minima. Animi aut sit velit a saepe suscipit. Aut recusandae commodi sed consequuntur sequi odio qui.','books/5.jpg',3,44,'2018-06-09 15:30:59','2018-06-09 15:30:59'),(926,'sequi','Sit id sunt beatae animi quae commodi ea. Cupiditate et enim recusandae blanditiis et et magnam.','books/1.jpg',43,413,'2018-06-09 15:30:59','2018-06-09 15:30:59'),(927,'recusandae','Modi quam et ut animi facere. Ut quo incidunt voluptatem veniam.','books/1.jpg',19,688,'2018-06-09 15:30:59','2018-06-09 15:30:59'),(928,'quisquam','Molestias tempore quaerat cupiditate ducimus eius quia. Autem nulla ratione aut totam voluptas aut.','books/2.jpg',18,207,'2018-06-09 15:30:59','2018-06-09 15:30:59'),(929,'suscipit','Voluptas dolores molestiae eius minima voluptatem. Et recusandae aperiam quia qui debitis. Quia non delectus deserunt sapiente enim enim id.','books/3.jpg',4,185,'2018-06-09 15:31:00','2018-06-09 15:31:00'),(930,'voluptatem','Dolorem qui velit error. Ut eligendi fugiat et pariatur.','books/2.jpg',38,927,'2018-06-09 15:31:00','2018-06-09 15:31:00'),(931,'corrupti','Praesentium autem pariatur sequi quo voluptatem cupiditate sit et. Culpa laboriosam occaecati qui tenetur et. Corporis doloribus aut veniam delectus dolor corrupti.','books/7.jpg',15,431,'2018-06-09 15:31:00','2018-06-09 15:31:00'),(932,'ut','Laborum iusto aut veniam sequi commodi voluptatem. Quia asperiores hic ut. Facere dolorem enim assumenda non maxime.','books/4.jpg',2,552,'2018-06-09 15:31:00','2018-06-09 15:31:00'),(933,'velit','Nesciunt dolorem voluptatem laboriosam illum. Quis qui impedit rem aut expedita ea molestiae explicabo. Dolores qui soluta illo neque.','books/4.jpg',40,475,'2018-06-09 15:31:00','2018-06-09 15:31:00'),(934,'inventore','Non et itaque vel explicabo nobis ex ratione. Quisquam error eligendi consequatur iure non rerum.','books/8.jpg',39,10,'2018-06-09 15:31:00','2018-06-09 15:31:00'),(935,'qui','Deleniti voluptates corporis aperiam eum laborum iste voluptatibus sit. Maiores est et mollitia mollitia illo. Esse in ut velit molestiae aut et quas.','books/1.jpg',2,266,'2018-06-09 15:31:00','2018-06-09 15:31:00'),(936,'maxime','Ea dolorem sequi eum quia molestiae. Velit a soluta consequuntur pariatur voluptatem et quam. Est ut voluptas reiciendis eos pariatur.','books/no_book_image.jpg',14,716,'2018-06-09 15:31:00','2018-06-09 15:31:00'),(937,'saepe','Sapiente nobis et sed nam adipisci enim ut. Illum error illo adipisci asperiores quisquam aliquam.','books/5.jpg',34,161,'2018-06-09 15:31:00','2018-06-09 15:31:00'),(938,'necessitatibus','Voluptatem dolore saepe molestias ut laboriosam voluptatem. Culpa ipsum ut reiciendis mollitia. Eaque voluptate et placeat consequatur omnis nostrum ad.','books/2.jpg',9,164,'2018-06-09 15:31:00','2018-06-09 15:31:00'),(939,'maiores','Commodi eveniet excepturi veritatis accusamus aut nihil occaecati voluptates. Odit vitae ipsa dolore saepe distinctio distinctio laudantium. Amet ea molestias saepe provident ullam.','books/4.jpg',12,334,'2018-06-09 15:31:00','2018-06-09 15:31:00'),(940,'earum','Nulla neque laudantium dolorem saepe harum. Quas sequi autem deserunt facere. Qui voluptatem voluptas eligendi natus voluptatem et in.','books/8.jpg',31,1000,'2018-06-09 15:31:00','2018-06-09 15:31:00'),(941,'voluptatum','Odio nobis esse consequatur itaque. Illo qui magni et. Possimus et omnis reprehenderit magni et doloribus laboriosam eum.','books/4.jpg',33,723,'2018-06-09 15:31:00','2018-06-09 15:31:00'),(942,'fuga','Et aut voluptas consectetur eum praesentium et molestias iusto. Et corporis quasi dolor ratione dolor harum et.','books/6.jpg',45,462,'2018-06-09 15:31:00','2018-06-09 15:31:00'),(943,'consequatur','Possimus et esse blanditiis nostrum temporibus rerum quam. Numquam et doloribus aperiam ipsa omnis. Esse ut ab non vitae amet.','books/7.jpg',7,742,'2018-06-09 15:31:00','2018-06-09 15:31:00'),(944,'sed','Eius fugiat itaque cum asperiores. Blanditiis tempore maxime impedit sint quas. Eaque optio illo sint est aperiam aut labore aut.','books/6.jpg',25,843,'2018-06-09 15:31:00','2018-06-09 15:31:00'),(945,'enim','Officia neque rem doloremque unde id et vitae. Ex mollitia nisi et. Deleniti ut corporis aperiam voluptatem.','books/3.jpg',48,746,'2018-06-09 15:31:00','2018-06-09 15:31:00'),(946,'necessitatibus','Dolorem aspernatur atque autem illo. Et delectus sunt praesentium provident enim sed.','books/no_book_image.jpg',33,428,'2018-06-09 15:31:00','2018-06-09 15:31:00'),(947,'sunt','Aliquid quo exercitationem aliquid eaque. Quia est odio accusantium quo et. Quia et officiis incidunt cum quaerat veritatis cumque.','books/4.jpg',13,301,'2018-06-09 15:31:00','2018-06-09 15:31:00'),(948,'dolores','Quo dolorem consequuntur repellendus. Corrupti qui accusamus consequatur culpa. Aliquam ratione sint qui et.','books/4.jpg',30,415,'2018-06-09 15:31:00','2018-06-09 15:31:00'),(949,'beatae','Aut fugit voluptas molestiae ullam fugiat. Dolorem omnis dolores neque impedit quibusdam laboriosam.','books/4.jpg',16,557,'2018-06-09 15:31:00','2018-06-09 15:31:00'),(950,'aut','Dignissimos omnis perspiciatis pariatur alias rem. Eos laboriosam dolores adipisci. Quidem culpa soluta odio sequi facilis molestiae quis eius.','books/4.jpg',12,653,'2018-06-09 15:31:00','2018-06-09 15:31:00'),(951,'voluptas','Omnis qui ipsa ex nihil reiciendis officia. Non laudantium adipisci quo id tempore. Velit perspiciatis ratione et.','books/1.jpg',42,480,'2018-06-09 15:31:00','2018-06-09 15:31:00'),(952,'distinctio','Est eum voluptatem delectus officiis sapiente. Eius vel est non nostrum placeat maiores fugiat.','books/6.jpg',17,324,'2018-06-09 15:31:01','2018-06-09 15:31:01'),(953,'ea','Dolores ut dolores velit dicta ut est quia. In quisquam voluptate voluptatem.','books/1.jpg',42,957,'2018-06-09 15:31:01','2018-06-09 15:31:01'),(954,'aut','Veniam quod quos illum. Dolor in culpa suscipit qui non quas.','books/4.jpg',25,921,'2018-06-09 15:31:01','2018-06-09 15:31:01'),(955,'perspiciatis','Blanditiis sit ipsum voluptatem cupiditate illo. Totam enim et sint ut molestiae tempora est.','books/2.jpg',44,924,'2018-06-09 15:31:01','2018-06-09 15:31:01'),(956,'dolore','Qui sequi eum illo occaecati atque. Facilis quaerat vel commodi sint doloribus accusantium mollitia ut. Aperiam culpa sint amet dolor.','books/1.jpg',50,153,'2018-06-09 15:31:01','2018-06-09 15:31:01'),(957,'eveniet','Aperiam deserunt dolores animi soluta. Commodi distinctio natus in porro ullam.','books/4.jpg',31,368,'2018-06-09 15:31:01','2018-06-09 15:31:01'),(958,'fugit','Explicabo sunt qui quaerat enim. Nobis quis atque accusantium ipsam unde.','books/1.jpg',29,105,'2018-06-09 15:31:01','2018-06-09 15:31:01'),(959,'enim','Enim sit ut id non omnis magnam et dicta. Quis voluptatem placeat nesciunt quo architecto voluptatum est. Sapiente possimus reiciendis maiores quos pariatur non quia.','books/1.jpg',21,666,'2018-06-09 15:31:01','2018-06-09 15:31:01'),(960,'et','Illum atque dolore adipisci quaerat a accusamus. Voluptas sed illo maxime cum non voluptatem ad quia.','books/8.jpg',31,276,'2018-06-09 15:31:01','2018-06-09 15:31:01'),(961,'quibusdam','Accusamus repellendus fuga ducimus quo soluta. Tempora est enim recusandae nostrum et delectus.','books/4.jpg',4,573,'2018-06-09 15:31:01','2018-06-09 15:31:01'),(962,'culpa','Voluptas quis exercitationem fugiat tenetur. Laudantium qui vel deserunt natus sequi aperiam.','books/2.jpg',34,344,'2018-06-09 15:31:01','2018-06-09 15:31:01'),(963,'at','Laudantium cupiditate necessitatibus quis non quaerat. Nobis quidem ad at unde expedita enim. Et iusto qui aspernatur cupiditate.','books/7.jpg',13,336,'2018-06-09 15:31:01','2018-06-09 15:31:01'),(964,'quia','Sit qui reiciendis incidunt maxime est et a ullam. Recusandae et illum aspernatur est est debitis exercitationem.','books/6.jpg',47,921,'2018-06-09 15:31:01','2018-06-09 15:31:01'),(965,'vitae','Molestiae labore nihil voluptatem sint quidem sunt vel perferendis. Velit dolorem officiis est.','books/1.jpg',11,59,'2018-06-09 15:31:01','2018-06-09 15:31:01'),(966,'deserunt','Omnis dolorum nihil vero expedita. Error rem voluptatum laudantium quibusdam. Molestiae qui nobis ullam.','books/1.jpg',46,163,'2018-06-09 15:31:02','2018-06-09 15:31:02'),(967,'explicabo','Voluptas non quis cupiditate sapiente reprehenderit et. Est eos quis fugit quo corporis magnam est. Tempore doloribus vel vitae accusamus.','books/7.jpg',41,498,'2018-06-09 15:31:02','2018-06-09 15:31:02'),(968,'rem','Numquam dolores officiis itaque possimus numquam inventore occaecati. At quisquam sed qui voluptas quia facilis enim. Iure dolorem deleniti eum.','books/no_book_image.jpg',3,232,'2018-06-09 15:31:02','2018-06-09 15:31:02'),(969,'impedit','Est accusantium alias sit. Fugit vero hic aut adipisci. Quos beatae incidunt iure nisi nulla.','books/5.jpg',27,7,'2018-06-09 15:31:02','2018-06-09 15:31:02'),(970,'dignissimos','Laudantium id voluptas temporibus accusantium corporis. Debitis facere possimus distinctio distinctio et et. Autem exercitationem dolores at qui non.','books/7.jpg',42,29,'2018-06-09 15:31:02','2018-06-09 15:31:02'),(971,'quae','Dolores quae excepturi sit et. Officia vitae hic magnam ipsam reprehenderit.','books/3.jpg',30,349,'2018-06-09 15:31:02','2018-06-09 15:31:02'),(972,'sunt','Aliquam eaque a praesentium aliquid. Et pariatur voluptatibus consequuntur omnis est quam. Laborum impedit quasi unde eligendi molestiae nam veritatis neque.','books/4.jpg',36,285,'2018-06-09 15:31:02','2018-06-09 15:31:02'),(973,'accusamus','Perferendis aut nostrum ab iusto. Minima id eveniet similique quo. Suscipit sed adipisci minus voluptatem.','books/no_book_image.jpg',24,104,'2018-06-09 15:31:02','2018-06-09 15:31:02'),(974,'consequatur','Et libero veritatis nostrum inventore cum. Excepturi commodi incidunt quod eum.','books/5.jpg',20,63,'2018-06-09 15:31:02','2018-06-09 15:31:02'),(975,'animi','Sed eum necessitatibus repudiandae velit eius animi. Eligendi expedita fuga non esse sed. Voluptatem voluptatem qui fugiat accusamus earum eos amet.','books/1.jpg',1,306,'2018-06-09 15:31:02','2018-06-09 15:31:02'),(976,'veniam','In ea autem consequatur at debitis quos id aperiam. Quos perferendis eum quae ea quia et. Aut repudiandae et atque deleniti laboriosam saepe fugit.','books/8.jpg',5,668,'2018-06-09 15:31:02','2018-06-09 15:31:02'),(977,'esse','Officiis modi illum voluptate atque et ullam fugiat. Inventore nisi est molestiae qui.','books/4.jpg',18,894,'2018-06-09 15:31:02','2018-06-09 15:31:02'),(978,'facere','Vel soluta assumenda et maiores aliquam et. Sint corrupti et omnis itaque.','books/3.jpg',49,658,'2018-06-09 15:31:02','2018-06-09 15:31:02'),(979,'suscipit','Eligendi corrupti ea reiciendis non nisi sed. Voluptate quo ut minus ipsam. Veritatis quibusdam eius repellendus.','books/no_book_image.jpg',15,55,'2018-06-09 15:31:02','2018-06-09 15:31:02'),(980,'modi','Illo recusandae accusantium vel libero. Possimus omnis odio eum doloremque omnis. Officiis ipsum cum labore cum.','books/4.jpg',42,240,'2018-06-09 15:31:02','2018-06-09 15:31:02'),(981,'autem','Quia cupiditate ut quaerat et ad consequuntur. Qui est qui et.','books/no_book_image.jpg',19,598,'2018-06-09 15:31:02','2018-06-09 15:31:02'),(982,'autem','Maxime cumque dicta dolor dignissimos quis. At dolorum dignissimos ullam libero eos ratione.','books/no_book_image.jpg',29,611,'2018-06-09 15:31:02','2018-06-09 15:31:02'),(983,'aut','Tempora magni tempora animi est a vel asperiores temporibus. Sequi ipsa aut id et. Quibusdam enim recusandae laudantium voluptatem error.','books/2.jpg',45,987,'2018-06-09 15:31:02','2018-06-09 15:31:02'),(984,'et','Odit non quia ullam et ut. Impedit magni architecto et assumenda occaecati numquam consectetur. Vero et nihil architecto optio odio accusamus hic.','books/4.jpg',23,709,'2018-06-09 15:31:02','2018-06-09 15:31:02'),(985,'ut','Esse ipsa et animi asperiores nihil porro possimus nobis. Quia corrupti quod recusandae exercitationem aspernatur sit. Laborum est perferendis quaerat qui.','books/1.jpg',35,430,'2018-06-09 15:31:03','2018-06-09 15:31:03'),(986,'maxime','Asperiores et eligendi enim. Neque non dicta totam perferendis beatae quasi tenetur.','books/4.jpg',19,118,'2018-06-09 15:31:03','2018-06-09 15:31:03'),(987,'aliquam','Et voluptas illum et vel amet soluta. Et maiores est omnis. Totam assumenda dolores suscipit exercitationem quasi earum.','books/4.jpg',28,722,'2018-06-09 15:31:03','2018-06-09 15:31:03'),(988,'voluptates','Est ut voluptatibus et voluptatem qui esse modi. Molestias temporibus maiores fugit consequuntur. Necessitatibus quas et perferendis.','books/7.jpg',15,363,'2018-06-09 15:31:03','2018-06-09 15:31:03'),(989,'consequatur','Quo ut voluptates qui consequuntur delectus. Facere aut exercitationem assumenda optio eius doloremque. Quos consequatur dicta totam inventore.','books/1.jpg',28,355,'2018-06-09 15:31:03','2018-06-09 15:31:03'),(990,'vel','Repudiandae corporis asperiores quia. Molestias veniam consequatur facere neque voluptatem sit nostrum.','books/3.jpg',10,531,'2018-06-09 15:31:03','2018-06-09 15:31:03'),(991,'voluptas','Totam cum est in facere eligendi. Ad corrupti minima consequatur quis voluptatem dolor. Alias et non ea quis qui quae.','books/2.jpg',3,444,'2018-06-09 15:31:03','2018-06-09 15:31:03'),(992,'ex','Blanditiis est vel aut numquam voluptas vero. Doloribus aut nostrum suscipit similique voluptates non ducimus. Molestias et repudiandae quia.','books/6.jpg',32,89,'2018-06-09 15:31:03','2018-06-09 15:31:03'),(993,'placeat','Rerum ut alias totam iste quae sequi omnis. Officia enim occaecati dolorem perferendis illo non beatae. Sit et exercitationem sed cupiditate a.','books/5.jpg',49,912,'2018-06-09 15:31:03','2018-06-09 15:31:03'),(994,'dicta','Aut hic alias facere ut deserunt. Dolorem voluptas ipsam rerum magni dolorum quasi est. Et pariatur ipsa quia tenetur sed ullam voluptatem.','books/3.jpg',24,245,'2018-06-09 15:31:03','2018-06-09 15:31:03'),(995,'ut','Possimus cum velit sapiente officia. Alias ea ipsam ut maxime ut aut. Facilis totam doloremque dolor maiores deserunt.','books/5.jpg',49,649,'2018-06-09 15:31:03','2018-06-09 15:31:03'),(996,'mollitia','Aut ullam eos adipisci. Autem dolore tempora perspiciatis modi. Doloribus veritatis architecto consectetur qui et impedit.','books/7.jpg',24,354,'2018-06-09 15:31:03','2018-06-09 15:31:03'),(997,'nemo','Doloribus culpa nam veniam tempora dolor. Et et fugit ut exercitationem esse. Et dolor optio eos laboriosam quod et.','books/8.jpg',35,251,'2018-06-09 15:31:03','2018-06-09 15:31:03'),(998,'fugiat','Voluptatum et molestias sunt praesentium quis aliquam ea. Ad labore numquam molestiae perferendis enim. Omnis corporis quam temporibus molestias recusandae.','books/7.jpg',16,862,'2018-06-09 15:31:03','2018-06-09 15:31:03'),(999,'consequatur','In sequi dolorem modi dolorum. Aut enim voluptatem et illo error.','books/8.jpg',23,649,'2018-06-09 15:31:03','2018-06-09 15:31:03'),(1000,'illum','Commodi ut voluptas natus quod in perferendis. Accusamus reiciendis enim dignissimos est consectetur dolore autem.','books/7.jpg',14,525,'2018-06-09 15:31:03','2018-06-09 15:31:03');
/*!40000 ALTER TABLE `books` ENABLE KEYS */;
UNLOCK TABLES;

--
-- Table structure for table `categories`
--

DROP TABLE IF EXISTS `categories`;
/*!40101 SET @saved_cs_client     = @@character_set_client */;
/*!40101 SET character_set_client = utf8 */;
CREATE TABLE `categories` (
  `id` int(10) unsigned NOT NULL AUTO_INCREMENT,
  `name` varchar(191) COLLATE utf8mb4_unicode_ci NOT NULL,
  `description` varchar(1000) COLLATE utf8mb4_unicode_ci NOT NULL,
  `created_at` timestamp NULL DEFAULT NULL,
  `updated_at` timestamp NULL DEFAULT NULL,
  PRIMARY KEY (`id`)
) ENGINE=InnoDB AUTO_INCREMENT=13 DEFAULT CHARSET=utf8mb4 COLLATE=utf8mb4_unicode_ci;
/*!40101 SET character_set_client = @saved_cs_client */;

--
-- Dumping data for table `categories`
--

LOCK TABLES `categories` WRITE;
/*!40000 ALTER TABLE `categories` DISABLE KEYS */;
INSERT INTO `categories` VALUES (1,'est','Molestiae magni aut dolor suscipit autem porro commodi. Animi laborum molestiae facilis laborum quaerat voluptate.','2018-06-09 15:28:23','2018-06-09 15:28:23'),(2,'sit','Et unde maiores et qui. Libero aut itaque sequi est nobis assumenda odio.','2018-06-09 15:28:23','2018-06-09 15:28:23'),(3,'porro','Ipsam et dolor quo culpa vero. Deleniti ad ratione ratione non ea quis odio laboriosam. Sit provident vero natus delectus temporibus minima.','2018-06-09 15:28:23','2018-06-09 15:28:23'),(4,'excepturi','Qui sed animi consequatur pariatur. Occaecati et incidunt quia asperiores voluptas. Sunt deleniti itaque quibusdam reiciendis explicabo vero quasi.','2018-06-09 15:28:23','2018-06-09 15:28:23'),(5,'rerum','Consequatur dolorem cumque sint atque commodi harum dignissimos magni. Nihil asperiores placeat voluptates voluptatem repudiandae quam. Illo consequatur ea accusamus et corrupti quis ut.','2018-06-09 15:28:23','2018-06-09 15:28:23'),(6,'vero','Nam est dolores tempore omnis quae. Repellendus et aperiam natus voluptatem odit ea amet eaque. Sunt excepturi ipsa facere harum consequatur.','2018-06-09 15:28:23','2018-06-09 15:28:23'),(7,'aut','Omnis voluptas esse est rem. Sit quia itaque fuga et. Odit ducimus quis et culpa quidem velit.','2018-06-09 15:28:23','2018-06-09 15:28:23'),(8,'laborum','Ut velit occaecati minima. Ratione aut dolor consequatur consequatur mollitia officiis natus.','2018-06-09 15:28:23','2018-06-09 15:28:23'),(9,'adipisci','Tempore atque harum similique quo voluptates et iusto voluptates. Quibusdam officia et modi impedit voluptas quia. Sed qui dolor repudiandae.','2018-06-09 15:28:23','2018-06-09 15:28:23'),(10,'voluptates','Ut modi corporis porro vero. Cupiditate aliquid dolorem cum laudantium officia.','2018-06-09 15:28:23','2018-06-09 15:28:23'),(11,'rem','Facere quia a mollitia omnis omnis. Ut est quaerat dicta qui. Aliquam rem ipsum officiis sunt debitis sunt.','2018-06-09 15:28:23','2018-06-09 15:28:23'),(12,'nobis','Aut nulla optio ab ipsa est. Laborum numquam officiis voluptas ea modi eos.','2018-06-09 15:28:23','2018-06-09 15:28:23');
/*!40000 ALTER TABLE `categories` ENABLE KEYS */;
UNLOCK TABLES;

--
-- Table structure for table `inventories`
--

DROP TABLE IF EXISTS `inventories`;
/*!40101 SET @saved_cs_client     = @@character_set_client */;
/*!40101 SET character_set_client = utf8 */;
CREATE TABLE `inventories` (
  `id` int(10) unsigned NOT NULL AUTO_INCREMENT,
  `quantity` int(10) unsigned NOT NULL,
  `created_at` timestamp NULL DEFAULT NULL,
  `updated_at` timestamp NULL DEFAULT NULL,
  PRIMARY KEY (`id`)
) ENGINE=InnoDB AUTO_INCREMENT=1001 DEFAULT CHARSET=utf8mb4 COLLATE=utf8mb4_unicode_ci;
/*!40101 SET character_set_client = @saved_cs_client */;

--
-- Dumping data for table `inventories`
--

LOCK TABLES `inventories` WRITE;
/*!40000 ALTER TABLE `inventories` DISABLE KEYS */;
INSERT INTO `inventories` VALUES (1,15,'2018-06-09 15:28:26','2018-06-09 15:28:26'),(2,11,'2018-06-09 15:28:26','2018-06-09 15:28:26'),(3,18,'2018-06-09 15:28:26','2018-06-09 15:28:26'),(4,6,'2018-06-09 15:28:26','2018-06-09 15:28:26'),(5,12,'2018-06-09 15:28:26','2018-06-09 15:28:26'),(6,16,'2018-06-09 15:28:26','2018-06-09 15:28:26'),(7,7,'2018-06-09 15:28:26','2018-06-09 15:28:26'),(8,10,'2018-06-09 15:28:26','2018-06-09 15:28:26'),(9,19,'2018-06-09 15:28:26','2018-06-09 15:28:26'),(10,9,'2018-06-09 15:28:26','2018-06-09 15:28:26'),(11,19,'2018-06-09 15:28:26','2018-06-09 15:28:26'),(12,9,'2018-06-09 15:28:26','2018-06-09 15:28:26'),(13,9,'2018-06-09 15:28:26','2018-06-09 15:28:26'),(14,13,'2018-06-09 15:28:26','2018-06-09 15:28:26'),(15,15,'2018-06-09 15:28:26','2018-06-09 15:28:26'),(16,5,'2018-06-09 15:28:26','2018-06-09 15:28:26'),(17,11,'2018-06-09 15:28:26','2018-06-09 15:28:26'),(18,8,'2018-06-09 15:28:26','2018-06-09 15:28:26'),(19,11,'2018-06-09 15:28:26','2018-06-09 15:28:26'),(20,10,'2018-06-09 15:28:27','2018-06-09 15:28:27'),(21,5,'2018-06-09 15:28:27','2018-06-09 15:28:27'),(22,14,'2018-06-09 15:28:27','2018-06-09 15:28:27'),(23,20,'2018-06-09 15:28:27','2018-06-09 15:28:27'),(24,5,'2018-06-09 15:28:27','2018-06-09 15:28:27'),(25,7,'2018-06-09 15:28:27','2018-06-09 15:28:27'),(26,8,'2018-06-09 15:28:27','2018-06-09 15:28:27'),(27,20,'2018-06-09 15:28:27','2018-06-09 15:28:27'),(28,7,'2018-06-09 15:28:27','2018-06-09 15:28:27'),(29,6,'2018-06-09 15:28:27','2018-06-09 15:28:27'),(30,14,'2018-06-09 15:28:27','2018-06-09 15:28:27'),(31,19,'2018-06-09 15:28:27','2018-06-09 15:28:27'),(32,9,'2018-06-09 15:28:28','2018-06-09 15:28:28'),(33,9,'2018-06-09 15:28:28','2018-06-09 15:28:28'),(34,6,'2018-06-09 15:28:28','2018-06-09 15:28:28'),(35,19,'2018-06-09 15:28:28','2018-06-09 15:28:28'),(36,13,'2018-06-09 15:28:28','2018-06-09 15:28:28'),(37,14,'2018-06-09 15:28:28','2018-06-09 15:28:28'),(38,7,'2018-06-09 15:28:28','2018-06-09 15:28:28'),(39,11,'2018-06-09 15:28:28','2018-06-09 15:28:28'),(40,19,'2018-06-09 15:28:28','2018-06-09 15:28:28'),(41,9,'2018-06-09 15:28:28','2018-06-09 15:28:28'),(42,7,'2018-06-09 15:28:28','2018-06-09 15:28:28'),(43,9,'2018-06-09 15:28:28','2018-06-09 15:28:28'),(44,18,'2018-06-09 15:28:28','2018-06-09 15:28:28'),(45,9,'2018-06-09 15:28:28','2018-06-09 15:28:28'),(46,20,'2018-06-09 15:28:28','2018-06-09 15:28:28'),(47,19,'2018-06-09 15:28:28','2018-06-09 15:28:28'),(48,8,'2018-06-09 15:28:28','2018-06-09 15:28:28'),(49,18,'2018-06-09 15:28:28','2018-06-09 15:28:28'),(50,7,'2018-06-09 15:28:28','2018-06-09 15:28:28'),(51,19,'2018-06-09 15:28:28','2018-06-09 15:28:28'),(52,5,'2018-06-09 15:28:28','2018-06-09 15:28:28'),(53,15,'2018-06-09 15:28:28','2018-06-09 15:28:28'),(54,20,'2018-06-09 15:28:29','2018-06-09 15:28:29'),(55,6,'2018-06-09 15:28:29','2018-06-09 15:28:29'),(56,11,'2018-06-09 15:28:29','2018-06-09 15:28:29'),(57,12,'2018-06-09 15:28:29','2018-06-09 15:28:29'),(58,7,'2018-06-09 15:28:29','2018-06-09 15:28:29'),(59,12,'2018-06-09 15:28:29','2018-06-09 15:28:29'),(60,7,'2018-06-09 15:28:29','2018-06-09 15:28:29'),(61,14,'2018-06-09 15:28:29','2018-06-09 15:28:29'),(62,10,'2018-06-09 15:28:29','2018-06-09 15:28:29'),(63,6,'2018-06-09 15:28:29','2018-06-09 15:28:29'),(64,18,'2018-06-09 15:28:29','2018-06-09 15:28:29'),(65,6,'2018-06-09 15:28:29','2018-06-09 15:28:29'),(66,7,'2018-06-09 15:28:29','2018-06-09 15:28:29'),(67,12,'2018-06-09 15:28:29','2018-06-09 15:28:29'),(68,8,'2018-06-09 15:28:29','2018-06-09 15:28:29'),(69,8,'2018-06-09 15:28:29','2018-06-09 15:28:29'),(70,7,'2018-06-09 15:28:29','2018-06-09 15:28:29'),(71,11,'2018-06-09 15:28:29','2018-06-09 15:28:29'),(72,12,'2018-06-09 15:28:29','2018-06-09 15:28:29'),(73,20,'2018-06-09 15:28:29','2018-06-09 15:28:29'),(74,11,'2018-06-09 15:28:29','2018-06-09 15:28:29'),(75,19,'2018-06-09 15:28:30','2018-06-09 15:28:30'),(76,20,'2018-06-09 15:28:30','2018-06-09 15:28:30'),(77,8,'2018-06-09 15:28:30','2018-06-09 15:28:30'),(78,17,'2018-06-09 15:28:30','2018-06-09 15:28:30'),(79,16,'2018-06-09 15:28:30','2018-06-09 15:28:30'),(80,19,'2018-06-09 15:28:30','2018-06-09 15:28:30'),(81,20,'2018-06-09 15:28:30','2018-06-09 15:28:30'),(82,17,'2018-06-09 15:28:30','2018-06-09 15:28:30'),(83,19,'2018-06-09 15:28:30','2018-06-09 15:28:30'),(84,19,'2018-06-09 15:28:30','2018-06-09 15:28:30'),(85,6,'2018-06-09 15:28:30','2018-06-09 15:28:30'),(86,12,'2018-06-09 15:28:30','2018-06-09 15:28:30'),(87,14,'2018-06-09 15:28:30','2018-06-09 15:28:30'),(88,5,'2018-06-09 15:28:30','2018-06-09 15:28:30'),(89,8,'2018-06-09 15:28:30','2018-06-09 15:28:30'),(90,10,'2018-06-09 15:28:30','2018-06-09 15:28:30'),(91,12,'2018-06-09 15:28:30','2018-06-09 15:28:30'),(92,5,'2018-06-09 15:28:30','2018-06-09 15:28:30'),(93,12,'2018-06-09 15:28:30','2018-06-09 15:28:30'),(94,9,'2018-06-09 15:28:30','2018-06-09 15:28:30'),(95,6,'2018-06-09 15:28:30','2018-06-09 15:28:30'),(96,18,'2018-06-09 15:28:30','2018-06-09 15:28:30'),(97,11,'2018-06-09 15:28:30','2018-06-09 15:28:30'),(98,19,'2018-06-09 15:28:30','2018-06-09 15:28:30'),(99,5,'2018-06-09 15:28:30','2018-06-09 15:28:30'),(100,15,'2018-06-09 15:28:30','2018-06-09 15:28:30'),(101,16,'2018-06-09 15:28:31','2018-06-09 15:28:31'),(102,8,'2018-06-09 15:28:31','2018-06-09 15:28:31'),(103,19,'2018-06-09 15:28:31','2018-06-09 15:28:31'),(104,9,'2018-06-09 15:28:31','2018-06-09 15:28:31'),(105,16,'2018-06-09 15:28:31','2018-06-09 15:28:31'),(106,14,'2018-06-09 15:28:31','2018-06-09 15:28:31'),(107,5,'2018-06-09 15:28:31','2018-06-09 15:28:31'),(108,13,'2018-06-09 15:28:31','2018-06-09 15:28:31'),(109,15,'2018-06-09 15:28:31','2018-06-09 15:28:31'),(110,13,'2018-06-09 15:28:31','2018-06-09 15:28:31'),(111,19,'2018-06-09 15:28:31','2018-06-09 15:28:31'),(112,18,'2018-06-09 15:28:31','2018-06-09 15:28:31'),(113,11,'2018-06-09 15:28:31','2018-06-09 15:28:31'),(114,17,'2018-06-09 15:28:31','2018-06-09 15:28:31'),(115,19,'2018-06-09 15:28:31','2018-06-09 15:28:31'),(116,16,'2018-06-09 15:28:31','2018-06-09 15:28:31'),(117,18,'2018-06-09 15:28:31','2018-06-09 15:28:31'),(118,14,'2018-06-09 15:28:31','2018-06-09 15:28:31'),(119,16,'2018-06-09 15:28:31','2018-06-09 15:28:31'),(120,18,'2018-06-09 15:28:31','2018-06-09 15:28:31'),(121,6,'2018-06-09 15:28:31','2018-06-09 15:28:31'),(122,7,'2018-06-09 15:28:31','2018-06-09 15:28:31'),(123,11,'2018-06-09 15:28:32','2018-06-09 15:28:32'),(124,11,'2018-06-09 15:28:32','2018-06-09 15:28:32'),(125,7,'2018-06-09 15:28:32','2018-06-09 15:28:32'),(126,8,'2018-06-09 15:28:32','2018-06-09 15:28:32'),(127,18,'2018-06-09 15:28:32','2018-06-09 15:28:32'),(128,9,'2018-06-09 15:28:32','2018-06-09 15:28:32'),(129,7,'2018-06-09 15:28:32','2018-06-09 15:28:32'),(130,19,'2018-06-09 15:28:32','2018-06-09 15:28:32'),(131,15,'2018-06-09 15:28:32','2018-06-09 15:28:32'),(132,17,'2018-06-09 15:28:32','2018-06-09 15:28:32'),(133,16,'2018-06-09 15:28:32','2018-06-09 15:28:32'),(134,10,'2018-06-09 15:28:32','2018-06-09 15:28:32'),(135,9,'2018-06-09 15:28:32','2018-06-09 15:28:32'),(136,19,'2018-06-09 15:28:32','2018-06-09 15:28:32'),(137,18,'2018-06-09 15:28:32','2018-06-09 15:28:32'),(138,8,'2018-06-09 15:28:32','2018-06-09 15:28:32'),(139,9,'2018-06-09 15:28:32','2018-06-09 15:28:32'),(140,15,'2018-06-09 15:28:32','2018-06-09 15:28:32'),(141,5,'2018-06-09 15:28:32','2018-06-09 15:28:32'),(142,7,'2018-06-09 15:28:32','2018-06-09 15:28:32'),(143,10,'2018-06-09 15:28:33','2018-06-09 15:28:33'),(144,12,'2018-06-09 15:28:33','2018-06-09 15:28:33'),(145,14,'2018-06-09 15:28:33','2018-06-09 15:28:33'),(146,5,'2018-06-09 15:28:33','2018-06-09 15:28:33'),(147,6,'2018-06-09 15:28:33','2018-06-09 15:28:33'),(148,12,'2018-06-09 15:28:33','2018-06-09 15:28:33'),(149,7,'2018-06-09 15:28:33','2018-06-09 15:28:33'),(150,15,'2018-06-09 15:28:33','2018-06-09 15:28:33'),(151,17,'2018-06-09 15:28:33','2018-06-09 15:28:33'),(152,9,'2018-06-09 15:28:33','2018-06-09 15:28:33'),(153,10,'2018-06-09 15:28:33','2018-06-09 15:28:33'),(154,18,'2018-06-09 15:28:33','2018-06-09 15:28:33'),(155,8,'2018-06-09 15:28:33','2018-06-09 15:28:33'),(156,8,'2018-06-09 15:28:33','2018-06-09 15:28:33'),(157,12,'2018-06-09 15:28:33','2018-06-09 15:28:33'),(158,14,'2018-06-09 15:28:33','2018-06-09 15:28:33'),(159,13,'2018-06-09 15:28:33','2018-06-09 15:28:33'),(160,15,'2018-06-09 15:28:33','2018-06-09 15:28:33'),(161,8,'2018-06-09 15:28:33','2018-06-09 15:28:33'),(162,7,'2018-06-09 15:28:33','2018-06-09 15:28:33'),(163,8,'2018-06-09 15:28:33','2018-06-09 15:28:33'),(164,8,'2018-06-09 15:28:33','2018-06-09 15:28:33'),(165,17,'2018-06-09 15:28:33','2018-06-09 15:28:33'),(166,5,'2018-06-09 15:28:33','2018-06-09 15:28:33'),(167,16,'2018-06-09 15:28:33','2018-06-09 15:28:33'),(168,16,'2018-06-09 15:28:34','2018-06-09 15:28:34'),(169,18,'2018-06-09 15:28:34','2018-06-09 15:28:34'),(170,16,'2018-06-09 15:28:34','2018-06-09 15:28:34'),(171,10,'2018-06-09 15:28:34','2018-06-09 15:28:34'),(172,13,'2018-06-09 15:28:34','2018-06-09 15:28:34'),(173,11,'2018-06-09 15:28:34','2018-06-09 15:28:34'),(174,14,'2018-06-09 15:28:34','2018-06-09 15:28:34'),(175,13,'2018-06-09 15:28:34','2018-06-09 15:28:34'),(176,15,'2018-06-09 15:28:34','2018-06-09 15:28:34'),(177,19,'2018-06-09 15:28:34','2018-06-09 15:28:34'),(178,14,'2018-06-09 15:28:34','2018-06-09 15:28:34'),(179,14,'2018-06-09 15:28:34','2018-06-09 15:28:34'),(180,20,'2018-06-09 15:28:34','2018-06-09 15:28:34'),(181,19,'2018-06-09 15:28:34','2018-06-09 15:28:34'),(182,14,'2018-06-09 15:28:34','2018-06-09 15:28:34'),(183,19,'2018-06-09 15:28:34','2018-06-09 15:28:34'),(184,5,'2018-06-09 15:28:34','2018-06-09 15:28:34'),(185,12,'2018-06-09 15:28:34','2018-06-09 15:28:34'),(186,17,'2018-06-09 15:28:34','2018-06-09 15:28:34'),(187,7,'2018-06-09 15:28:34','2018-06-09 15:28:34'),(188,14,'2018-06-09 15:28:34','2018-06-09 15:28:34'),(189,9,'2018-06-09 15:28:34','2018-06-09 15:28:34'),(190,7,'2018-06-09 15:28:34','2018-06-09 15:28:34'),(191,11,'2018-06-09 15:28:35','2018-06-09 15:28:35'),(192,15,'2018-06-09 15:28:35','2018-06-09 15:28:35'),(193,14,'2018-06-09 15:28:35','2018-06-09 15:28:35'),(194,14,'2018-06-09 15:28:35','2018-06-09 15:28:35'),(195,14,'2018-06-09 15:28:35','2018-06-09 15:28:35'),(196,17,'2018-06-09 15:28:35','2018-06-09 15:28:35'),(197,5,'2018-06-09 15:28:35','2018-06-09 15:28:35'),(198,6,'2018-06-09 15:28:35','2018-06-09 15:28:35'),(199,15,'2018-06-09 15:28:35','2018-06-09 15:28:35'),(200,13,'2018-06-09 15:28:35','2018-06-09 15:28:35'),(201,6,'2018-06-09 15:28:35','2018-06-09 15:28:35'),(202,19,'2018-06-09 15:28:35','2018-06-09 15:28:35'),(203,7,'2018-06-09 15:28:35','2018-06-09 15:28:35'),(204,18,'2018-06-09 15:28:35','2018-06-09 15:28:35'),(205,16,'2018-06-09 15:28:35','2018-06-09 15:28:35'),(206,14,'2018-06-09 15:28:35','2018-06-09 15:28:35'),(207,10,'2018-06-09 15:28:35','2018-06-09 15:28:35'),(208,13,'2018-06-09 15:28:35','2018-06-09 15:28:35'),(209,5,'2018-06-09 15:28:36','2018-06-09 15:28:36'),(210,6,'2018-06-09 15:28:36','2018-06-09 15:28:36'),(211,5,'2018-06-09 15:28:36','2018-06-09 15:28:36'),(212,18,'2018-06-09 15:28:36','2018-06-09 15:28:36'),(213,11,'2018-06-09 15:28:36','2018-06-09 15:28:36'),(214,13,'2018-06-09 15:28:36','2018-06-09 15:28:36'),(215,18,'2018-06-09 15:28:36','2018-06-09 15:28:36'),(216,5,'2018-06-09 15:28:36','2018-06-09 15:28:36'),(217,13,'2018-06-09 15:28:36','2018-06-09 15:28:36'),(218,18,'2018-06-09 15:28:36','2018-06-09 15:28:36'),(219,11,'2018-06-09 15:28:36','2018-06-09 15:28:36'),(220,18,'2018-06-09 15:28:36','2018-06-09 15:28:36'),(221,18,'2018-06-09 15:28:36','2018-06-09 15:28:36'),(222,11,'2018-06-09 15:28:36','2018-06-09 15:28:36'),(223,15,'2018-06-09 15:28:36','2018-06-09 15:28:36'),(224,19,'2018-06-09 15:28:36','2018-06-09 15:28:36'),(225,6,'2018-06-09 15:28:36','2018-06-09 15:28:36'),(226,17,'2018-06-09 15:28:36','2018-06-09 15:28:36'),(227,20,'2018-06-09 15:28:37','2018-06-09 15:28:37'),(228,8,'2018-06-09 15:28:37','2018-06-09 15:28:37'),(229,19,'2018-06-09 15:28:37','2018-06-09 15:28:37'),(230,17,'2018-06-09 15:28:37','2018-06-09 15:28:37'),(231,16,'2018-06-09 15:28:37','2018-06-09 15:28:37'),(232,9,'2018-06-09 15:28:37','2018-06-09 15:28:37'),(233,20,'2018-06-09 15:28:37','2018-06-09 15:28:37'),(234,5,'2018-06-09 15:28:37','2018-06-09 15:28:37'),(235,17,'2018-06-09 15:28:37','2018-06-09 15:28:37'),(236,9,'2018-06-09 15:28:37','2018-06-09 15:28:37'),(237,17,'2018-06-09 15:28:37','2018-06-09 15:28:37'),(238,11,'2018-06-09 15:28:37','2018-06-09 15:28:37'),(239,14,'2018-06-09 15:28:37','2018-06-09 15:28:37'),(240,16,'2018-06-09 15:28:37','2018-06-09 15:28:37'),(241,10,'2018-06-09 15:28:37','2018-06-09 15:28:37'),(242,11,'2018-06-09 15:28:37','2018-06-09 15:28:37'),(243,15,'2018-06-09 15:28:37','2018-06-09 15:28:37'),(244,16,'2018-06-09 15:28:37','2018-06-09 15:28:37'),(245,12,'2018-06-09 15:28:37','2018-06-09 15:28:37'),(246,14,'2018-06-09 15:28:37','2018-06-09 15:28:37'),(247,11,'2018-06-09 15:28:37','2018-06-09 15:28:37'),(248,7,'2018-06-09 15:28:38','2018-06-09 15:28:38'),(249,7,'2018-06-09 15:28:38','2018-06-09 15:28:38'),(250,11,'2018-06-09 15:28:38','2018-06-09 15:28:38'),(251,19,'2018-06-09 15:28:38','2018-06-09 15:28:38'),(252,8,'2018-06-09 15:28:38','2018-06-09 15:28:38'),(253,5,'2018-06-09 15:28:38','2018-06-09 15:28:38'),(254,14,'2018-06-09 15:28:38','2018-06-09 15:28:38'),(255,16,'2018-06-09 15:28:38','2018-06-09 15:28:38'),(256,14,'2018-06-09 15:28:38','2018-06-09 15:28:38'),(257,12,'2018-06-09 15:28:38','2018-06-09 15:28:38'),(258,11,'2018-06-09 15:28:38','2018-06-09 15:28:38'),(259,15,'2018-06-09 15:28:38','2018-06-09 15:28:38'),(260,19,'2018-06-09 15:28:38','2018-06-09 15:28:38'),(261,20,'2018-06-09 15:28:38','2018-06-09 15:28:38'),(262,8,'2018-06-09 15:28:38','2018-06-09 15:28:38'),(263,20,'2018-06-09 15:28:38','2018-06-09 15:28:38'),(264,18,'2018-06-09 15:28:38','2018-06-09 15:28:38'),(265,8,'2018-06-09 15:28:38','2018-06-09 15:28:38'),(266,9,'2018-06-09 15:28:38','2018-06-09 15:28:38'),(267,6,'2018-06-09 15:28:38','2018-06-09 15:28:38'),(268,15,'2018-06-09 15:28:39','2018-06-09 15:28:39'),(269,15,'2018-06-09 15:28:39','2018-06-09 15:28:39'),(270,17,'2018-06-09 15:28:39','2018-06-09 15:28:39'),(271,20,'2018-06-09 15:28:39','2018-06-09 15:28:39'),(272,18,'2018-06-09 15:28:39','2018-06-09 15:28:39'),(273,11,'2018-06-09 15:28:39','2018-06-09 15:28:39'),(274,20,'2018-06-09 15:28:39','2018-06-09 15:28:39'),(275,15,'2018-06-09 15:28:39','2018-06-09 15:28:39'),(276,12,'2018-06-09 15:28:39','2018-06-09 15:28:39'),(277,15,'2018-06-09 15:28:39','2018-06-09 15:28:39'),(278,16,'2018-06-09 15:28:39','2018-06-09 15:28:39'),(279,17,'2018-06-09 15:28:39','2018-06-09 15:28:39'),(280,15,'2018-06-09 15:28:39','2018-06-09 15:28:39'),(281,10,'2018-06-09 15:28:39','2018-06-09 15:28:39'),(282,11,'2018-06-09 15:28:39','2018-06-09 15:28:39'),(283,14,'2018-06-09 15:28:39','2018-06-09 15:28:39'),(284,14,'2018-06-09 15:28:39','2018-06-09 15:28:39'),(285,18,'2018-06-09 15:28:39','2018-06-09 15:28:39'),(286,16,'2018-06-09 15:28:39','2018-06-09 15:28:39'),(287,16,'2018-06-09 15:28:39','2018-06-09 15:28:39'),(288,20,'2018-06-09 15:28:40','2018-06-09 15:28:40'),(289,17,'2018-06-09 15:28:40','2018-06-09 15:28:40'),(290,19,'2018-06-09 15:28:40','2018-06-09 15:28:40'),(291,20,'2018-06-09 15:28:40','2018-06-09 15:28:40'),(292,13,'2018-06-09 15:28:40','2018-06-09 15:28:40'),(293,12,'2018-06-09 15:28:40','2018-06-09 15:28:40'),(294,8,'2018-06-09 15:28:40','2018-06-09 15:28:40'),(295,6,'2018-06-09 15:28:40','2018-06-09 15:28:40'),(296,9,'2018-06-09 15:28:40','2018-06-09 15:28:40'),(297,20,'2018-06-09 15:28:40','2018-06-09 15:28:40'),(298,20,'2018-06-09 15:28:40','2018-06-09 15:28:40'),(299,15,'2018-06-09 15:28:40','2018-06-09 15:28:40'),(300,16,'2018-06-09 15:28:40','2018-06-09 15:28:40'),(301,7,'2018-06-09 15:28:40','2018-06-09 15:28:40'),(302,10,'2018-06-09 15:28:40','2018-06-09 15:28:40'),(303,9,'2018-06-09 15:28:40','2018-06-09 15:28:40'),(304,14,'2018-06-09 15:28:40','2018-06-09 15:28:40'),(305,14,'2018-06-09 15:28:40','2018-06-09 15:28:40'),(306,8,'2018-06-09 15:28:40','2018-06-09 15:28:40'),(307,11,'2018-06-09 15:28:40','2018-06-09 15:28:40'),(308,16,'2018-06-09 15:28:40','2018-06-09 15:28:40'),(309,18,'2018-06-09 15:28:40','2018-06-09 15:28:40'),(310,19,'2018-06-09 15:28:40','2018-06-09 15:28:40'),(311,16,'2018-06-09 15:28:40','2018-06-09 15:28:40'),(312,9,'2018-06-09 15:28:41','2018-06-09 15:28:41'),(313,5,'2018-06-09 15:28:41','2018-06-09 15:28:41'),(314,10,'2018-06-09 15:28:41','2018-06-09 15:28:41'),(315,17,'2018-06-09 15:28:41','2018-06-09 15:28:41'),(316,8,'2018-06-09 15:28:41','2018-06-09 15:28:41'),(317,14,'2018-06-09 15:28:41','2018-06-09 15:28:41'),(318,19,'2018-06-09 15:28:41','2018-06-09 15:28:41'),(319,7,'2018-06-09 15:28:41','2018-06-09 15:28:41'),(320,11,'2018-06-09 15:28:41','2018-06-09 15:28:41'),(321,20,'2018-06-09 15:28:41','2018-06-09 15:28:41'),(322,20,'2018-06-09 15:28:41','2018-06-09 15:28:41'),(323,5,'2018-06-09 15:28:41','2018-06-09 15:28:41'),(324,6,'2018-06-09 15:28:41','2018-06-09 15:28:41'),(325,11,'2018-06-09 15:28:41','2018-06-09 15:28:41'),(326,19,'2018-06-09 15:28:41','2018-06-09 15:28:41'),(327,11,'2018-06-09 15:28:41','2018-06-09 15:28:41'),(328,16,'2018-06-09 15:28:41','2018-06-09 15:28:41'),(329,20,'2018-06-09 15:28:41','2018-06-09 15:28:41'),(330,16,'2018-06-09 15:28:41','2018-06-09 15:28:41'),(331,19,'2018-06-09 15:28:41','2018-06-09 15:28:41'),(332,17,'2018-06-09 15:28:42','2018-06-09 15:28:42'),(333,16,'2018-06-09 15:28:42','2018-06-09 15:28:42'),(334,7,'2018-06-09 15:28:42','2018-06-09 15:28:42'),(335,9,'2018-06-09 15:28:42','2018-06-09 15:28:42'),(336,14,'2018-06-09 15:28:42','2018-06-09 15:28:42'),(337,11,'2018-06-09 15:28:42','2018-06-09 15:28:42'),(338,8,'2018-06-09 15:28:42','2018-06-09 15:28:42'),(339,13,'2018-06-09 15:28:42','2018-06-09 15:28:42'),(340,15,'2018-06-09 15:28:42','2018-06-09 15:28:42'),(341,8,'2018-06-09 15:28:42','2018-06-09 15:28:42'),(342,6,'2018-06-09 15:28:42','2018-06-09 15:28:42'),(343,8,'2018-06-09 15:28:42','2018-06-09 15:28:42'),(344,8,'2018-06-09 15:28:42','2018-06-09 15:28:42'),(345,13,'2018-06-09 15:28:42','2018-06-09 15:28:42'),(346,10,'2018-06-09 15:28:42','2018-06-09 15:28:42'),(347,19,'2018-06-09 15:28:42','2018-06-09 15:28:42'),(348,14,'2018-06-09 15:28:42','2018-06-09 15:28:42'),(349,16,'2018-06-09 15:28:42','2018-06-09 15:28:42'),(350,8,'2018-06-09 15:28:43','2018-06-09 15:28:43'),(351,14,'2018-06-09 15:28:43','2018-06-09 15:28:43'),(352,20,'2018-06-09 15:28:43','2018-06-09 15:28:43'),(353,15,'2018-06-09 15:28:43','2018-06-09 15:28:43'),(354,13,'2018-06-09 15:28:43','2018-06-09 15:28:43'),(355,17,'2018-06-09 15:28:43','2018-06-09 15:28:43'),(356,5,'2018-06-09 15:28:43','2018-06-09 15:28:43'),(357,14,'2018-06-09 15:28:43','2018-06-09 15:28:43'),(358,9,'2018-06-09 15:28:43','2018-06-09 15:28:43'),(359,18,'2018-06-09 15:28:43','2018-06-09 15:28:43'),(360,17,'2018-06-09 15:28:43','2018-06-09 15:28:43'),(361,18,'2018-06-09 15:28:43','2018-06-09 15:28:43'),(362,8,'2018-06-09 15:28:43','2018-06-09 15:28:43'),(363,20,'2018-06-09 15:28:43','2018-06-09 15:28:43'),(364,11,'2018-06-09 15:28:43','2018-06-09 15:28:43'),(365,9,'2018-06-09 15:28:43','2018-06-09 15:28:43'),(366,17,'2018-06-09 15:28:43','2018-06-09 15:28:43'),(367,16,'2018-06-09 15:28:44','2018-06-09 15:28:44'),(368,7,'2018-06-09 15:28:44','2018-06-09 15:28:44'),(369,18,'2018-06-09 15:28:44','2018-06-09 15:28:44'),(370,12,'2018-06-09 15:28:44','2018-06-09 15:28:44'),(371,19,'2018-06-09 15:28:44','2018-06-09 15:28:44'),(372,8,'2018-06-09 15:28:44','2018-06-09 15:28:44'),(373,8,'2018-06-09 15:28:44','2018-06-09 15:28:44'),(374,20,'2018-06-09 15:28:44','2018-06-09 15:28:44'),(375,14,'2018-06-09 15:28:44','2018-06-09 15:28:44'),(376,9,'2018-06-09 15:28:44','2018-06-09 15:28:44'),(377,19,'2018-06-09 15:28:44','2018-06-09 15:28:44'),(378,20,'2018-06-09 15:28:44','2018-06-09 15:28:44'),(379,15,'2018-06-09 15:28:44','2018-06-09 15:28:44'),(380,7,'2018-06-09 15:28:44','2018-06-09 15:28:44'),(381,8,'2018-06-09 15:28:44','2018-06-09 15:28:44'),(382,7,'2018-06-09 15:28:44','2018-06-09 15:28:44'),(383,8,'2018-06-09 15:28:44','2018-06-09 15:28:44'),(384,13,'2018-06-09 15:28:44','2018-06-09 15:28:44'),(385,13,'2018-06-09 15:28:44','2018-06-09 15:28:44'),(386,15,'2018-06-09 15:28:44','2018-06-09 15:28:44'),(387,9,'2018-06-09 15:28:44','2018-06-09 15:28:44'),(388,11,'2018-06-09 15:28:44','2018-06-09 15:28:44'),(389,12,'2018-06-09 15:28:44','2018-06-09 15:28:44'),(390,5,'2018-06-09 15:28:44','2018-06-09 15:28:44'),(391,12,'2018-06-09 15:28:45','2018-06-09 15:28:45'),(392,17,'2018-06-09 15:28:45','2018-06-09 15:28:45'),(393,19,'2018-06-09 15:28:45','2018-06-09 15:28:45'),(394,11,'2018-06-09 15:28:45','2018-06-09 15:28:45'),(395,16,'2018-06-09 15:28:45','2018-06-09 15:28:45'),(396,19,'2018-06-09 15:28:45','2018-06-09 15:28:45'),(397,5,'2018-06-09 15:28:45','2018-06-09 15:28:45'),(398,7,'2018-06-09 15:28:45','2018-06-09 15:28:45'),(399,15,'2018-06-09 15:28:45','2018-06-09 15:28:45'),(400,5,'2018-06-09 15:28:45','2018-06-09 15:28:45'),(401,20,'2018-06-09 15:28:45','2018-06-09 15:28:45'),(402,5,'2018-06-09 15:28:45','2018-06-09 15:28:45'),(403,6,'2018-06-09 15:28:45','2018-06-09 15:28:45'),(404,13,'2018-06-09 15:28:45','2018-06-09 15:28:45'),(405,11,'2018-06-09 15:28:45','2018-06-09 15:28:45'),(406,12,'2018-06-09 15:28:45','2018-06-09 15:28:45'),(407,9,'2018-06-09 15:28:45','2018-06-09 15:28:45'),(408,5,'2018-06-09 15:28:45','2018-06-09 15:28:45'),(409,7,'2018-06-09 15:28:45','2018-06-09 15:28:45'),(410,18,'2018-06-09 15:28:45','2018-06-09 15:28:45'),(411,13,'2018-06-09 15:28:46','2018-06-09 15:28:46'),(412,17,'2018-06-09 15:28:46','2018-06-09 15:28:46'),(413,8,'2018-06-09 15:28:46','2018-06-09 15:28:46'),(414,16,'2018-06-09 15:28:46','2018-06-09 15:28:46'),(415,16,'2018-06-09 15:28:47','2018-06-09 15:28:47'),(416,11,'2018-06-09 15:28:47','2018-06-09 15:28:47'),(417,14,'2018-06-09 15:28:47','2018-06-09 15:28:47'),(418,8,'2018-06-09 15:28:47','2018-06-09 15:28:47'),(419,10,'2018-06-09 15:28:47','2018-06-09 15:28:47'),(420,14,'2018-06-09 15:28:47','2018-06-09 15:28:47'),(421,11,'2018-06-09 15:28:47','2018-06-09 15:28:47'),(422,20,'2018-06-09 15:28:47','2018-06-09 15:28:47'),(423,8,'2018-06-09 15:28:47','2018-06-09 15:28:47'),(424,8,'2018-06-09 15:28:47','2018-06-09 15:28:47'),(425,11,'2018-06-09 15:28:47','2018-06-09 15:28:47'),(426,13,'2018-06-09 15:28:47','2018-06-09 15:28:47'),(427,18,'2018-06-09 15:28:47','2018-06-09 15:28:47'),(428,8,'2018-06-09 15:28:47','2018-06-09 15:28:47'),(429,16,'2018-06-09 15:28:47','2018-06-09 15:28:47'),(430,12,'2018-06-09 15:28:47','2018-06-09 15:28:47'),(431,15,'2018-06-09 15:28:47','2018-06-09 15:28:47'),(432,12,'2018-06-09 15:28:48','2018-06-09 15:28:48'),(433,19,'2018-06-09 15:28:48','2018-06-09 15:28:48'),(434,10,'2018-06-09 15:28:48','2018-06-09 15:28:48'),(435,16,'2018-06-09 15:28:49','2018-06-09 15:28:49'),(436,16,'2018-06-09 15:28:49','2018-06-09 15:28:49'),(437,10,'2018-06-09 15:28:49','2018-06-09 15:28:49'),(438,7,'2018-06-09 15:28:49','2018-06-09 15:28:49'),(439,14,'2018-06-09 15:28:49','2018-06-09 15:28:49'),(440,16,'2018-06-09 15:28:49','2018-06-09 15:28:49'),(441,14,'2018-06-09 15:28:50','2018-06-09 15:28:50'),(442,13,'2018-06-09 15:28:50','2018-06-09 15:28:50'),(443,20,'2018-06-09 15:28:50','2018-06-09 15:28:50'),(444,9,'2018-06-09 15:28:50','2018-06-09 15:28:50'),(445,19,'2018-06-09 15:28:50','2018-06-09 15:28:50'),(446,16,'2018-06-09 15:28:50','2018-06-09 15:28:50'),(447,10,'2018-06-09 15:28:50','2018-06-09 15:28:50'),(448,15,'2018-06-09 15:28:50','2018-06-09 15:28:50'),(449,12,'2018-06-09 15:28:51','2018-06-09 15:28:51'),(450,5,'2018-06-09 15:28:51','2018-06-09 15:28:51'),(451,9,'2018-06-09 15:28:51','2018-06-09 15:28:51'),(452,17,'2018-06-09 15:28:51','2018-06-09 15:28:51'),(453,16,'2018-06-09 15:28:51','2018-06-09 15:28:51'),(454,5,'2018-06-09 15:28:51','2018-06-09 15:28:51'),(455,18,'2018-06-09 15:28:51','2018-06-09 15:28:51'),(456,7,'2018-06-09 15:28:51','2018-06-09 15:28:51'),(457,6,'2018-06-09 15:28:52','2018-06-09 15:28:52'),(458,18,'2018-06-09 15:28:52','2018-06-09 15:28:52'),(459,12,'2018-06-09 15:28:52','2018-06-09 15:28:52'),(460,5,'2018-06-09 15:28:52','2018-06-09 15:28:52'),(461,15,'2018-06-09 15:28:52','2018-06-09 15:28:52'),(462,16,'2018-06-09 15:28:52','2018-06-09 15:28:52'),(463,19,'2018-06-09 15:28:52','2018-06-09 15:28:52'),(464,13,'2018-06-09 15:28:53','2018-06-09 15:28:53'),(465,10,'2018-06-09 15:28:53','2018-06-09 15:28:53'),(466,17,'2018-06-09 15:28:53','2018-06-09 15:28:53'),(467,17,'2018-06-09 15:28:53','2018-06-09 15:28:53'),(468,20,'2018-06-09 15:28:53','2018-06-09 15:28:53'),(469,12,'2018-06-09 15:28:53','2018-06-09 15:28:53'),(470,20,'2018-06-09 15:28:53','2018-06-09 15:28:53'),(471,6,'2018-06-09 15:28:54','2018-06-09 15:28:54'),(472,16,'2018-06-09 15:28:54','2018-06-09 15:28:54'),(473,10,'2018-06-09 15:28:54','2018-06-09 15:28:54'),(474,8,'2018-06-09 15:28:54','2018-06-09 15:28:54'),(475,10,'2018-06-09 15:28:54','2018-06-09 15:28:54'),(476,12,'2018-06-09 15:28:54','2018-06-09 15:28:54'),(477,20,'2018-06-09 15:28:54','2018-06-09 15:28:54'),(478,9,'2018-06-09 15:28:54','2018-06-09 15:28:54'),(479,5,'2018-06-09 15:28:55','2018-06-09 15:28:55'),(480,11,'2018-06-09 15:28:55','2018-06-09 15:28:55'),(481,5,'2018-06-09 15:28:55','2018-06-09 15:28:55'),(482,11,'2018-06-09 15:28:55','2018-06-09 15:28:55'),(483,7,'2018-06-09 15:28:55','2018-06-09 15:28:55'),(484,5,'2018-06-09 15:28:55','2018-06-09 15:28:55'),(485,9,'2018-06-09 15:28:55','2018-06-09 15:28:55'),(486,10,'2018-06-09 15:28:56','2018-06-09 15:28:56'),(487,16,'2018-06-09 15:28:56','2018-06-09 15:28:56'),(488,12,'2018-06-09 15:28:56','2018-06-09 15:28:56'),(489,8,'2018-06-09 15:28:56','2018-06-09 15:28:56'),(490,10,'2018-06-09 15:28:57','2018-06-09 15:28:57'),(491,10,'2018-06-09 15:28:57','2018-06-09 15:28:57'),(492,15,'2018-06-09 15:28:57','2018-06-09 15:28:57'),(493,6,'2018-06-09 15:28:57','2018-06-09 15:28:57'),(494,11,'2018-06-09 15:28:57','2018-06-09 15:28:57'),(495,16,'2018-06-09 15:28:57','2018-06-09 15:28:57'),(496,14,'2018-06-09 15:28:58','2018-06-09 15:28:58'),(497,7,'2018-06-09 15:28:58','2018-06-09 15:28:58'),(498,16,'2018-06-09 15:28:59','2018-06-09 15:28:59'),(499,15,'2018-06-09 15:28:59','2018-06-09 15:28:59'),(500,11,'2018-06-09 15:28:59','2018-06-09 15:28:59'),(501,6,'2018-06-09 15:28:59','2018-06-09 15:28:59'),(502,8,'2018-06-09 15:28:59','2018-06-09 15:28:59'),(503,19,'2018-06-09 15:28:59','2018-06-09 15:28:59'),(504,16,'2018-06-09 15:28:59','2018-06-09 15:28:59'),(505,6,'2018-06-09 15:28:59','2018-06-09 15:28:59'),(506,14,'2018-06-09 15:28:59','2018-06-09 15:28:59'),(507,19,'2018-06-09 15:29:00','2018-06-09 15:29:00'),(508,5,'2018-06-09 15:29:00','2018-06-09 15:29:00'),(509,15,'2018-06-09 15:29:00','2018-06-09 15:29:00'),(510,14,'2018-06-09 15:29:00','2018-06-09 15:29:00'),(511,14,'2018-06-09 15:29:00','2018-06-09 15:29:00'),(512,5,'2018-06-09 15:29:00','2018-06-09 15:29:00'),(513,18,'2018-06-09 15:29:00','2018-06-09 15:29:00'),(514,17,'2018-06-09 15:29:01','2018-06-09 15:29:01'),(515,17,'2018-06-09 15:29:01','2018-06-09 15:29:01'),(516,16,'2018-06-09 15:29:01','2018-06-09 15:29:01'),(517,12,'2018-06-09 15:29:01','2018-06-09 15:29:01'),(518,8,'2018-06-09 15:29:01','2018-06-09 15:29:01'),(519,14,'2018-06-09 15:29:01','2018-06-09 15:29:01'),(520,15,'2018-06-09 15:29:01','2018-06-09 15:29:01'),(521,11,'2018-06-09 15:29:01','2018-06-09 15:29:01'),(522,17,'2018-06-09 15:29:01','2018-06-09 15:29:01'),(523,7,'2018-06-09 15:29:01','2018-06-09 15:29:01'),(524,9,'2018-06-09 15:29:02','2018-06-09 15:29:02'),(525,9,'2018-06-09 15:29:02','2018-06-09 15:29:02'),(526,11,'2018-06-09 15:29:02','2018-06-09 15:29:02'),(527,18,'2018-06-09 15:29:02','2018-06-09 15:29:02'),(528,7,'2018-06-09 15:29:02','2018-06-09 15:29:02'),(529,15,'2018-06-09 15:29:02','2018-06-09 15:29:02'),(530,5,'2018-06-09 15:29:02','2018-06-09 15:29:02'),(531,19,'2018-06-09 15:29:02','2018-06-09 15:29:02'),(532,13,'2018-06-09 15:29:03','2018-06-09 15:29:03'),(533,10,'2018-06-09 15:29:03','2018-06-09 15:29:03'),(534,13,'2018-06-09 15:29:03','2018-06-09 15:29:03'),(535,13,'2018-06-09 15:29:03','2018-06-09 15:29:03'),(536,12,'2018-06-09 15:29:03','2018-06-09 15:29:03'),(537,8,'2018-06-09 15:29:03','2018-06-09 15:29:03'),(538,13,'2018-06-09 15:29:03','2018-06-09 15:29:03'),(539,16,'2018-06-09 15:29:04','2018-06-09 15:29:04'),(540,13,'2018-06-09 15:29:04','2018-06-09 15:29:04'),(541,8,'2018-06-09 15:29:04','2018-06-09 15:29:04'),(542,17,'2018-06-09 15:29:04','2018-06-09 15:29:04'),(543,19,'2018-06-09 15:29:05','2018-06-09 15:29:05'),(544,13,'2018-06-09 15:29:05','2018-06-09 15:29:05'),(545,12,'2018-06-09 15:29:05','2018-06-09 15:29:05'),(546,17,'2018-06-09 15:29:05','2018-06-09 15:29:05'),(547,14,'2018-06-09 15:29:05','2018-06-09 15:29:05'),(548,10,'2018-06-09 15:29:05','2018-06-09 15:29:05'),(549,19,'2018-06-09 15:29:06','2018-06-09 15:29:06'),(550,16,'2018-06-09 15:29:06','2018-06-09 15:29:06'),(551,20,'2018-06-09 15:29:06','2018-06-09 15:29:06'),(552,16,'2018-06-09 15:29:06','2018-06-09 15:29:06'),(553,20,'2018-06-09 15:29:06','2018-06-09 15:29:06'),(554,10,'2018-06-09 15:29:06','2018-06-09 15:29:06'),(555,5,'2018-06-09 15:29:07','2018-06-09 15:29:07'),(556,6,'2018-06-09 15:29:07','2018-06-09 15:29:07'),(557,17,'2018-06-09 15:29:07','2018-06-09 15:29:07'),(558,16,'2018-06-09 15:29:07','2018-06-09 15:29:07'),(559,19,'2018-06-09 15:29:07','2018-06-09 15:29:07'),(560,18,'2018-06-09 15:29:08','2018-06-09 15:29:08'),(561,14,'2018-06-09 15:29:08','2018-06-09 15:29:08'),(562,6,'2018-06-09 15:29:08','2018-06-09 15:29:08'),(563,9,'2018-06-09 15:29:08','2018-06-09 15:29:08'),(564,13,'2018-06-09 15:29:08','2018-06-09 15:29:08'),(565,18,'2018-06-09 15:29:08','2018-06-09 15:29:08'),(566,5,'2018-06-09 15:29:09','2018-06-09 15:29:09'),(567,16,'2018-06-09 15:29:09','2018-06-09 15:29:09'),(568,8,'2018-06-09 15:29:09','2018-06-09 15:29:09'),(569,14,'2018-06-09 15:29:09','2018-06-09 15:29:09'),(570,20,'2018-06-09 15:29:09','2018-06-09 15:29:09'),(571,7,'2018-06-09 15:29:09','2018-06-09 15:29:09'),(572,6,'2018-06-09 15:29:09','2018-06-09 15:29:09'),(573,13,'2018-06-09 15:29:10','2018-06-09 15:29:10'),(574,19,'2018-06-09 15:29:10','2018-06-09 15:29:10'),(575,9,'2018-06-09 15:29:10','2018-06-09 15:29:10'),(576,6,'2018-06-09 15:29:10','2018-06-09 15:29:10'),(577,20,'2018-06-09 15:29:10','2018-06-09 15:29:10'),(578,19,'2018-06-09 15:29:10','2018-06-09 15:29:10'),(579,9,'2018-06-09 15:29:10','2018-06-09 15:29:10'),(580,9,'2018-06-09 15:29:11','2018-06-09 15:29:11'),(581,8,'2018-06-09 15:29:11','2018-06-09 15:29:11'),(582,13,'2018-06-09 15:29:11','2018-06-09 15:29:11'),(583,11,'2018-06-09 15:29:11','2018-06-09 15:29:11'),(584,20,'2018-06-09 15:29:11','2018-06-09 15:29:11'),(585,6,'2018-06-09 15:29:11','2018-06-09 15:29:11'),(586,8,'2018-06-09 15:29:12','2018-06-09 15:29:12'),(587,18,'2018-06-09 15:29:12','2018-06-09 15:29:12'),(588,7,'2018-06-09 15:29:12','2018-06-09 15:29:12'),(589,17,'2018-06-09 15:29:12','2018-06-09 15:29:12'),(590,15,'2018-06-09 15:29:13','2018-06-09 15:29:13'),(591,13,'2018-06-09 15:29:13','2018-06-09 15:29:13'),(592,13,'2018-06-09 15:29:13','2018-06-09 15:29:13'),(593,8,'2018-06-09 15:29:13','2018-06-09 15:29:13'),(594,6,'2018-06-09 15:29:13','2018-06-09 15:29:13'),(595,20,'2018-06-09 15:29:14','2018-06-09 15:29:14'),(596,6,'2018-06-09 15:29:14','2018-06-09 15:29:14'),(597,6,'2018-06-09 15:29:14','2018-06-09 15:29:14'),(598,8,'2018-06-09 15:29:14','2018-06-09 15:29:14'),(599,6,'2018-06-09 15:29:14','2018-06-09 15:29:14'),(600,8,'2018-06-09 15:29:14','2018-06-09 15:29:14'),(601,7,'2018-06-09 15:29:15','2018-06-09 15:29:15'),(602,9,'2018-06-09 15:29:15','2018-06-09 15:29:15'),(603,14,'2018-06-09 15:29:15','2018-06-09 15:29:15'),(604,20,'2018-06-09 15:29:15','2018-06-09 15:29:15'),(605,7,'2018-06-09 15:29:16','2018-06-09 15:29:16'),(606,16,'2018-06-09 15:29:16','2018-06-09 15:29:16'),(607,16,'2018-06-09 15:29:16','2018-06-09 15:29:16'),(608,14,'2018-06-09 15:29:16','2018-06-09 15:29:16'),(609,18,'2018-06-09 15:29:16','2018-06-09 15:29:16'),(610,15,'2018-06-09 15:29:17','2018-06-09 15:29:17'),(611,15,'2018-06-09 15:29:17','2018-06-09 15:29:17'),(612,20,'2018-06-09 15:29:17','2018-06-09 15:29:17'),(613,13,'2018-06-09 15:29:17','2018-06-09 15:29:17'),(614,16,'2018-06-09 15:29:18','2018-06-09 15:29:18'),(615,11,'2018-06-09 15:29:18','2018-06-09 15:29:18'),(616,9,'2018-06-09 15:29:18','2018-06-09 15:29:18'),(617,14,'2018-06-09 15:29:18','2018-06-09 15:29:18'),(618,20,'2018-06-09 15:29:18','2018-06-09 15:29:18'),(619,10,'2018-06-09 15:29:18','2018-06-09 15:29:18'),(620,5,'2018-06-09 15:29:18','2018-06-09 15:29:18'),(621,16,'2018-06-09 15:29:19','2018-06-09 15:29:19'),(622,19,'2018-06-09 15:29:19','2018-06-09 15:29:19'),(623,17,'2018-06-09 15:29:19','2018-06-09 15:29:19'),(624,18,'2018-06-09 15:29:19','2018-06-09 15:29:19'),(625,17,'2018-06-09 15:29:19','2018-06-09 15:29:19'),(626,14,'2018-06-09 15:29:20','2018-06-09 15:29:20'),(627,15,'2018-06-09 15:29:20','2018-06-09 15:29:20'),(628,12,'2018-06-09 15:29:20','2018-06-09 15:29:20'),(629,7,'2018-06-09 15:29:20','2018-06-09 15:29:20'),(630,7,'2018-06-09 15:29:20','2018-06-09 15:29:20'),(631,19,'2018-06-09 15:29:20','2018-06-09 15:29:20'),(632,18,'2018-06-09 15:29:20','2018-06-09 15:29:20'),(633,6,'2018-06-09 15:29:20','2018-06-09 15:29:20'),(634,11,'2018-06-09 15:29:20','2018-06-09 15:29:20'),(635,13,'2018-06-09 15:29:20','2018-06-09 15:29:20'),(636,19,'2018-06-09 15:29:20','2018-06-09 15:29:20'),(637,19,'2018-06-09 15:29:21','2018-06-09 15:29:21'),(638,16,'2018-06-09 15:29:21','2018-06-09 15:29:21'),(639,10,'2018-06-09 15:29:21','2018-06-09 15:29:21'),(640,15,'2018-06-09 15:29:21','2018-06-09 15:29:21'),(641,6,'2018-06-09 15:29:21','2018-06-09 15:29:21'),(642,19,'2018-06-09 15:29:21','2018-06-09 15:29:21'),(643,5,'2018-06-09 15:29:21','2018-06-09 15:29:21'),(644,19,'2018-06-09 15:29:21','2018-06-09 15:29:21'),(645,7,'2018-06-09 15:29:21','2018-06-09 15:29:21'),(646,10,'2018-06-09 15:29:21','2018-06-09 15:29:21'),(647,18,'2018-06-09 15:29:21','2018-06-09 15:29:21'),(648,12,'2018-06-09 15:29:21','2018-06-09 15:29:21'),(649,17,'2018-06-09 15:29:21','2018-06-09 15:29:21'),(650,5,'2018-06-09 15:29:21','2018-06-09 15:29:21'),(651,12,'2018-06-09 15:29:21','2018-06-09 15:29:21'),(652,15,'2018-06-09 15:29:22','2018-06-09 15:29:22'),(653,9,'2018-06-09 15:29:22','2018-06-09 15:29:22'),(654,13,'2018-06-09 15:29:22','2018-06-09 15:29:22'),(655,7,'2018-06-09 15:29:22','2018-06-09 15:29:22'),(656,9,'2018-06-09 15:29:22','2018-06-09 15:29:22'),(657,15,'2018-06-09 15:29:22','2018-06-09 15:29:22'),(658,18,'2018-06-09 15:29:22','2018-06-09 15:29:22'),(659,11,'2018-06-09 15:29:22','2018-06-09 15:29:22'),(660,16,'2018-06-09 15:29:22','2018-06-09 15:29:22'),(661,14,'2018-06-09 15:29:22','2018-06-09 15:29:22'),(662,15,'2018-06-09 15:29:22','2018-06-09 15:29:22'),(663,10,'2018-06-09 15:29:22','2018-06-09 15:29:22'),(664,12,'2018-06-09 15:29:22','2018-06-09 15:29:22'),(665,5,'2018-06-09 15:29:22','2018-06-09 15:29:22'),(666,7,'2018-06-09 15:29:22','2018-06-09 15:29:22'),(667,17,'2018-06-09 15:29:22','2018-06-09 15:29:22'),(668,19,'2018-06-09 15:29:22','2018-06-09 15:29:22'),(669,10,'2018-06-09 15:29:22','2018-06-09 15:29:22'),(670,6,'2018-06-09 15:29:22','2018-06-09 15:29:22'),(671,12,'2018-06-09 15:29:22','2018-06-09 15:29:22'),(672,10,'2018-06-09 15:29:22','2018-06-09 15:29:22'),(673,9,'2018-06-09 15:29:22','2018-06-09 15:29:22'),(674,9,'2018-06-09 15:29:23','2018-06-09 15:29:23'),(675,19,'2018-06-09 15:29:23','2018-06-09 15:29:23'),(676,18,'2018-06-09 15:29:23','2018-06-09 15:29:23'),(677,14,'2018-06-09 15:29:23','2018-06-09 15:29:23'),(678,8,'2018-06-09 15:29:23','2018-06-09 15:29:23'),(679,13,'2018-06-09 15:29:23','2018-06-09 15:29:23'),(680,7,'2018-06-09 15:29:23','2018-06-09 15:29:23'),(681,20,'2018-06-09 15:29:23','2018-06-09 15:29:23'),(682,15,'2018-06-09 15:29:23','2018-06-09 15:29:23'),(683,12,'2018-06-09 15:29:23','2018-06-09 15:29:23'),(684,7,'2018-06-09 15:29:23','2018-06-09 15:29:23'),(685,20,'2018-06-09 15:29:23','2018-06-09 15:29:23'),(686,6,'2018-06-09 15:29:23','2018-06-09 15:29:23'),(687,9,'2018-06-09 15:29:23','2018-06-09 15:29:23'),(688,17,'2018-06-09 15:29:23','2018-06-09 15:29:23'),(689,19,'2018-06-09 15:29:24','2018-06-09 15:29:24'),(690,20,'2018-06-09 15:29:24','2018-06-09 15:29:24'),(691,6,'2018-06-09 15:29:24','2018-06-09 15:29:24'),(692,15,'2018-06-09 15:29:24','2018-06-09 15:29:24'),(693,5,'2018-06-09 15:29:24','2018-06-09 15:29:24'),(694,11,'2018-06-09 15:29:24','2018-06-09 15:29:24'),(695,5,'2018-06-09 15:29:24','2018-06-09 15:29:24'),(696,20,'2018-06-09 15:29:24','2018-06-09 15:29:24'),(697,16,'2018-06-09 15:29:24','2018-06-09 15:29:24'),(698,15,'2018-06-09 15:29:24','2018-06-09 15:29:24'),(699,14,'2018-06-09 15:29:24','2018-06-09 15:29:24'),(700,16,'2018-06-09 15:29:24','2018-06-09 15:29:24'),(701,8,'2018-06-09 15:29:24','2018-06-09 15:29:24'),(702,5,'2018-06-09 15:29:25','2018-06-09 15:29:25'),(703,10,'2018-06-09 15:29:25','2018-06-09 15:29:25'),(704,14,'2018-06-09 15:29:25','2018-06-09 15:29:25'),(705,15,'2018-06-09 15:29:25','2018-06-09 15:29:25'),(706,17,'2018-06-09 15:29:25','2018-06-09 15:29:25'),(707,11,'2018-06-09 15:29:25','2018-06-09 15:29:25'),(708,20,'2018-06-09 15:29:25','2018-06-09 15:29:25'),(709,9,'2018-06-09 15:29:25','2018-06-09 15:29:25'),(710,6,'2018-06-09 15:29:25','2018-06-09 15:29:25'),(711,7,'2018-06-09 15:29:25','2018-06-09 15:29:25'),(712,16,'2018-06-09 15:29:25','2018-06-09 15:29:25'),(713,10,'2018-06-09 15:29:25','2018-06-09 15:29:25'),(714,15,'2018-06-09 15:29:25','2018-06-09 15:29:25'),(715,9,'2018-06-09 15:29:25','2018-06-09 15:29:25'),(716,7,'2018-06-09 15:29:25','2018-06-09 15:29:25'),(717,16,'2018-06-09 15:29:25','2018-06-09 15:29:25'),(718,10,'2018-06-09 15:29:25','2018-06-09 15:29:25'),(719,10,'2018-06-09 15:29:25','2018-06-09 15:29:25'),(720,7,'2018-06-09 15:29:25','2018-06-09 15:29:25'),(721,14,'2018-06-09 15:29:26','2018-06-09 15:29:26'),(722,9,'2018-06-09 15:29:26','2018-06-09 15:29:26'),(723,15,'2018-06-09 15:29:26','2018-06-09 15:29:26'),(724,14,'2018-06-09 15:29:26','2018-06-09 15:29:26'),(725,7,'2018-06-09 15:29:26','2018-06-09 15:29:26'),(726,14,'2018-06-09 15:29:26','2018-06-09 15:29:26'),(727,11,'2018-06-09 15:29:26','2018-06-09 15:29:26'),(728,12,'2018-06-09 15:29:26','2018-06-09 15:29:26'),(729,19,'2018-06-09 15:29:26','2018-06-09 15:29:26'),(730,15,'2018-06-09 15:29:26','2018-06-09 15:29:26'),(731,9,'2018-06-09 15:29:26','2018-06-09 15:29:26'),(732,12,'2018-06-09 15:29:26','2018-06-09 15:29:26'),(733,20,'2018-06-09 15:29:26','2018-06-09 15:29:26'),(734,15,'2018-06-09 15:29:26','2018-06-09 15:29:26'),(735,17,'2018-06-09 15:29:26','2018-06-09 15:29:26'),(736,16,'2018-06-09 15:29:26','2018-06-09 15:29:26'),(737,8,'2018-06-09 15:29:26','2018-06-09 15:29:26'),(738,16,'2018-06-09 15:29:26','2018-06-09 15:29:26'),(739,15,'2018-06-09 15:29:26','2018-06-09 15:29:26'),(740,9,'2018-06-09 15:29:26','2018-06-09 15:29:26'),(741,16,'2018-06-09 15:29:26','2018-06-09 15:29:26'),(742,13,'2018-06-09 15:29:26','2018-06-09 15:29:26'),(743,16,'2018-06-09 15:29:26','2018-06-09 15:29:26'),(744,8,'2018-06-09 15:29:27','2018-06-09 15:29:27'),(745,18,'2018-06-09 15:29:27','2018-06-09 15:29:27'),(746,5,'2018-06-09 15:29:27','2018-06-09 15:29:27'),(747,13,'2018-06-09 15:29:27','2018-06-09 15:29:27'),(748,8,'2018-06-09 15:29:27','2018-06-09 15:29:27'),(749,12,'2018-06-09 15:29:27','2018-06-09 15:29:27'),(750,15,'2018-06-09 15:29:27','2018-06-09 15:29:27'),(751,11,'2018-06-09 15:29:27','2018-06-09 15:29:27'),(752,13,'2018-06-09 15:29:27','2018-06-09 15:29:27'),(753,5,'2018-06-09 15:29:27','2018-06-09 15:29:27'),(754,15,'2018-06-09 15:29:27','2018-06-09 15:29:27'),(755,16,'2018-06-09 15:29:27','2018-06-09 15:29:27'),(756,15,'2018-06-09 15:29:27','2018-06-09 15:29:27'),(757,8,'2018-06-09 15:29:27','2018-06-09 15:29:27'),(758,17,'2018-06-09 15:29:27','2018-06-09 15:29:27'),(759,16,'2018-06-09 15:29:27','2018-06-09 15:29:27'),(760,15,'2018-06-09 15:29:27','2018-06-09 15:29:27'),(761,12,'2018-06-09 15:29:27','2018-06-09 15:29:27'),(762,16,'2018-06-09 15:29:27','2018-06-09 15:29:27'),(763,9,'2018-06-09 15:29:27','2018-06-09 15:29:27'),(764,16,'2018-06-09 15:29:27','2018-06-09 15:29:27'),(765,19,'2018-06-09 15:29:28','2018-06-09 15:29:28'),(766,19,'2018-06-09 15:29:28','2018-06-09 15:29:28'),(767,20,'2018-06-09 15:29:28','2018-06-09 15:29:28'),(768,8,'2018-06-09 15:29:28','2018-06-09 15:29:28'),(769,6,'2018-06-09 15:29:28','2018-06-09 15:29:28'),(770,6,'2018-06-09 15:29:28','2018-06-09 15:29:28'),(771,17,'2018-06-09 15:29:28','2018-06-09 15:29:28'),(772,5,'2018-06-09 15:29:28','2018-06-09 15:29:28'),(773,17,'2018-06-09 15:29:28','2018-06-09 15:29:28'),(774,9,'2018-06-09 15:29:28','2018-06-09 15:29:28'),(775,10,'2018-06-09 15:29:28','2018-06-09 15:29:28'),(776,12,'2018-06-09 15:29:28','2018-06-09 15:29:28'),(777,7,'2018-06-09 15:29:28','2018-06-09 15:29:28'),(778,7,'2018-06-09 15:29:28','2018-06-09 15:29:28'),(779,9,'2018-06-09 15:29:28','2018-06-09 15:29:28'),(780,8,'2018-06-09 15:29:28','2018-06-09 15:29:28'),(781,20,'2018-06-09 15:29:28','2018-06-09 15:29:28'),(782,11,'2018-06-09 15:29:28','2018-06-09 15:29:28'),(783,20,'2018-06-09 15:29:28','2018-06-09 15:29:28'),(784,7,'2018-06-09 15:29:28','2018-06-09 15:29:28'),(785,18,'2018-06-09 15:29:28','2018-06-09 15:29:28'),(786,15,'2018-06-09 15:29:28','2018-06-09 15:29:28'),(787,12,'2018-06-09 15:29:29','2018-06-09 15:29:29'),(788,19,'2018-06-09 15:29:29','2018-06-09 15:29:29'),(789,7,'2018-06-09 15:29:29','2018-06-09 15:29:29'),(790,7,'2018-06-09 15:29:29','2018-06-09 15:29:29'),(791,8,'2018-06-09 15:29:29','2018-06-09 15:29:29'),(792,6,'2018-06-09 15:29:29','2018-06-09 15:29:29'),(793,18,'2018-06-09 15:29:29','2018-06-09 15:29:29'),(794,9,'2018-06-09 15:29:29','2018-06-09 15:29:29'),(795,11,'2018-06-09 15:29:29','2018-06-09 15:29:29'),(796,9,'2018-06-09 15:29:29','2018-06-09 15:29:29'),(797,20,'2018-06-09 15:29:29','2018-06-09 15:29:29'),(798,18,'2018-06-09 15:29:29','2018-06-09 15:29:29'),(799,10,'2018-06-09 15:29:29','2018-06-09 15:29:29'),(800,12,'2018-06-09 15:29:29','2018-06-09 15:29:29'),(801,12,'2018-06-09 15:29:29','2018-06-09 15:29:29'),(802,10,'2018-06-09 15:29:29','2018-06-09 15:29:29'),(803,20,'2018-06-09 15:29:29','2018-06-09 15:29:29'),(804,11,'2018-06-09 15:29:29','2018-06-09 15:29:29'),(805,18,'2018-06-09 15:29:29','2018-06-09 15:29:29'),(806,7,'2018-06-09 15:29:29','2018-06-09 15:29:29'),(807,16,'2018-06-09 15:29:29','2018-06-09 15:29:29'),(808,17,'2018-06-09 15:29:29','2018-06-09 15:29:29'),(809,9,'2018-06-09 15:29:29','2018-06-09 15:29:29'),(810,6,'2018-06-09 15:29:29','2018-06-09 15:29:29'),(811,11,'2018-06-09 15:29:29','2018-06-09 15:29:29'),(812,15,'2018-06-09 15:29:30','2018-06-09 15:29:30'),(813,18,'2018-06-09 15:29:30','2018-06-09 15:29:30'),(814,7,'2018-06-09 15:29:30','2018-06-09 15:29:30'),(815,12,'2018-06-09 15:29:30','2018-06-09 15:29:30'),(816,5,'2018-06-09 15:29:30','2018-06-09 15:29:30'),(817,15,'2018-06-09 15:29:30','2018-06-09 15:29:30'),(818,10,'2018-06-09 15:29:30','2018-06-09 15:29:30'),(819,15,'2018-06-09 15:29:30','2018-06-09 15:29:30'),(820,17,'2018-06-09 15:29:30','2018-06-09 15:29:30'),(821,16,'2018-06-09 15:29:30','2018-06-09 15:29:30'),(822,6,'2018-06-09 15:29:30','2018-06-09 15:29:30'),(823,13,'2018-06-09 15:29:30','2018-06-09 15:29:30'),(824,16,'2018-06-09 15:29:30','2018-06-09 15:29:30'),(825,5,'2018-06-09 15:29:30','2018-06-09 15:29:30'),(826,15,'2018-06-09 15:29:30','2018-06-09 15:29:30'),(827,13,'2018-06-09 15:29:30','2018-06-09 15:29:30'),(828,15,'2018-06-09 15:29:30','2018-06-09 15:29:30'),(829,18,'2018-06-09 15:29:30','2018-06-09 15:29:30'),(830,7,'2018-06-09 15:29:31','2018-06-09 15:29:31'),(831,13,'2018-06-09 15:29:31','2018-06-09 15:29:31'),(832,14,'2018-06-09 15:29:31','2018-06-09 15:29:31'),(833,9,'2018-06-09 15:29:31','2018-06-09 15:29:31'),(834,13,'2018-06-09 15:29:31','2018-06-09 15:29:31'),(835,11,'2018-06-09 15:29:31','2018-06-09 15:29:31'),(836,6,'2018-06-09 15:29:31','2018-06-09 15:29:31'),(837,17,'2018-06-09 15:29:31','2018-06-09 15:29:31'),(838,16,'2018-06-09 15:29:31','2018-06-09 15:29:31'),(839,8,'2018-06-09 15:29:31','2018-06-09 15:29:31'),(840,11,'2018-06-09 15:29:31','2018-06-09 15:29:31'),(841,8,'2018-06-09 15:29:31','2018-06-09 15:29:31'),(842,15,'2018-06-09 15:29:31','2018-06-09 15:29:31'),(843,9,'2018-06-09 15:29:31','2018-06-09 15:29:31'),(844,15,'2018-06-09 15:29:31','2018-06-09 15:29:31'),(845,18,'2018-06-09 15:29:31','2018-06-09 15:29:31'),(846,18,'2018-06-09 15:29:31','2018-06-09 15:29:31'),(847,5,'2018-06-09 15:29:32','2018-06-09 15:29:32'),(848,19,'2018-06-09 15:29:32','2018-06-09 15:29:32'),(849,12,'2018-06-09 15:29:32','2018-06-09 15:29:32'),(850,11,'2018-06-09 15:29:32','2018-06-09 15:29:32'),(851,12,'2018-06-09 15:29:32','2018-06-09 15:29:32'),(852,16,'2018-06-09 15:29:32','2018-06-09 15:29:32'),(853,14,'2018-06-09 15:29:32','2018-06-09 15:29:32'),(854,5,'2018-06-09 15:29:32','2018-06-09 15:29:32'),(855,13,'2018-06-09 15:29:32','2018-06-09 15:29:32'),(856,20,'2018-06-09 15:29:32','2018-06-09 15:29:32'),(857,7,'2018-06-09 15:29:32','2018-06-09 15:29:32'),(858,5,'2018-06-09 15:29:32','2018-06-09 15:29:32'),(859,12,'2018-06-09 15:29:32','2018-06-09 15:29:32'),(860,8,'2018-06-09 15:29:32','2018-06-09 15:29:32'),(861,11,'2018-06-09 15:29:32','2018-06-09 15:29:32'),(862,19,'2018-06-09 15:29:32','2018-06-09 15:29:32'),(863,16,'2018-06-09 15:29:32','2018-06-09 15:29:32'),(864,19,'2018-06-09 15:29:32','2018-06-09 15:29:32'),(865,9,'2018-06-09 15:29:32','2018-06-09 15:29:32'),(866,18,'2018-06-09 15:29:32','2018-06-09 15:29:32'),(867,12,'2018-06-09 15:29:33','2018-06-09 15:29:33'),(868,19,'2018-06-09 15:29:33','2018-06-09 15:29:33'),(869,18,'2018-06-09 15:29:33','2018-06-09 15:29:33'),(870,7,'2018-06-09 15:29:33','2018-06-09 15:29:33'),(871,18,'2018-06-09 15:29:33','2018-06-09 15:29:33'),(872,16,'2018-06-09 15:29:33','2018-06-09 15:29:33'),(873,7,'2018-06-09 15:29:33','2018-06-09 15:29:33'),(874,7,'2018-06-09 15:29:33','2018-06-09 15:29:33'),(875,11,'2018-06-09 15:29:33','2018-06-09 15:29:33'),(876,13,'2018-06-09 15:29:33','2018-06-09 15:29:33'),(877,7,'2018-06-09 15:29:33','2018-06-09 15:29:33'),(878,10,'2018-06-09 15:29:33','2018-06-09 15:29:33'),(879,16,'2018-06-09 15:29:33','2018-06-09 15:29:33'),(880,8,'2018-06-09 15:29:33','2018-06-09 15:29:33'),(881,18,'2018-06-09 15:29:33','2018-06-09 15:29:33'),(882,20,'2018-06-09 15:29:33','2018-06-09 15:29:33'),(883,14,'2018-06-09 15:29:33','2018-06-09 15:29:33'),(884,16,'2018-06-09 15:29:33','2018-06-09 15:29:33'),(885,14,'2018-06-09 15:29:33','2018-06-09 15:29:33'),(886,7,'2018-06-09 15:29:33','2018-06-09 15:29:33'),(887,17,'2018-06-09 15:29:33','2018-06-09 15:29:33'),(888,10,'2018-06-09 15:29:33','2018-06-09 15:29:33'),(889,6,'2018-06-09 15:29:34','2018-06-09 15:29:34'),(890,7,'2018-06-09 15:29:34','2018-06-09 15:29:34'),(891,11,'2018-06-09 15:29:34','2018-06-09 15:29:34'),(892,9,'2018-06-09 15:29:34','2018-06-09 15:29:34'),(893,20,'2018-06-09 15:29:34','2018-06-09 15:29:34'),(894,12,'2018-06-09 15:29:34','2018-06-09 15:29:34'),(895,10,'2018-06-09 15:29:34','2018-06-09 15:29:34'),(896,14,'2018-06-09 15:29:34','2018-06-09 15:29:34'),(897,6,'2018-06-09 15:29:34','2018-06-09 15:29:34'),(898,11,'2018-06-09 15:29:34','2018-06-09 15:29:34'),(899,10,'2018-06-09 15:29:34','2018-06-09 15:29:34'),(900,15,'2018-06-09 15:29:34','2018-06-09 15:29:34'),(901,5,'2018-06-09 15:29:34','2018-06-09 15:29:34'),(902,16,'2018-06-09 15:29:34','2018-06-09 15:29:34'),(903,13,'2018-06-09 15:29:34','2018-06-09 15:29:34'),(904,8,'2018-06-09 15:29:34','2018-06-09 15:29:34'),(905,17,'2018-06-09 15:29:34','2018-06-09 15:29:34'),(906,7,'2018-06-09 15:29:34','2018-06-09 15:29:34'),(907,13,'2018-06-09 15:29:34','2018-06-09 15:29:34'),(908,15,'2018-06-09 15:29:34','2018-06-09 15:29:34'),(909,6,'2018-06-09 15:29:34','2018-06-09 15:29:34'),(910,11,'2018-06-09 15:29:35','2018-06-09 15:29:35'),(911,8,'2018-06-09 15:29:35','2018-06-09 15:29:35'),(912,6,'2018-06-09 15:29:35','2018-06-09 15:29:35'),(913,19,'2018-06-09 15:29:35','2018-06-09 15:29:35'),(914,11,'2018-06-09 15:29:35','2018-06-09 15:29:35'),(915,14,'2018-06-09 15:29:35','2018-06-09 15:29:35'),(916,13,'2018-06-09 15:29:35','2018-06-09 15:29:35'),(917,14,'2018-06-09 15:29:35','2018-06-09 15:29:35'),(918,18,'2018-06-09 15:29:35','2018-06-09 15:29:35'),(919,8,'2018-06-09 15:29:35','2018-06-09 15:29:35'),(920,20,'2018-06-09 15:29:35','2018-06-09 15:29:35'),(921,15,'2018-06-09 15:29:35','2018-06-09 15:29:35'),(922,5,'2018-06-09 15:29:35','2018-06-09 15:29:35'),(923,18,'2018-06-09 15:29:35','2018-06-09 15:29:35'),(924,12,'2018-06-09 15:29:35','2018-06-09 15:29:35'),(925,17,'2018-06-09 15:29:35','2018-06-09 15:29:35'),(926,10,'2018-06-09 15:29:35','2018-06-09 15:29:35'),(927,6,'2018-06-09 15:29:35','2018-06-09 15:29:35'),(928,11,'2018-06-09 15:29:36','2018-06-09 15:29:36'),(929,15,'2018-06-09 15:29:36','2018-06-09 15:29:36'),(930,20,'2018-06-09 15:29:36','2018-06-09 15:29:36'),(931,18,'2018-06-09 15:29:36','2018-06-09 15:29:36'),(932,5,'2018-06-09 15:29:36','2018-06-09 15:29:36'),(933,19,'2018-06-09 15:29:36','2018-06-09 15:29:36'),(934,19,'2018-06-09 15:29:36','2018-06-09 15:29:36'),(935,18,'2018-06-09 15:29:36','2018-06-09 15:29:36'),(936,8,'2018-06-09 15:29:36','2018-06-09 15:29:36'),(937,17,'2018-06-09 15:29:36','2018-06-09 15:29:36'),(938,5,'2018-06-09 15:29:36','2018-06-09 15:29:36'),(939,12,'2018-06-09 15:29:36','2018-06-09 15:29:36'),(940,5,'2018-06-09 15:29:36','2018-06-09 15:29:36'),(941,17,'2018-06-09 15:29:36','2018-06-09 15:29:36'),(942,8,'2018-06-09 15:29:37','2018-06-09 15:29:37'),(943,15,'2018-06-09 15:29:37','2018-06-09 15:29:37'),(944,16,'2018-06-09 15:29:37','2018-06-09 15:29:37'),(945,10,'2018-06-09 15:29:37','2018-06-09 15:29:37'),(946,7,'2018-06-09 15:29:37','2018-06-09 15:29:37'),(947,14,'2018-06-09 15:29:37','2018-06-09 15:29:37'),(948,16,'2018-06-09 15:29:37','2018-06-09 15:29:37'),(949,11,'2018-06-09 15:29:37','2018-06-09 15:29:37'),(950,11,'2018-06-09 15:29:37','2018-06-09 15:29:37'),(951,12,'2018-06-09 15:29:37','2018-06-09 15:29:37'),(952,7,'2018-06-09 15:29:37','2018-06-09 15:29:37'),(953,8,'2018-06-09 15:29:37','2018-06-09 15:29:37'),(954,8,'2018-06-09 15:29:37','2018-06-09 15:29:37'),(955,11,'2018-06-09 15:29:37','2018-06-09 15:29:37'),(956,17,'2018-06-09 15:29:37','2018-06-09 15:29:37'),(957,10,'2018-06-09 15:29:37','2018-06-09 15:29:37'),(958,12,'2018-06-09 15:29:37','2018-06-09 15:29:37'),(959,16,'2018-06-09 15:29:37','2018-06-09 15:29:37'),(960,10,'2018-06-09 15:29:37','2018-06-09 15:29:37'),(961,5,'2018-06-09 15:29:37','2018-06-09 15:29:37'),(962,20,'2018-06-09 15:29:37','2018-06-09 15:29:37'),(963,15,'2018-06-09 15:29:37','2018-06-09 15:29:37'),(964,18,'2018-06-09 15:29:37','2018-06-09 15:29:37'),(965,10,'2018-06-09 15:29:38','2018-06-09 15:29:38'),(966,14,'2018-06-09 15:29:38','2018-06-09 15:29:38'),(967,5,'2018-06-09 15:29:38','2018-06-09 15:29:38'),(968,17,'2018-06-09 15:29:38','2018-06-09 15:29:38'),(969,17,'2018-06-09 15:29:38','2018-06-09 15:29:38'),(970,13,'2018-06-09 15:29:38','2018-06-09 15:29:38'),(971,10,'2018-06-09 15:29:38','2018-06-09 15:29:38'),(972,17,'2018-06-09 15:29:39','2018-06-09 15:29:39'),(973,12,'2018-06-09 15:29:39','2018-06-09 15:29:39'),(974,14,'2018-06-09 15:29:39','2018-06-09 15:29:39'),(975,11,'2018-06-09 15:29:39','2018-06-09 15:29:39'),(976,11,'2018-06-09 15:29:39','2018-06-09 15:29:39'),(977,9,'2018-06-09 15:29:39','2018-06-09 15:29:39'),(978,7,'2018-06-09 15:29:39','2018-06-09 15:29:39'),(979,19,'2018-06-09 15:29:39','2018-06-09 15:29:39'),(980,14,'2018-06-09 15:29:39','2018-06-09 15:29:39'),(981,14,'2018-06-09 15:29:39','2018-06-09 15:29:39'),(982,5,'2018-06-09 15:29:40','2018-06-09 15:29:40'),(983,17,'2018-06-09 15:29:40','2018-06-09 15:29:40'),(984,17,'2018-06-09 15:29:40','2018-06-09 15:29:40'),(985,12,'2018-06-09 15:29:40','2018-06-09 15:29:40'),(986,5,'2018-06-09 15:29:40','2018-06-09 15:29:40'),(987,9,'2018-06-09 15:29:40','2018-06-09 15:29:40'),(988,11,'2018-06-09 15:29:40','2018-06-09 15:29:40'),(989,13,'2018-06-09 15:29:40','2018-06-09 15:29:40'),(990,13,'2018-06-09 15:29:41','2018-06-09 15:29:41'),(991,20,'2018-06-09 15:29:41','2018-06-09 15:29:41'),(992,11,'2018-06-09 15:29:41','2018-06-09 15:29:41'),(993,12,'2018-06-09 15:29:41','2018-06-09 15:29:41'),(994,18,'2018-06-09 15:29:41','2018-06-09 15:29:41'),(995,16,'2018-06-09 15:29:41','2018-06-09 15:29:41'),(996,16,'2018-06-09 15:29:41','2018-06-09 15:29:41'),(997,9,'2018-06-09 15:29:41','2018-06-09 15:29:41'),(998,20,'2018-06-09 15:29:41','2018-06-09 15:29:41'),(999,19,'2018-06-09 15:29:41','2018-06-09 15:29:41'),(1000,16,'2018-06-09 15:29:41','2018-06-09 15:29:41');
/*!40000 ALTER TABLE `inventories` ENABLE KEYS */;
UNLOCK TABLES;

--
-- Table structure for table `migrations`
--

DROP TABLE IF EXISTS `migrations`;
/*!40101 SET @saved_cs_client     = @@character_set_client */;
/*!40101 SET character_set_client = utf8 */;
CREATE TABLE `migrations` (
  `id` int(10) unsigned NOT NULL AUTO_INCREMENT,
  `migration` varchar(255) COLLATE utf8mb4_unicode_ci NOT NULL,
  `batch` int(11) NOT NULL,
  PRIMARY KEY (`id`)
) ENGINE=InnoDB AUTO_INCREMENT=110 DEFAULT CHARSET=utf8mb4 COLLATE=utf8mb4_unicode_ci;
/*!40101 SET character_set_client = @saved_cs_client */;

--
-- Dumping data for table `migrations`
--

LOCK TABLES `migrations` WRITE;
/*!40000 ALTER TABLE `migrations` DISABLE KEYS */;
INSERT INTO `migrations` VALUES (97,'2014_10_12_000000_create_users_table',1),(98,'2014_10_12_100000_create_password_resets_table',1),(99,'2018_06_08_071755_create_categories_table',1),(100,'2018_06_08_071808_create_authors_table',1),(101,'2018_06_08_071858_create_inventories_table',1),(102,'2018_06_08_071888_create_books_table',1),(103,'2018_06_08_071929_create_rentals_table',1),(104,'2018_06_08_083258_book_category_table',1),(105,'2016_06_01_000001_create_oauth_auth_codes_table',2),(106,'2016_06_01_000002_create_oauth_access_tokens_table',2),(107,'2016_06_01_000003_create_oauth_refresh_tokens_table',2),(108,'2016_06_01_000004_create_oauth_clients_table',2),(109,'2016_06_01_000005_create_oauth_personal_access_clients_table',2);
/*!40000 ALTER TABLE `migrations` ENABLE KEYS */;
UNLOCK TABLES;

--
-- Table structure for table `oauth_access_tokens`
--

DROP TABLE IF EXISTS `oauth_access_tokens`;
/*!40101 SET @saved_cs_client     = @@character_set_client */;
/*!40101 SET character_set_client = utf8 */;
CREATE TABLE `oauth_access_tokens` (
  `id` varchar(100) COLLATE utf8mb4_unicode_ci NOT NULL,
  `user_id` int(11) DEFAULT NULL,
  `client_id` int(11) NOT NULL,
  `name` varchar(191) COLLATE utf8mb4_unicode_ci DEFAULT NULL,
  `scopes` text COLLATE utf8mb4_unicode_ci,
  `revoked` tinyint(1) NOT NULL,
  `created_at` timestamp NULL DEFAULT NULL,
  `updated_at` timestamp NULL DEFAULT NULL,
  `expires_at` datetime DEFAULT NULL,
  PRIMARY KEY (`id`),
  KEY `oauth_access_tokens_user_id_index` (`user_id`)
) ENGINE=InnoDB DEFAULT CHARSET=utf8mb4 COLLATE=utf8mb4_unicode_ci;
/*!40101 SET character_set_client = @saved_cs_client */;

--
-- Dumping data for table `oauth_access_tokens`
--

LOCK TABLES `oauth_access_tokens` WRITE;
/*!40000 ALTER TABLE `oauth_access_tokens` DISABLE KEYS */;
INSERT INTO `oauth_access_tokens` VALUES ('57de5abff405ed67ddfed17a04f94047bd00339698215b2c98aff4c9a832eb16d7c97fcb5a02018b',1,4,NULL,'[]',0,'2018-06-11 08:11:17','2018-06-11 08:11:17','2028-06-11 08:11:17'),('6a0c849889feb55fdded84718607ac4efccc4459c4d22f68370a61e2a73badbf633448437a9d323e',NULL,4,NULL,'[]',0,'2018-06-10 10:12:34','2018-06-10 10:12:34','2018-06-10 10:12:34'),('a9f455cc3fb89e05e8bd764049072afab595ff630296c09e81a2320dff7475401d6bb680f39bd3e1',NULL,3,NULL,'[]',0,'2018-06-10 09:55:17','2018-06-10 09:55:17','2018-06-10 09:55:17'),('aeebd95ca1b4a1f900afdc3988ca04c4ee571c6667ac01c8a1fdb42c3df3aa58ade73d4005ddf54b',1,4,NULL,'[]',0,'2018-06-10 10:18:58','2018-06-10 10:18:58','2028-06-10 10:18:58'),('bbbd629858d460594ff4d8b57d43631778634f4c94d515aefa3b8b64fa85975ad58293e5e7dab9c1',NULL,3,NULL,'[]',0,'2018-06-10 10:08:52','2018-06-10 10:08:52','2018-06-10 10:08:52'),('d1d8e34b66229b1a11c34ff5f5cfc275b288920401623ea3c023a5fcb9d464b09bb2a352ed20b107',11,4,NULL,'[]',0,'2018-06-11 08:08:25','2018-06-11 08:08:25','2028-06-11 08:08:25'),('e39c4bd58266dcfe874fce7b3afa0913a87add6e873c8dd8a4b06958351bee049cfb1bda1fed41b7',NULL,3,NULL,'[]',0,'2018-06-10 10:01:35','2018-06-10 10:01:35','2018-06-10 10:01:35'),('ed117bdc50a10a2056ebe510376fff6f88e14c42cf492fcfcd009176333daca8b2e2d57c08635c33',NULL,4,NULL,'[]',0,'2018-06-10 10:13:59','2018-06-10 10:13:59','2028-06-10 10:13:59'),('faff89944bb85999ff4c0de2243f25578377b6a2d3203d19df0f4dbbb7a8e64003445f1ba4a14ec5',NULL,3,NULL,'[]',0,'2018-06-10 10:01:39','2018-06-10 10:01:39','2018-06-10 10:01:39');
/*!40000 ALTER TABLE `oauth_access_tokens` ENABLE KEYS */;
UNLOCK TABLES;

--
-- Table structure for table `oauth_auth_codes`
--

DROP TABLE IF EXISTS `oauth_auth_codes`;
/*!40101 SET @saved_cs_client     = @@character_set_client */;
/*!40101 SET character_set_client = utf8 */;
CREATE TABLE `oauth_auth_codes` (
  `id` varchar(100) COLLATE utf8mb4_unicode_ci NOT NULL,
  `user_id` int(11) NOT NULL,
  `client_id` int(11) NOT NULL,
  `scopes` text COLLATE utf8mb4_unicode_ci,
  `revoked` tinyint(1) NOT NULL,
  `expires_at` datetime DEFAULT NULL,
  PRIMARY KEY (`id`)
) ENGINE=InnoDB DEFAULT CHARSET=utf8mb4 COLLATE=utf8mb4_unicode_ci;
/*!40101 SET character_set_client = @saved_cs_client */;

--
-- Dumping data for table `oauth_auth_codes`
--

LOCK TABLES `oauth_auth_codes` WRITE;
/*!40000 ALTER TABLE `oauth_auth_codes` DISABLE KEYS */;
/*!40000 ALTER TABLE `oauth_auth_codes` ENABLE KEYS */;
UNLOCK TABLES;

--
-- Table structure for table `oauth_clients`
--

DROP TABLE IF EXISTS `oauth_clients`;
/*!40101 SET @saved_cs_client     = @@character_set_client */;
/*!40101 SET character_set_client = utf8 */;
CREATE TABLE `oauth_clients` (
  `id` int(10) unsigned NOT NULL AUTO_INCREMENT,
  `user_id` int(11) DEFAULT NULL,
  `name` varchar(191) COLLATE utf8mb4_unicode_ci NOT NULL,
  `secret` varchar(100) COLLATE utf8mb4_unicode_ci NOT NULL,
  `redirect` text COLLATE utf8mb4_unicode_ci NOT NULL,
  `personal_access_client` tinyint(1) NOT NULL,
  `password_client` tinyint(1) NOT NULL,
  `revoked` tinyint(1) NOT NULL,
  `created_at` timestamp NULL DEFAULT NULL,
  `updated_at` timestamp NULL DEFAULT NULL,
  PRIMARY KEY (`id`),
  KEY `oauth_clients_user_id_index` (`user_id`)
) ENGINE=InnoDB AUTO_INCREMENT=5 DEFAULT CHARSET=utf8mb4 COLLATE=utf8mb4_unicode_ci;
/*!40101 SET character_set_client = @saved_cs_client */;

--
-- Dumping data for table `oauth_clients`
--

LOCK TABLES `oauth_clients` WRITE;
/*!40000 ALTER TABLE `oauth_clients` DISABLE KEYS */;
INSERT INTO `oauth_clients` VALUES (1,NULL,'BIBLIO_API Personal Access Client','Zbti37coIOesLP5feckC9Kq3mTEsZE5aLkXZ1XTr','http://localhost',1,0,0,'2018-06-10 09:24:58','2018-06-10 09:24:58'),(2,NULL,'BIBLIO_API Password Grant Client','HwuMgzk1qQzQlvM7N6UnYjpvCvXRtv7hNfoq0MfH','http://localhost',0,1,0,'2018-06-10 09:24:58','2018-06-10 09:24:58'),(3,0,'client','8LejZ9Id4nuChakI0UsBvM5TfP1GKHmRPEVogMcv','http://localhost/auth/callback',0,0,0,'2018-06-10 09:50:12','2018-06-10 09:50:12'),(4,NULL,'password','nNfICscxDOfXeGJD01u8qqodSvP2Y388CwCAX6uk','http://localhost',0,1,0,'2018-06-10 10:11:47','2018-06-10 10:11:47');
/*!40000 ALTER TABLE `oauth_clients` ENABLE KEYS */;
UNLOCK TABLES;

--
-- Table structure for table `oauth_personal_access_clients`
--

DROP TABLE IF EXISTS `oauth_personal_access_clients`;
/*!40101 SET @saved_cs_client     = @@character_set_client */;
/*!40101 SET character_set_client = utf8 */;
CREATE TABLE `oauth_personal_access_clients` (
  `id` int(10) unsigned NOT NULL AUTO_INCREMENT,
  `client_id` int(11) NOT NULL,
  `created_at` timestamp NULL DEFAULT NULL,
  `updated_at` timestamp NULL DEFAULT NULL,
  PRIMARY KEY (`id`),
  KEY `oauth_personal_access_clients_client_id_index` (`client_id`)
) ENGINE=InnoDB AUTO_INCREMENT=2 DEFAULT CHARSET=utf8mb4 COLLATE=utf8mb4_unicode_ci;
/*!40101 SET character_set_client = @saved_cs_client */;

--
-- Dumping data for table `oauth_personal_access_clients`
--

LOCK TABLES `oauth_personal_access_clients` WRITE;
/*!40000 ALTER TABLE `oauth_personal_access_clients` DISABLE KEYS */;
INSERT INTO `oauth_personal_access_clients` VALUES (1,1,'2018-06-10 09:24:58','2018-06-10 09:24:58');
/*!40000 ALTER TABLE `oauth_personal_access_clients` ENABLE KEYS */;
UNLOCK TABLES;

--
-- Table structure for table `oauth_refresh_tokens`
--

DROP TABLE IF EXISTS `oauth_refresh_tokens`;
/*!40101 SET @saved_cs_client     = @@character_set_client */;
/*!40101 SET character_set_client = utf8 */;
CREATE TABLE `oauth_refresh_tokens` (
  `id` varchar(100) COLLATE utf8mb4_unicode_ci NOT NULL,
  `access_token_id` varchar(100) COLLATE utf8mb4_unicode_ci NOT NULL,
  `revoked` tinyint(1) NOT NULL,
  `expires_at` datetime DEFAULT NULL,
  PRIMARY KEY (`id`),
  KEY `oauth_refresh_tokens_access_token_id_index` (`access_token_id`)
) ENGINE=InnoDB DEFAULT CHARSET=utf8mb4 COLLATE=utf8mb4_unicode_ci;
/*!40101 SET character_set_client = @saved_cs_client */;

--
-- Dumping data for table `oauth_refresh_tokens`
--

LOCK TABLES `oauth_refresh_tokens` WRITE;
/*!40000 ALTER TABLE `oauth_refresh_tokens` DISABLE KEYS */;
INSERT INTO `oauth_refresh_tokens` VALUES ('0f83bfb916322ef4af26ae558158cb61c51fca4f551804a806f407860a960256fd39131b27c8cc3b','aeebd95ca1b4a1f900afdc3988ca04c4ee571c6667ac01c8a1fdb42c3df3aa58ade73d4005ddf54b',0,'2019-06-10 10:18:58'),('49339e86e625e3c2192965bd6eb537ab230f8fcdae6318ab8845cb6e87bc80212bf6f9cfc7c6502e','57de5abff405ed67ddfed17a04f94047bd00339698215b2c98aff4c9a832eb16d7c97fcb5a02018b',0,'2019-06-11 08:11:17'),('50f8df42c284a4187da604aea0a4fed9345d2cbc25e9a8573ccd8811df667bdc844eaa206ead7729','d1d8e34b66229b1a11c34ff5f5cfc275b288920401623ea3c023a5fcb9d464b09bb2a352ed20b107',0,'2019-06-11 08:08:25');
/*!40000 ALTER TABLE `oauth_refresh_tokens` ENABLE KEYS */;
UNLOCK TABLES;

--
-- Table structure for table `password_resets`
--

DROP TABLE IF EXISTS `password_resets`;
/*!40101 SET @saved_cs_client     = @@character_set_client */;
/*!40101 SET character_set_client = utf8 */;
CREATE TABLE `password_resets` (
  `email` varchar(191) COLLATE utf8mb4_unicode_ci NOT NULL,
  `token` varchar(191) COLLATE utf8mb4_unicode_ci NOT NULL,
  `created_at` timestamp NULL DEFAULT NULL,
  KEY `password_resets_email_index` (`email`)
) ENGINE=InnoDB DEFAULT CHARSET=utf8mb4 COLLATE=utf8mb4_unicode_ci;
/*!40101 SET character_set_client = @saved_cs_client */;

--
-- Dumping data for table `password_resets`
--

LOCK TABLES `password_resets` WRITE;
/*!40000 ALTER TABLE `password_resets` DISABLE KEYS */;
/*!40000 ALTER TABLE `password_resets` ENABLE KEYS */;
UNLOCK TABLES;

--
-- Table structure for table `rentals`
--

DROP TABLE IF EXISTS `rentals`;
/*!40101 SET @saved_cs_client     = @@character_set_client */;
/*!40101 SET character_set_client = utf8 */;
CREATE TABLE `rentals` (
  `id` int(10) unsigned NOT NULL AUTO_INCREMENT,
  `book_id` int(10) unsigned NOT NULL,
  `user_id` int(10) unsigned NOT NULL,
  `status` varchar(191) COLLATE utf8mb4_unicode_ci NOT NULL DEFAULT 'rent',
  `end_date` datetime DEFAULT NULL,
  `created_at` timestamp NULL DEFAULT NULL,
  `updated_at` timestamp NULL DEFAULT NULL,
  PRIMARY KEY (`id`),
  KEY `rentals_book_id_foreign` (`book_id`),
  KEY `rentals_user_id_foreign` (`user_id`),
  CONSTRAINT `rentals_book_id_foreign` FOREIGN KEY (`book_id`) REFERENCES `books` (`id`),
  CONSTRAINT `rentals_user_id_foreign` FOREIGN KEY (`user_id`) REFERENCES `users` (`id`)
) ENGINE=InnoDB AUTO_INCREMENT=501 DEFAULT CHARSET=utf8mb4 COLLATE=utf8mb4_unicode_ci;
/*!40101 SET character_set_client = @saved_cs_client */;

--
-- Dumping data for table `rentals`
--

LOCK TABLES `rentals` WRITE;
/*!40000 ALTER TABLE `rentals` DISABLE KEYS */;
INSERT INTO `rentals` VALUES (1,384,25,'complete','2018-06-09 15:32:02','2018-06-09 15:32:15','2018-06-09 15:32:15'),(2,426,3,'complete','2018-06-09 15:32:02','2018-06-09 15:32:15','2018-06-09 15:32:15'),(3,777,45,'complete','2018-06-09 15:32:02','2018-06-09 15:32:15','2018-06-09 15:32:15'),(4,133,18,'rent',NULL,'2018-06-09 15:32:15','2018-06-09 15:32:15'),(5,787,13,'complete','2018-06-09 15:32:02','2018-06-09 15:32:15','2018-06-09 15:32:15'),(6,204,5,'complete','2018-06-09 15:32:02','2018-06-09 15:32:15','2018-06-09 15:32:15'),(7,50,18,'rent',NULL,'2018-06-09 15:32:15','2018-06-09 15:32:15'),(8,138,26,'rent',NULL,'2018-06-09 15:32:15','2018-06-09 15:32:15'),(9,418,46,'rent',NULL,'2018-06-09 15:32:15','2018-06-09 15:32:15'),(10,228,10,'rent',NULL,'2018-06-09 15:32:15','2018-06-09 15:32:15'),(11,147,42,'complete','2018-06-09 15:32:02','2018-06-09 15:32:15','2018-06-09 15:32:15'),(12,412,42,'rent',NULL,'2018-06-09 15:32:15','2018-06-09 15:32:15'),(13,664,45,'rent',NULL,'2018-06-09 15:32:16','2018-06-09 15:32:16'),(14,844,17,'rent',NULL,'2018-06-09 15:32:16','2018-06-09 15:32:16'),(15,698,2,'complete','2018-06-09 15:32:02','2018-06-09 15:32:16','2018-06-09 15:32:16'),(16,273,19,'complete','2018-06-09 15:32:02','2018-06-09 15:32:16','2018-06-09 15:32:16'),(17,865,37,'rent',NULL,'2018-06-09 15:32:16','2018-06-09 15:32:16'),(18,192,45,'rent',NULL,'2018-06-09 15:32:16','2018-06-09 15:32:16'),(19,523,35,'complete','2018-06-09 15:32:02','2018-06-09 15:32:16','2018-06-09 15:32:16'),(20,845,25,'complete','2018-06-09 15:32:02','2018-06-09 15:32:16','2018-06-09 15:32:16'),(21,630,44,'rent',NULL,'2018-06-09 15:32:16','2018-06-09 15:32:16'),(22,902,48,'complete','2018-06-09 15:32:02','2018-06-09 15:32:16','2018-06-09 15:32:16'),(23,877,5,'rent',NULL,'2018-06-09 15:32:16','2018-06-09 15:32:16'),(24,227,24,'rent',NULL,'2018-06-09 15:32:16','2018-06-09 15:32:16'),(25,307,28,'complete','2018-06-09 15:32:02','2018-06-09 15:32:16','2018-06-09 15:32:16'),(26,245,5,'rent',NULL,'2018-06-09 15:32:16','2018-06-09 15:32:16'),(27,504,20,'rent',NULL,'2018-06-09 15:32:16','2018-06-09 15:32:16'),(28,258,3,'rent',NULL,'2018-06-09 15:32:16','2018-06-09 15:32:16'),(29,797,29,'rent',NULL,'2018-06-09 15:32:16','2018-06-09 15:32:16'),(30,337,42,'rent',NULL,'2018-06-09 15:32:16','2018-06-09 15:32:16'),(31,586,8,'rent',NULL,'2018-06-09 15:32:16','2018-06-09 15:32:16'),(32,664,50,'complete','2018-06-09 15:32:03','2018-06-09 15:32:16','2018-06-09 15:32:16'),(33,350,30,'complete','2018-06-09 15:32:03','2018-06-09 15:32:16','2018-06-09 15:32:16'),(34,901,2,'complete','2018-06-09 15:32:03','2018-06-09 15:32:16','2018-06-09 15:32:16'),(35,286,45,'rent',NULL,'2018-06-09 15:32:17','2018-06-09 15:32:17'),(36,562,41,'rent',NULL,'2018-06-09 15:32:17','2018-06-09 15:32:17'),(37,793,19,'complete','2018-06-09 15:32:03','2018-06-09 15:32:17','2018-06-09 15:32:17'),(38,620,14,'rent',NULL,'2018-06-09 15:32:17','2018-06-09 15:32:17'),(39,945,44,'rent',NULL,'2018-06-09 15:32:17','2018-06-09 15:32:17'),(40,622,36,'rent',NULL,'2018-06-09 15:32:17','2018-06-09 15:32:17'),(41,726,38,'complete','2018-06-09 15:32:03','2018-06-09 15:32:17','2018-06-09 15:32:17'),(42,600,44,'rent',NULL,'2018-06-09 15:32:17','2018-06-09 15:32:17'),(43,548,12,'rent',NULL,'2018-06-09 15:32:17','2018-06-09 15:32:17'),(44,695,41,'rent',NULL,'2018-06-09 15:32:17','2018-06-09 15:32:17'),(45,606,42,'rent',NULL,'2018-06-09 15:32:17','2018-06-09 15:32:17'),(46,348,14,'rent',NULL,'2018-06-09 15:32:17','2018-06-09 15:32:17'),(47,684,44,'complete','2018-06-09 15:32:03','2018-06-09 15:32:17','2018-06-09 15:32:17'),(48,391,23,'rent',NULL,'2018-06-09 15:32:17','2018-06-09 15:32:17'),(49,726,6,'complete','2018-06-09 15:32:03','2018-06-09 15:32:17','2018-06-09 15:32:17'),(50,359,40,'complete','2018-06-09 15:32:03','2018-06-09 15:32:17','2018-06-09 15:32:17'),(51,210,17,'complete','2018-06-09 15:32:03','2018-06-09 15:32:17','2018-06-09 15:32:17'),(52,915,49,'rent',NULL,'2018-06-09 15:32:17','2018-06-09 15:32:17'),(53,21,21,'rent',NULL,'2018-06-09 15:32:17','2018-06-09 15:32:17'),(54,458,26,'rent',NULL,'2018-06-09 15:32:18','2018-06-09 15:32:18'),(55,698,31,'rent',NULL,'2018-06-09 15:32:18','2018-06-09 15:32:18'),(56,149,6,'complete','2018-06-09 15:32:03','2018-06-09 15:32:18','2018-06-09 15:32:18'),(57,732,49,'complete','2018-06-09 15:32:03','2018-06-09 15:32:18','2018-06-09 15:32:18'),(58,81,42,'rent',NULL,'2018-06-09 15:32:18','2018-06-09 15:32:18'),(59,956,9,'complete','2018-06-09 15:32:03','2018-06-09 15:32:18','2018-06-09 15:32:18'),(60,422,13,'rent',NULL,'2018-06-09 15:32:18','2018-06-09 15:32:18'),(61,196,13,'complete','2018-06-09 15:32:03','2018-06-09 15:32:18','2018-06-09 15:32:18'),(62,84,47,'complete','2018-06-09 15:32:03','2018-06-09 15:32:18','2018-06-09 15:32:18'),(63,599,29,'rent',NULL,'2018-06-09 15:32:18','2018-06-09 15:32:18'),(64,207,9,'complete','2018-06-09 15:32:03','2018-06-09 15:32:18','2018-06-09 15:32:18'),(65,887,6,'complete','2018-06-09 15:32:03','2018-06-09 15:32:18','2018-06-09 15:32:18'),(66,358,40,'complete','2018-06-09 15:32:03','2018-06-09 15:32:18','2018-06-09 15:32:18'),(67,712,45,'rent',NULL,'2018-06-09 15:32:18','2018-06-09 15:32:18'),(68,869,39,'rent',NULL,'2018-06-09 15:32:19','2018-06-09 15:32:19'),(69,591,39,'complete','2018-06-09 15:32:04','2018-06-09 15:32:19','2018-06-09 15:32:19'),(70,364,31,'rent',NULL,'2018-06-09 15:32:19','2018-06-09 15:32:19'),(71,452,21,'rent',NULL,'2018-06-09 15:32:19','2018-06-09 15:32:19'),(72,353,28,'rent',NULL,'2018-06-09 15:32:19','2018-06-09 15:32:19'),(73,29,12,'complete','2018-06-09 15:32:04','2018-06-09 15:32:19','2018-06-09 15:32:19'),(74,344,10,'complete','2018-06-09 15:32:04','2018-06-09 15:32:19','2018-06-09 15:32:19'),(75,138,8,'complete','2018-06-09 15:32:04','2018-06-09 15:32:19','2018-06-09 15:32:19'),(76,532,16,'rent',NULL,'2018-06-09 15:32:19','2018-06-09 15:32:19'),(77,897,16,'complete','2018-06-09 15:32:04','2018-06-09 15:32:19','2018-06-09 15:32:19'),(78,840,8,'complete','2018-06-09 15:32:04','2018-06-09 15:32:19','2018-06-09 15:32:19'),(79,164,48,'complete','2018-06-09 15:32:04','2018-06-09 15:32:19','2018-06-09 15:32:19'),(80,182,39,'rent',NULL,'2018-06-09 15:32:19','2018-06-09 15:32:19'),(81,217,42,'rent',NULL,'2018-06-09 15:32:19','2018-06-09 15:32:19'),(82,780,22,'rent',NULL,'2018-06-09 15:32:19','2018-06-09 15:32:19'),(83,580,17,'complete','2018-06-09 15:32:04','2018-06-09 15:32:20','2018-06-09 15:32:20'),(84,85,39,'complete','2018-06-09 15:32:04','2018-06-09 15:32:20','2018-06-09 15:32:20'),(85,424,40,'complete','2018-06-09 15:32:04','2018-06-09 15:32:20','2018-06-09 15:32:20'),(86,181,17,'complete','2018-06-09 15:32:04','2018-06-09 15:32:20','2018-06-09 15:32:20'),(87,70,2,'rent',NULL,'2018-06-09 15:32:20','2018-06-09 15:32:20'),(88,587,42,'rent',NULL,'2018-06-09 15:32:20','2018-06-09 15:32:20'),(89,991,42,'rent',NULL,'2018-06-09 15:32:20','2018-06-09 15:32:20'),(90,980,5,'complete','2018-06-09 15:32:04','2018-06-09 15:32:20','2018-06-09 15:32:20'),(91,654,41,'rent',NULL,'2018-06-09 15:32:20','2018-06-09 15:32:20'),(92,306,34,'complete','2018-06-09 15:32:04','2018-06-09 15:32:20','2018-06-09 15:32:20'),(93,48,37,'rent',NULL,'2018-06-09 15:32:20','2018-06-09 15:32:20'),(94,834,27,'rent',NULL,'2018-06-09 15:32:20','2018-06-09 15:32:20'),(95,392,16,'rent',NULL,'2018-06-09 15:32:20','2018-06-09 15:32:20'),(96,887,31,'rent',NULL,'2018-06-09 15:32:20','2018-06-09 15:32:20'),(97,153,49,'complete','2018-06-09 15:32:04','2018-06-09 15:32:20','2018-06-09 15:32:20'),(98,283,38,'rent',NULL,'2018-06-09 15:32:20','2018-06-09 15:32:20'),(99,270,38,'complete','2018-06-09 15:32:04','2018-06-09 15:32:21','2018-06-09 15:32:21'),(100,106,19,'complete','2018-06-09 15:32:04','2018-06-09 15:32:21','2018-06-09 15:32:21'),(101,495,19,'complete','2018-06-09 15:32:04','2018-06-09 15:32:21','2018-06-09 15:32:21'),(102,239,17,'rent',NULL,'2018-06-09 15:32:21','2018-06-09 15:32:21'),(103,951,42,'complete','2018-06-09 15:32:04','2018-06-09 15:32:21','2018-06-09 15:32:21'),(104,727,7,'complete','2018-06-09 15:32:04','2018-06-09 15:32:21','2018-06-09 15:32:21'),(105,643,13,'complete','2018-06-09 15:32:05','2018-06-09 15:32:21','2018-06-09 15:32:21'),(106,235,10,'rent',NULL,'2018-06-09 15:32:21','2018-06-09 15:32:21'),(107,202,13,'complete','2018-06-09 15:32:05','2018-06-09 15:32:21','2018-06-09 15:32:21'),(108,613,19,'rent',NULL,'2018-06-09 15:32:21','2018-06-09 15:32:21'),(109,30,41,'rent',NULL,'2018-06-09 15:32:21','2018-06-09 15:32:21'),(110,130,22,'rent',NULL,'2018-06-09 15:32:21','2018-06-09 15:32:21'),(111,680,2,'rent',NULL,'2018-06-09 15:32:21','2018-06-09 15:32:21'),(112,552,29,'rent',NULL,'2018-06-09 15:32:21','2018-06-09 15:32:21'),(113,805,15,'complete','2018-06-09 15:32:05','2018-06-09 15:32:21','2018-06-09 15:32:21'),(114,146,14,'rent',NULL,'2018-06-09 15:32:21','2018-06-09 15:32:21'),(115,84,29,'complete','2018-06-09 15:32:05','2018-06-09 15:32:21','2018-06-09 15:32:21'),(116,187,8,'complete','2018-06-09 15:32:05','2018-06-09 15:32:21','2018-06-09 15:32:21'),(117,780,28,'complete','2018-06-09 15:32:05','2018-06-09 15:32:21','2018-06-09 15:32:21'),(118,195,22,'rent',NULL,'2018-06-09 15:32:22','2018-06-09 15:32:22'),(119,702,37,'complete','2018-06-09 15:32:05','2018-06-09 15:32:22','2018-06-09 15:32:22'),(120,588,21,'rent',NULL,'2018-06-09 15:32:22','2018-06-09 15:32:22'),(121,27,25,'rent',NULL,'2018-06-09 15:32:22','2018-06-09 15:32:22'),(122,899,25,'rent',NULL,'2018-06-09 15:32:22','2018-06-09 15:32:22'),(123,71,18,'complete','2018-06-09 15:32:05','2018-06-09 15:32:22','2018-06-09 15:32:22'),(124,374,34,'complete','2018-06-09 15:32:05','2018-06-09 15:32:22','2018-06-09 15:32:22'),(125,131,45,'rent',NULL,'2018-06-09 15:32:22','2018-06-09 15:32:22'),(126,925,13,'rent',NULL,'2018-06-09 15:32:22','2018-06-09 15:32:22'),(127,960,4,'rent',NULL,'2018-06-09 15:32:22','2018-06-09 15:32:22'),(128,35,31,'rent',NULL,'2018-06-09 15:32:22','2018-06-09 15:32:22'),(129,623,16,'complete','2018-06-09 15:32:05','2018-06-09 15:32:22','2018-06-09 15:32:22'),(130,949,26,'rent',NULL,'2018-06-09 15:32:22','2018-06-09 15:32:22'),(131,242,38,'complete','2018-06-09 15:32:05','2018-06-09 15:32:23','2018-06-09 15:32:23'),(132,680,13,'complete','2018-06-09 15:32:05','2018-06-09 15:32:23','2018-06-09 15:32:23'),(133,269,3,'complete','2018-06-09 15:32:05','2018-06-09 15:32:23','2018-06-09 15:32:23'),(134,367,37,'rent',NULL,'2018-06-09 15:32:23','2018-06-09 15:32:23'),(135,752,28,'complete','2018-06-09 15:32:05','2018-06-09 15:32:23','2018-06-09 15:32:23'),(136,419,26,'complete','2018-06-09 15:32:05','2018-06-09 15:32:23','2018-06-09 15:32:23'),(137,149,13,'rent',NULL,'2018-06-09 15:32:23','2018-06-09 15:32:23'),(138,397,1,'complete','2018-06-09 15:32:05','2018-06-09 15:32:23','2018-06-09 15:32:23'),(139,962,25,'complete','2018-06-09 15:32:06','2018-06-09 15:32:23','2018-06-09 15:32:23'),(140,174,11,'complete','2018-06-09 15:32:06','2018-06-09 15:32:23','2018-06-09 15:32:23'),(141,724,8,'rent',NULL,'2018-06-09 15:32:23','2018-06-09 15:32:23'),(142,540,42,'complete','2018-06-09 15:32:06','2018-06-09 15:32:23','2018-06-09 15:32:23'),(143,701,20,'complete','2018-06-09 15:32:06','2018-06-09 15:32:23','2018-06-09 15:32:23'),(144,614,12,'complete','2018-06-09 15:32:06','2018-06-09 15:32:23','2018-06-09 15:32:23'),(145,421,44,'complete','2018-06-09 15:32:06','2018-06-09 15:32:23','2018-06-09 15:32:23'),(146,112,6,'rent',NULL,'2018-06-09 15:32:24','2018-06-09 15:32:24'),(147,991,11,'rent',NULL,'2018-06-09 15:32:24','2018-06-09 15:32:24'),(148,274,18,'rent',NULL,'2018-06-09 15:32:24','2018-06-09 15:32:24'),(149,382,28,'rent',NULL,'2018-06-09 15:32:24','2018-06-09 15:32:24'),(150,269,27,'complete','2018-06-09 15:32:06','2018-06-09 15:32:24','2018-06-09 15:32:24'),(151,668,38,'complete','2018-06-09 15:32:06','2018-06-09 15:32:24','2018-06-09 15:32:24'),(152,50,6,'complete','2018-06-09 15:32:06','2018-06-09 15:32:24','2018-06-09 15:32:24'),(153,425,38,'complete','2018-06-09 15:32:06','2018-06-09 15:32:24','2018-06-09 15:32:24'),(154,220,20,'rent',NULL,'2018-06-09 15:32:24','2018-06-09 15:32:24'),(155,847,20,'complete','2018-06-09 15:32:06','2018-06-09 15:32:24','2018-06-09 15:32:24'),(156,308,30,'rent',NULL,'2018-06-09 15:32:24','2018-06-09 15:32:24'),(157,138,3,'complete','2018-06-09 15:32:06','2018-06-09 15:32:24','2018-06-09 15:32:24'),(158,433,47,'rent',NULL,'2018-06-09 15:32:24','2018-06-09 15:32:24'),(159,590,46,'complete','2018-06-09 15:32:06','2018-06-09 15:32:24','2018-06-09 15:32:24'),(160,74,7,'complete','2018-06-09 15:32:06','2018-06-09 15:32:24','2018-06-09 15:32:24'),(161,786,15,'complete','2018-06-09 15:32:06','2018-06-09 15:32:24','2018-06-09 15:32:24'),(162,918,14,'rent',NULL,'2018-06-09 15:32:24','2018-06-09 15:32:24'),(163,636,45,'complete','2018-06-09 15:32:06','2018-06-09 15:32:24','2018-06-09 15:32:24'),(164,524,25,'rent',NULL,'2018-06-09 15:32:25','2018-06-09 15:32:25'),(165,785,23,'rent',NULL,'2018-06-09 15:32:25','2018-06-09 15:32:25'),(166,708,30,'complete','2018-06-09 15:32:06','2018-06-09 15:32:25','2018-06-09 15:32:25'),(167,491,43,'rent',NULL,'2018-06-09 15:32:25','2018-06-09 15:32:25'),(168,834,9,'rent',NULL,'2018-06-09 15:32:25','2018-06-09 15:32:25'),(169,658,12,'complete','2018-06-09 15:32:06','2018-06-09 15:32:25','2018-06-09 15:32:25'),(170,959,27,'rent',NULL,'2018-06-09 15:32:25','2018-06-09 15:32:25'),(171,368,36,'complete','2018-06-09 15:32:06','2018-06-09 15:32:25','2018-06-09 15:32:25'),(172,903,18,'complete','2018-06-09 15:32:06','2018-06-09 15:32:25','2018-06-09 15:32:25'),(173,729,38,'complete','2018-06-09 15:32:06','2018-06-09 15:32:25','2018-06-09 15:32:25'),(174,191,35,'complete','2018-06-09 15:32:06','2018-06-09 15:32:25','2018-06-09 15:32:25'),(175,698,42,'complete','2018-06-09 15:32:06','2018-06-09 15:32:25','2018-06-09 15:32:25'),(176,361,14,'complete','2018-06-09 15:32:06','2018-06-09 15:32:25','2018-06-09 15:32:25'),(177,767,40,'complete','2018-06-09 15:32:06','2018-06-09 15:32:25','2018-06-09 15:32:25'),(178,66,30,'complete','2018-06-09 15:32:07','2018-06-09 15:32:25','2018-06-09 15:32:25'),(179,271,33,'complete','2018-06-09 15:32:07','2018-06-09 15:32:25','2018-06-09 15:32:25'),(180,574,45,'complete','2018-06-09 15:32:07','2018-06-09 15:32:25','2018-06-09 15:32:25'),(181,831,32,'complete','2018-06-09 15:32:07','2018-06-09 15:32:25','2018-06-09 15:32:25'),(182,511,20,'rent',NULL,'2018-06-09 15:32:25','2018-06-09 15:32:25'),(183,59,22,'complete','2018-06-09 15:32:07','2018-06-09 15:32:26','2018-06-09 15:32:26'),(184,497,21,'complete','2018-06-09 15:32:07','2018-06-09 15:32:26','2018-06-09 15:32:26'),(185,659,28,'rent',NULL,'2018-06-09 15:32:26','2018-06-09 15:32:26'),(186,750,17,'rent',NULL,'2018-06-09 15:32:26','2018-06-09 15:32:26'),(187,767,11,'rent',NULL,'2018-06-09 15:32:26','2018-06-09 15:32:26'),(188,220,17,'complete','2018-06-09 15:32:07','2018-06-09 15:32:26','2018-06-09 15:32:26'),(189,123,17,'complete','2018-06-09 15:32:07','2018-06-09 15:32:26','2018-06-09 15:32:26'),(190,781,12,'rent',NULL,'2018-06-09 15:32:26','2018-06-09 15:32:26'),(191,629,46,'rent',NULL,'2018-06-09 15:32:26','2018-06-09 15:32:26'),(192,523,25,'complete','2018-06-09 15:32:07','2018-06-09 15:32:26','2018-06-09 15:32:26'),(193,560,5,'rent',NULL,'2018-06-09 15:32:26','2018-06-09 15:32:26'),(194,144,39,'rent',NULL,'2018-06-09 15:32:26','2018-06-09 15:32:26'),(195,394,21,'rent',NULL,'2018-06-09 15:32:26','2018-06-09 15:32:26'),(196,958,20,'rent',NULL,'2018-06-09 15:32:26','2018-06-09 15:32:26'),(197,100,2,'complete','2018-06-09 15:32:07','2018-06-09 15:32:26','2018-06-09 15:32:26'),(198,188,7,'complete','2018-06-09 15:32:07','2018-06-09 15:32:26','2018-06-09 15:32:26'),(199,93,17,'rent',NULL,'2018-06-09 15:32:26','2018-06-09 15:32:26'),(200,363,47,'complete','2018-06-09 15:32:07','2018-06-09 15:32:27','2018-06-09 15:32:27'),(201,903,7,'complete','2018-06-09 15:32:07','2018-06-09 15:32:27','2018-06-09 15:32:27'),(202,971,48,'complete','2018-06-09 15:32:07','2018-06-09 15:32:27','2018-06-09 15:32:27'),(203,297,4,'complete','2018-06-09 15:32:07','2018-06-09 15:32:27','2018-06-09 15:32:27'),(204,881,29,'complete','2018-06-09 15:32:07','2018-06-09 15:32:27','2018-06-09 15:32:27'),(205,34,49,'rent',NULL,'2018-06-09 15:32:27','2018-06-09 15:32:27'),(206,523,5,'complete','2018-06-09 15:32:07','2018-06-09 15:32:27','2018-06-09 15:32:27'),(207,931,32,'rent',NULL,'2018-06-09 15:32:27','2018-06-09 15:32:27'),(208,979,13,'rent',NULL,'2018-06-09 15:32:27','2018-06-09 15:32:27'),(209,380,2,'complete','2018-06-09 15:32:07','2018-06-09 15:32:27','2018-06-09 15:32:27'),(210,899,40,'rent',NULL,'2018-06-09 15:32:27','2018-06-09 15:32:27'),(211,999,7,'complete','2018-06-09 15:32:07','2018-06-09 15:32:27','2018-06-09 15:32:27'),(212,593,15,'rent',NULL,'2018-06-09 15:32:27','2018-06-09 15:32:27'),(213,735,13,'complete','2018-06-09 15:32:07','2018-06-09 15:32:27','2018-06-09 15:32:27'),(214,378,18,'complete','2018-06-09 15:32:07','2018-06-09 15:32:27','2018-06-09 15:32:27'),(215,484,23,'rent',NULL,'2018-06-09 15:32:27','2018-06-09 15:32:27'),(216,939,7,'rent',NULL,'2018-06-09 15:32:27','2018-06-09 15:32:27'),(217,154,20,'rent',NULL,'2018-06-09 15:32:27','2018-06-09 15:32:27'),(218,169,28,'rent',NULL,'2018-06-09 15:32:27','2018-06-09 15:32:27'),(219,948,30,'complete','2018-06-09 15:32:08','2018-06-09 15:32:27','2018-06-09 15:32:27'),(220,527,48,'rent',NULL,'2018-06-09 15:32:27','2018-06-09 15:32:27'),(221,172,22,'complete','2018-06-09 15:32:08','2018-06-09 15:32:27','2018-06-09 15:32:27'),(222,422,17,'rent',NULL,'2018-06-09 15:32:27','2018-06-09 15:32:27'),(223,314,31,'rent',NULL,'2018-06-09 15:32:28','2018-06-09 15:32:28'),(224,575,41,'rent',NULL,'2018-06-09 15:32:28','2018-06-09 15:32:28'),(225,642,19,'rent',NULL,'2018-06-09 15:32:28','2018-06-09 15:32:28'),(226,24,8,'rent',NULL,'2018-06-09 15:32:28','2018-06-09 15:32:28'),(227,276,24,'complete','2018-06-09 15:32:08','2018-06-09 15:32:28','2018-06-09 15:32:28'),(228,803,6,'complete','2018-06-09 15:32:08','2018-06-09 15:32:28','2018-06-09 15:32:28'),(229,998,34,'complete','2018-06-09 15:32:08','2018-06-09 15:32:28','2018-06-09 15:32:28'),(230,577,5,'complete','2018-06-09 15:32:08','2018-06-09 15:32:28','2018-06-09 15:32:28'),(231,228,6,'complete','2018-06-09 15:32:08','2018-06-09 15:32:28','2018-06-09 15:32:28'),(232,91,14,'rent',NULL,'2018-06-09 15:32:28','2018-06-09 15:32:28'),(233,889,24,'rent',NULL,'2018-06-09 15:32:28','2018-06-09 15:32:28'),(234,903,49,'complete','2018-06-09 15:32:08','2018-06-09 15:32:28','2018-06-09 15:32:28'),(235,646,30,'complete','2018-06-09 15:32:08','2018-06-09 15:32:28','2018-06-09 15:32:28'),(236,156,8,'complete','2018-06-09 15:32:08','2018-06-09 15:32:28','2018-06-09 15:32:28'),(237,513,31,'rent',NULL,'2018-06-09 15:32:28','2018-06-09 15:32:28'),(238,887,21,'rent',NULL,'2018-06-09 15:32:28','2018-06-09 15:32:28'),(239,130,46,'rent',NULL,'2018-06-09 15:32:28','2018-06-09 15:32:28'),(240,434,7,'rent',NULL,'2018-06-09 15:32:29','2018-06-09 15:32:29'),(241,740,29,'rent',NULL,'2018-06-09 15:32:29','2018-06-09 15:32:29'),(242,212,6,'complete','2018-06-09 15:32:08','2018-06-09 15:32:29','2018-06-09 15:32:29'),(243,393,3,'complete','2018-06-09 15:32:08','2018-06-09 15:32:29','2018-06-09 15:32:29'),(244,831,3,'complete','2018-06-09 15:32:08','2018-06-09 15:32:29','2018-06-09 15:32:29'),(245,473,22,'complete','2018-06-09 15:32:08','2018-06-09 15:32:29','2018-06-09 15:32:29'),(246,767,4,'rent',NULL,'2018-06-09 15:32:29','2018-06-09 15:32:29'),(247,975,40,'complete','2018-06-09 15:32:08','2018-06-09 15:32:30','2018-06-09 15:32:30'),(248,757,9,'complete','2018-06-09 15:32:08','2018-06-09 15:32:30','2018-06-09 15:32:30'),(249,272,42,'complete','2018-06-09 15:32:08','2018-06-09 15:32:30','2018-06-09 15:32:30'),(250,499,16,'rent',NULL,'2018-06-09 15:32:30','2018-06-09 15:32:30'),(251,851,26,'complete','2018-06-09 15:32:08','2018-06-09 15:32:30','2018-06-09 15:32:30'),(252,5,50,'complete','2018-06-09 15:32:08','2018-06-09 15:32:30','2018-06-09 15:32:30'),(253,129,5,'rent',NULL,'2018-06-09 15:32:30','2018-06-09 15:32:30'),(254,534,17,'rent',NULL,'2018-06-09 15:32:30','2018-06-09 15:32:30'),(255,157,40,'complete','2018-06-09 15:32:08','2018-06-09 15:32:30','2018-06-09 15:32:30'),(256,571,36,'rent',NULL,'2018-06-09 15:32:30','2018-06-09 15:32:30'),(257,868,23,'complete','2018-06-09 15:32:09','2018-06-09 15:32:30','2018-06-09 15:32:30'),(258,508,6,'rent',NULL,'2018-06-09 15:32:30','2018-06-09 15:32:30'),(259,607,38,'complete','2018-06-09 15:32:09','2018-06-09 15:32:30','2018-06-09 15:32:30'),(260,281,24,'complete','2018-06-09 15:32:09','2018-06-09 15:32:30','2018-06-09 15:32:30'),(261,551,18,'complete','2018-06-09 15:32:09','2018-06-09 15:32:30','2018-06-09 15:32:30'),(262,647,44,'complete','2018-06-09 15:32:09','2018-06-09 15:32:30','2018-06-09 15:32:30'),(263,754,48,'rent',NULL,'2018-06-09 15:32:30','2018-06-09 15:32:30'),(264,197,22,'complete','2018-06-09 15:32:09','2018-06-09 15:32:30','2018-06-09 15:32:30'),(265,652,35,'complete','2018-06-09 15:32:09','2018-06-09 15:32:30','2018-06-09 15:32:30'),(266,323,47,'complete','2018-06-09 15:32:09','2018-06-09 15:32:30','2018-06-09 15:32:30'),(267,36,1,'rent',NULL,'2018-06-09 15:32:30','2018-06-09 15:32:30'),(268,566,4,'complete','2018-06-09 15:32:09','2018-06-09 15:32:30','2018-06-09 15:32:30'),(269,47,38,'rent',NULL,'2018-06-09 15:32:30','2018-06-09 15:32:30'),(270,464,34,'complete','2018-06-09 15:32:09','2018-06-09 15:32:30','2018-06-09 15:32:30'),(271,972,34,'complete','2018-06-09 15:32:09','2018-06-09 15:32:30','2018-06-09 15:32:30'),(272,360,42,'rent',NULL,'2018-06-09 15:32:31','2018-06-09 15:32:31'),(273,157,45,'rent',NULL,'2018-06-09 15:32:31','2018-06-09 15:32:31'),(274,787,30,'complete','2018-06-09 15:32:09','2018-06-09 15:32:31','2018-06-09 15:32:31'),(275,447,15,'rent',NULL,'2018-06-09 15:32:31','2018-06-09 15:32:31'),(276,906,43,'complete','2018-06-09 15:32:09','2018-06-09 15:32:31','2018-06-09 15:32:31'),(277,750,20,'complete','2018-06-09 15:32:09','2018-06-09 15:32:31','2018-06-09 15:32:31'),(278,541,22,'complete','2018-06-09 15:32:09','2018-06-09 15:32:31','2018-06-09 15:32:31'),(279,57,45,'complete','2018-06-09 15:32:09','2018-06-09 15:32:31','2018-06-09 15:32:31'),(280,164,9,'complete','2018-06-09 15:32:09','2018-06-09 15:32:31','2018-06-09 15:32:31'),(281,358,15,'complete','2018-06-09 15:32:09','2018-06-09 15:32:31','2018-06-09 15:32:31'),(282,757,34,'rent',NULL,'2018-06-09 15:32:31','2018-06-09 15:32:31'),(283,618,46,'rent',NULL,'2018-06-09 15:32:31','2018-06-09 15:32:31'),(284,672,13,'rent',NULL,'2018-06-09 15:32:31','2018-06-09 15:32:31'),(285,749,46,'complete','2018-06-09 15:32:09','2018-06-09 15:32:31','2018-06-09 15:32:31'),(286,330,25,'complete','2018-06-09 15:32:09','2018-06-09 15:32:31','2018-06-09 15:32:31'),(287,826,27,'complete','2018-06-09 15:32:09','2018-06-09 15:32:31','2018-06-09 15:32:31'),(288,948,2,'complete','2018-06-09 15:32:09','2018-06-09 15:32:31','2018-06-09 15:32:31'),(289,69,15,'rent',NULL,'2018-06-09 15:32:31','2018-06-09 15:32:31'),(290,91,9,'complete','2018-06-09 15:32:09','2018-06-09 15:32:31','2018-06-09 15:32:31'),(291,737,26,'complete','2018-06-09 15:32:09','2018-06-09 15:32:31','2018-06-09 15:32:31'),(292,329,25,'rent',NULL,'2018-06-09 15:32:31','2018-06-09 15:32:31'),(293,254,10,'rent',NULL,'2018-06-09 15:32:32','2018-06-09 15:32:32'),(294,37,15,'rent',NULL,'2018-06-09 15:32:32','2018-06-09 15:32:32'),(295,771,23,'rent',NULL,'2018-06-09 15:32:32','2018-06-09 15:32:32'),(296,243,14,'rent',NULL,'2018-06-09 15:32:32','2018-06-09 15:32:32'),(297,432,10,'rent',NULL,'2018-06-09 15:32:32','2018-06-09 15:32:32'),(298,45,19,'rent',NULL,'2018-06-09 15:32:32','2018-06-09 15:32:32'),(299,569,15,'rent',NULL,'2018-06-09 15:32:32','2018-06-09 15:32:32'),(300,589,34,'rent',NULL,'2018-06-09 15:32:32','2018-06-09 15:32:32'),(301,64,41,'rent',NULL,'2018-06-09 15:32:32','2018-06-09 15:32:32'),(302,392,12,'rent',NULL,'2018-06-09 15:32:32','2018-06-09 15:32:32'),(303,724,8,'complete','2018-06-09 15:32:10','2018-06-09 15:32:32','2018-06-09 15:32:32'),(304,284,15,'complete','2018-06-09 15:32:10','2018-06-09 15:32:32','2018-06-09 15:32:32'),(305,448,40,'rent',NULL,'2018-06-09 15:32:32','2018-06-09 15:32:32'),(306,321,40,'complete','2018-06-09 15:32:10','2018-06-09 15:32:32','2018-06-09 15:32:32'),(307,24,39,'complete','2018-06-09 15:32:10','2018-06-09 15:32:32','2018-06-09 15:32:32'),(308,623,5,'complete','2018-06-09 15:32:10','2018-06-09 15:32:32','2018-06-09 15:32:32'),(309,744,44,'rent',NULL,'2018-06-09 15:32:32','2018-06-09 15:32:32'),(310,184,13,'complete','2018-06-09 15:32:10','2018-06-09 15:32:32','2018-06-09 15:32:32'),(311,180,11,'rent',NULL,'2018-06-09 15:32:32','2018-06-09 15:32:32'),(312,915,22,'complete','2018-06-09 15:32:10','2018-06-09 15:32:33','2018-06-09 15:32:33'),(313,53,27,'complete','2018-06-09 15:32:10','2018-06-09 15:32:33','2018-06-09 15:32:33'),(314,279,22,'rent',NULL,'2018-06-09 15:32:33','2018-06-09 15:32:33'),(315,760,27,'rent',NULL,'2018-06-09 15:32:33','2018-06-09 15:32:33'),(316,320,8,'complete','2018-06-09 15:32:10','2018-06-09 15:32:33','2018-06-09 15:32:33'),(317,108,10,'complete','2018-06-09 15:32:10','2018-06-09 15:32:33','2018-06-09 15:32:33'),(318,7,13,'complete','2018-06-09 15:32:10','2018-06-09 15:32:33','2018-06-09 15:32:33'),(319,106,18,'complete','2018-06-09 15:32:10','2018-06-09 15:32:33','2018-06-09 15:32:33'),(320,929,44,'rent',NULL,'2018-06-09 15:32:33','2018-06-09 15:32:33'),(321,979,24,'complete','2018-06-09 15:32:10','2018-06-09 15:32:33','2018-06-09 15:32:33'),(322,379,23,'rent',NULL,'2018-06-09 15:32:33','2018-06-09 15:32:33'),(323,965,11,'complete','2018-06-09 15:32:10','2018-06-09 15:32:33','2018-06-09 15:32:33'),(324,249,1,'rent',NULL,'2018-06-09 15:32:33','2018-06-09 15:32:33'),(325,522,31,'complete','2018-06-09 15:32:10','2018-06-09 15:32:33','2018-06-09 15:32:33'),(326,537,15,'rent',NULL,'2018-06-09 15:32:33','2018-06-09 15:32:33'),(327,917,7,'complete','2018-06-09 15:32:10','2018-06-09 15:32:33','2018-06-09 15:32:33'),(328,479,41,'complete','2018-06-09 15:32:10','2018-06-09 15:32:34','2018-06-09 15:32:34'),(329,814,48,'rent',NULL,'2018-06-09 15:32:34','2018-06-09 15:32:34'),(330,457,6,'complete','2018-06-09 15:32:10','2018-06-09 15:32:34','2018-06-09 15:32:34'),(331,457,14,'rent',NULL,'2018-06-09 15:32:34','2018-06-09 15:32:34'),(332,508,6,'rent',NULL,'2018-06-09 15:32:34','2018-06-09 15:32:34'),(333,132,5,'rent',NULL,'2018-06-09 15:32:34','2018-06-09 15:32:34'),(334,552,1,'rent',NULL,'2018-06-09 15:32:34','2018-06-09 15:32:34'),(335,879,5,'complete','2018-06-09 15:32:11','2018-06-09 15:32:34','2018-06-09 15:32:34'),(336,233,18,'rent',NULL,'2018-06-09 15:32:34','2018-06-09 15:32:34'),(337,745,35,'complete','2018-06-09 15:32:11','2018-06-09 15:32:34','2018-06-09 15:32:34'),(338,535,4,'rent',NULL,'2018-06-09 15:32:34','2018-06-09 15:32:34'),(339,167,22,'rent',NULL,'2018-06-09 15:32:34','2018-06-09 15:32:34'),(340,645,46,'rent',NULL,'2018-06-09 15:32:34','2018-06-09 15:32:34'),(341,46,25,'complete','2018-06-09 15:32:11','2018-06-09 15:32:34','2018-06-09 15:32:34'),(342,787,41,'complete','2018-06-09 15:32:11','2018-06-09 15:32:34','2018-06-09 15:32:34'),(343,9,12,'rent',NULL,'2018-06-09 15:32:34','2018-06-09 15:32:34'),(344,845,45,'rent',NULL,'2018-06-09 15:32:34','2018-06-09 15:32:34'),(345,951,1,'rent',NULL,'2018-06-09 15:32:34','2018-06-09 15:32:34'),(346,216,39,'complete','2018-06-09 15:32:11','2018-06-09 15:32:34','2018-06-09 15:32:34'),(347,596,15,'rent',NULL,'2018-06-09 15:32:34','2018-06-09 15:32:34'),(348,213,42,'complete','2018-06-09 15:32:11','2018-06-09 15:32:34','2018-06-09 15:32:34'),(349,296,31,'complete','2018-06-09 15:32:11','2018-06-09 15:32:34','2018-06-09 15:32:34'),(350,104,38,'complete','2018-06-09 15:32:11','2018-06-09 15:32:34','2018-06-09 15:32:34'),(351,788,43,'rent',NULL,'2018-06-09 15:32:34','2018-06-09 15:32:34'),(352,389,26,'rent',NULL,'2018-06-09 15:32:35','2018-06-09 15:32:35'),(353,365,5,'complete','2018-06-09 15:32:11','2018-06-09 15:32:35','2018-06-09 15:32:35'),(354,795,15,'complete','2018-06-09 15:32:11','2018-06-09 15:32:35','2018-06-09 15:32:35'),(355,828,14,'complete','2018-06-09 15:32:11','2018-06-09 15:32:35','2018-06-09 15:32:35'),(356,367,33,'complete','2018-06-09 15:32:11','2018-06-09 15:32:35','2018-06-09 15:32:35'),(357,476,3,'rent',NULL,'2018-06-09 15:32:35','2018-06-09 15:32:35'),(358,240,40,'rent',NULL,'2018-06-09 15:32:35','2018-06-09 15:32:35'),(359,394,36,'rent',NULL,'2018-06-09 15:32:35','2018-06-09 15:32:35'),(360,781,11,'rent',NULL,'2018-06-09 15:32:35','2018-06-09 15:32:35'),(361,920,4,'rent',NULL,'2018-06-09 15:32:35','2018-06-09 15:32:35'),(362,951,14,'rent',NULL,'2018-06-09 15:32:35','2018-06-09 15:32:35'),(363,590,50,'rent',NULL,'2018-06-09 15:32:35','2018-06-09 15:32:35'),(364,794,2,'complete','2018-06-09 15:32:11','2018-06-09 15:32:35','2018-06-09 15:32:35'),(365,530,37,'complete','2018-06-09 15:32:11','2018-06-09 15:32:35','2018-06-09 15:32:35'),(366,861,14,'rent',NULL,'2018-06-09 15:32:35','2018-06-09 15:32:35'),(367,954,20,'rent',NULL,'2018-06-09 15:32:35','2018-06-09 15:32:35'),(368,515,19,'rent',NULL,'2018-06-09 15:32:35','2018-06-09 15:32:35'),(369,753,12,'complete','2018-06-09 15:32:11','2018-06-09 15:32:35','2018-06-09 15:32:35'),(370,390,29,'complete','2018-06-09 15:32:11','2018-06-09 15:32:36','2018-06-09 15:32:36'),(371,280,48,'complete','2018-06-09 15:32:11','2018-06-09 15:32:36','2018-06-09 15:32:36'),(372,896,31,'complete','2018-06-09 15:32:12','2018-06-09 15:32:36','2018-06-09 15:32:36'),(373,10,46,'complete','2018-06-09 15:32:12','2018-06-09 15:32:36','2018-06-09 15:32:36'),(374,985,23,'complete','2018-06-09 15:32:12','2018-06-09 15:32:36','2018-06-09 15:32:36'),(375,244,44,'rent',NULL,'2018-06-09 15:32:36','2018-06-09 15:32:36'),(376,293,43,'complete','2018-06-09 15:32:12','2018-06-09 15:32:36','2018-06-09 15:32:36'),(377,71,5,'rent',NULL,'2018-06-09 15:32:36','2018-06-09 15:32:36'),(378,202,36,'rent',NULL,'2018-06-09 15:32:36','2018-06-09 15:32:36'),(379,554,30,'complete','2018-06-09 15:32:12','2018-06-09 15:32:36','2018-06-09 15:32:36'),(380,333,23,'complete','2018-06-09 15:32:12','2018-06-09 15:32:36','2018-06-09 15:32:36'),(381,597,35,'rent',NULL,'2018-06-09 15:32:36','2018-06-09 15:32:36'),(382,750,30,'complete','2018-06-09 15:32:12','2018-06-09 15:32:36','2018-06-09 15:32:36'),(383,309,18,'rent',NULL,'2018-06-09 15:32:36','2018-06-09 15:32:36'),(384,689,15,'complete','2018-06-09 15:32:12','2018-06-09 15:32:36','2018-06-09 15:32:36'),(385,709,13,'complete','2018-06-09 15:32:12','2018-06-09 15:32:36','2018-06-09 15:32:36'),(386,963,1,'complete','2018-06-09 15:32:12','2018-06-09 15:32:36','2018-06-09 15:32:36'),(387,310,38,'complete','2018-06-09 15:32:12','2018-06-09 15:32:36','2018-06-09 15:32:36'),(388,771,32,'rent',NULL,'2018-06-09 15:32:36','2018-06-09 15:32:36'),(389,281,12,'rent',NULL,'2018-06-09 15:32:36','2018-06-09 15:32:36'),(390,335,35,'rent',NULL,'2018-06-09 15:32:36','2018-06-09 15:32:36'),(391,181,14,'rent',NULL,'2018-06-09 15:32:37','2018-06-09 15:32:37'),(392,330,16,'rent',NULL,'2018-06-09 15:32:37','2018-06-09 15:32:37'),(393,939,36,'complete','2018-06-09 15:32:12','2018-06-09 15:32:37','2018-06-09 15:32:37'),(394,909,8,'complete','2018-06-09 15:32:12','2018-06-09 15:32:37','2018-06-09 15:32:37'),(395,160,40,'complete','2018-06-09 15:32:12','2018-06-09 15:32:37','2018-06-09 15:32:37'),(396,726,1,'complete','2018-06-09 15:32:12','2018-06-09 15:32:37','2018-06-09 15:32:37'),(397,518,35,'complete','2018-06-09 15:32:12','2018-06-09 15:32:37','2018-06-09 15:32:37'),(398,867,28,'complete','2018-06-09 15:32:12','2018-06-09 15:32:37','2018-06-09 15:32:37'),(399,573,18,'rent',NULL,'2018-06-09 15:32:37','2018-06-09 15:32:37'),(400,726,17,'complete','2018-06-09 15:32:12','2018-06-09 15:32:37','2018-06-09 15:32:37'),(401,194,34,'complete','2018-06-09 15:32:12','2018-06-09 15:32:37','2018-06-09 15:32:37'),(402,750,38,'rent',NULL,'2018-06-09 15:32:37','2018-06-09 15:32:37'),(403,405,39,'complete','2018-06-09 15:32:12','2018-06-09 15:32:37','2018-06-09 15:32:37'),(404,859,25,'complete','2018-06-09 15:32:12','2018-06-09 15:32:37','2018-06-09 15:32:37'),(405,302,39,'rent',NULL,'2018-06-09 15:32:37','2018-06-09 15:32:37'),(406,28,47,'complete','2018-06-09 15:32:12','2018-06-09 15:32:37','2018-06-09 15:32:37'),(407,447,13,'rent',NULL,'2018-06-09 15:32:37','2018-06-09 15:32:37'),(408,509,28,'rent',NULL,'2018-06-09 15:32:37','2018-06-09 15:32:37'),(409,944,15,'rent',NULL,'2018-06-09 15:32:37','2018-06-09 15:32:37'),(410,545,49,'complete','2018-06-09 15:32:12','2018-06-09 15:32:37','2018-06-09 15:32:37'),(411,543,21,'rent',NULL,'2018-06-09 15:32:38','2018-06-09 15:32:38'),(412,949,16,'rent',NULL,'2018-06-09 15:32:38','2018-06-09 15:32:38'),(413,687,6,'complete','2018-06-09 15:32:13','2018-06-09 15:32:38','2018-06-09 15:32:38'),(414,995,40,'rent',NULL,'2018-06-09 15:32:38','2018-06-09 15:32:38'),(415,329,41,'rent',NULL,'2018-06-09 15:32:38','2018-06-09 15:32:38'),(416,655,10,'rent',NULL,'2018-06-09 15:32:38','2018-06-09 15:32:38'),(417,457,18,'complete','2018-06-09 15:32:13','2018-06-09 15:32:38','2018-06-09 15:32:38'),(418,253,3,'complete','2018-06-09 15:32:13','2018-06-09 15:32:38','2018-06-09 15:32:38'),(419,446,25,'complete','2018-06-09 15:32:13','2018-06-09 15:32:38','2018-06-09 15:32:38'),(420,765,13,'rent',NULL,'2018-06-09 15:32:38','2018-06-09 15:32:38'),(421,791,40,'complete','2018-06-09 15:32:13','2018-06-09 15:32:38','2018-06-09 15:32:38'),(422,747,48,'complete','2018-06-09 15:32:13','2018-06-09 15:32:38','2018-06-09 15:32:38'),(423,731,1,'rent',NULL,'2018-06-09 15:32:38','2018-06-09 15:32:38'),(424,189,1,'rent',NULL,'2018-06-09 15:32:38','2018-06-09 15:32:38'),(425,148,37,'rent',NULL,'2018-06-09 15:32:38','2018-06-09 15:32:38'),(426,290,34,'complete','2018-06-09 15:32:13','2018-06-09 15:32:38','2018-06-09 15:32:38'),(427,672,7,'complete','2018-06-09 15:32:13','2018-06-09 15:32:38','2018-06-09 15:32:38'),(428,297,25,'rent',NULL,'2018-06-09 15:32:38','2018-06-09 15:32:38'),(429,516,31,'rent',NULL,'2018-06-09 15:32:38','2018-06-09 15:32:38'),(430,761,37,'rent',NULL,'2018-06-09 15:32:38','2018-06-09 15:32:38'),(431,66,40,'rent',NULL,'2018-06-09 15:32:39','2018-06-09 15:32:39'),(432,400,30,'rent',NULL,'2018-06-09 15:32:39','2018-06-09 15:32:39'),(433,33,2,'complete','2018-06-09 15:32:13','2018-06-09 15:32:39','2018-06-09 15:32:39'),(434,271,47,'complete','2018-06-09 15:32:13','2018-06-09 15:32:39','2018-06-09 15:32:39'),(435,454,8,'complete','2018-06-09 15:32:13','2018-06-09 15:32:39','2018-06-09 15:32:39'),(436,484,44,'complete','2018-06-09 15:32:13','2018-06-09 15:32:39','2018-06-09 15:32:39'),(437,842,21,'rent',NULL,'2018-06-09 15:32:39','2018-06-09 15:32:39'),(438,770,13,'complete','2018-06-09 15:32:13','2018-06-09 15:32:39','2018-06-09 15:32:39'),(439,986,10,'complete','2018-06-09 15:32:13','2018-06-09 15:32:39','2018-06-09 15:32:39'),(440,405,3,'complete','2018-06-09 15:32:13','2018-06-09 15:32:39','2018-06-09 15:32:39'),(441,401,39,'rent',NULL,'2018-06-09 15:32:39','2018-06-09 15:32:39'),(442,782,23,'rent',NULL,'2018-06-09 15:32:39','2018-06-09 15:32:39'),(443,653,30,'rent',NULL,'2018-06-09 15:32:39','2018-06-09 15:32:39'),(444,507,32,'rent',NULL,'2018-06-09 15:32:39','2018-06-09 15:32:39'),(445,503,32,'complete','2018-06-09 15:32:13','2018-06-09 15:32:39','2018-06-09 15:32:39'),(446,153,31,'complete','2018-06-09 15:32:13','2018-06-09 15:32:39','2018-06-09 15:32:39'),(447,130,29,'complete','2018-06-09 15:32:13','2018-06-09 15:32:39','2018-06-09 15:32:39'),(448,584,31,'rent',NULL,'2018-06-09 15:32:39','2018-06-09 15:32:39'),(449,191,12,'rent',NULL,'2018-06-09 15:32:39','2018-06-09 15:32:39'),(450,643,49,'rent',NULL,'2018-06-09 15:32:39','2018-06-09 15:32:39'),(451,65,32,'rent',NULL,'2018-06-09 15:32:40','2018-06-09 15:32:40'),(452,180,25,'rent',NULL,'2018-06-09 15:32:40','2018-06-09 15:32:40'),(453,667,13,'rent',NULL,'2018-06-09 15:32:40','2018-06-09 15:32:40'),(454,765,13,'complete','2018-06-09 15:32:14','2018-06-09 15:32:40','2018-06-09 15:32:40'),(455,859,6,'complete','2018-06-09 15:32:14','2018-06-09 15:32:40','2018-06-09 15:32:40'),(456,776,22,'rent',NULL,'2018-06-09 15:32:40','2018-06-09 15:32:40'),(457,948,14,'complete','2018-06-09 15:32:14','2018-06-09 15:32:40','2018-06-09 15:32:40'),(458,253,48,'rent',NULL,'2018-06-09 15:32:40','2018-06-09 15:32:40'),(459,774,24,'complete','2018-06-09 15:32:14','2018-06-09 15:32:40','2018-06-09 15:32:40'),(460,977,38,'rent',NULL,'2018-06-09 15:32:40','2018-06-09 15:32:40'),(461,413,26,'rent',NULL,'2018-06-09 15:32:40','2018-06-09 15:32:40'),(462,147,39,'complete','2018-06-09 15:32:14','2018-06-09 15:32:40','2018-06-09 15:32:40'),(463,656,31,'complete','2018-06-09 15:32:14','2018-06-09 15:32:40','2018-06-09 15:32:40'),(464,448,13,'rent',NULL,'2018-06-09 15:32:40','2018-06-09 15:32:40'),(465,400,18,'rent',NULL,'2018-06-09 15:32:40','2018-06-09 15:32:40'),(466,37,34,'rent',NULL,'2018-06-09 15:32:40','2018-06-09 15:32:40'),(467,129,27,'complete','2018-06-09 15:32:14','2018-06-09 15:32:40','2018-06-09 15:32:40'),(468,972,35,'complete','2018-06-09 15:32:14','2018-06-09 15:32:40','2018-06-09 15:32:40'),(469,767,40,'complete','2018-06-09 15:32:14','2018-06-09 15:32:40','2018-06-09 15:32:40'),(470,766,20,'complete','2018-06-09 15:32:14','2018-06-09 15:32:40','2018-06-09 15:32:40'),(471,678,13,'rent',NULL,'2018-06-09 15:32:40','2018-06-09 15:32:40'),(472,589,36,'complete','2018-06-09 15:32:14','2018-06-09 15:32:41','2018-06-09 15:32:41'),(473,172,10,'rent',NULL,'2018-06-09 15:32:41','2018-06-09 15:32:41'),(474,361,6,'complete','2018-06-09 15:32:14','2018-06-09 15:32:41','2018-06-09 15:32:41'),(475,869,34,'rent',NULL,'2018-06-09 15:32:41','2018-06-09 15:32:41'),(476,96,40,'complete','2018-06-09 15:32:14','2018-06-09 15:32:41','2018-06-09 15:32:41'),(477,202,36,'rent',NULL,'2018-06-09 15:32:41','2018-06-09 15:32:41'),(478,959,46,'rent',NULL,'2018-06-09 15:32:41','2018-06-09 15:32:41'),(479,652,12,'rent',NULL,'2018-06-09 15:32:41','2018-06-09 15:32:41'),(480,87,24,'complete','2018-06-09 15:32:14','2018-06-09 15:32:41','2018-06-09 15:32:41'),(481,602,31,'rent',NULL,'2018-06-09 15:32:41','2018-06-09 15:32:41'),(482,728,42,'rent',NULL,'2018-06-09 15:32:41','2018-06-09 15:32:41'),(483,783,48,'rent',NULL,'2018-06-09 15:32:41','2018-06-09 15:32:41'),(484,305,6,'complete','2018-06-09 15:32:14','2018-06-09 15:32:41','2018-06-09 15:32:41'),(485,991,20,'complete','2018-06-09 15:32:14','2018-06-09 15:32:41','2018-06-09 15:32:41'),(486,332,34,'complete','2018-06-09 15:32:15','2018-06-09 15:32:41','2018-06-09 15:32:41'),(487,705,14,'complete','2018-06-09 15:32:15','2018-06-09 15:32:41','2018-06-09 15:32:41'),(488,699,46,'rent',NULL,'2018-06-09 15:32:41','2018-06-09 15:32:41'),(489,938,44,'rent',NULL,'2018-06-09 15:32:41','2018-06-09 15:32:41'),(490,983,26,'rent',NULL,'2018-06-09 15:32:41','2018-06-09 15:32:41'),(491,18,20,'complete','2018-06-09 15:32:15','2018-06-09 15:32:41','2018-06-09 15:32:41'),(492,750,28,'rent',NULL,'2018-06-09 15:32:41','2018-06-09 15:32:41'),(493,394,21,'complete','2018-06-09 15:32:15','2018-06-09 15:32:41','2018-06-09 15:32:41'),(494,830,3,'complete','2018-06-09 15:32:15','2018-06-09 15:32:41','2018-06-09 15:32:41'),(495,761,4,'rent',NULL,'2018-06-09 15:32:42','2018-06-09 15:32:42'),(496,407,41,'rent',NULL,'2018-06-09 15:32:42','2018-06-09 15:32:42'),(497,133,47,'complete','2018-06-09 15:32:15','2018-06-09 15:32:42','2018-06-09 15:32:42'),(498,400,8,'rent',NULL,'2018-06-09 15:32:42','2018-06-09 15:32:42'),(499,916,19,'complete','2018-06-09 15:32:15','2018-06-09 15:32:42','2018-06-09 15:32:42'),(500,374,22,'complete','2018-06-09 15:32:15','2018-06-09 15:32:42','2018-06-09 15:32:42');
/*!40000 ALTER TABLE `rentals` ENABLE KEYS */;
UNLOCK TABLES;

--
-- Table structure for table `users`
--

DROP TABLE IF EXISTS `users`;
/*!40101 SET @saved_cs_client     = @@character_set_client */;
/*!40101 SET character_set_client = utf8 */;
CREATE TABLE `users` (
  `id` int(10) unsigned NOT NULL AUTO_INCREMENT,
  `name` varchar(191) COLLATE utf8mb4_unicode_ci NOT NULL,
  `email` varchar(191) COLLATE utf8mb4_unicode_ci NOT NULL,
  `password` varchar(191) COLLATE utf8mb4_unicode_ci NOT NULL,
  `address` varchar(191) COLLATE utf8mb4_unicode_ci NOT NULL,
  `city` varchar(191) COLLATE utf8mb4_unicode_ci NOT NULL,
  `phone` varchar(191) COLLATE utf8mb4_unicode_ci NOT NULL,
  `role` varchar(191) COLLATE utf8mb4_unicode_ci NOT NULL DEFAULT 'customer',
  `remember_token` varchar(100) COLLATE utf8mb4_unicode_ci DEFAULT NULL,
  `created_at` timestamp NULL DEFAULT NULL,
  `updated_at` timestamp NULL DEFAULT NULL,
  PRIMARY KEY (`id`),
  UNIQUE KEY `users_email_unique` (`email`)
) ENGINE=InnoDB AUTO_INCREMENT=51 DEFAULT CHARSET=utf8mb4 COLLATE=utf8mb4_unicode_ci;
/*!40101 SET character_set_client = @saved_cs_client */;

--
-- Dumping data for table `users`
--

LOCK TABLES `users` WRITE;
/*!40000 ALTER TABLE `users` DISABLE KEYS */;
INSERT INTO `users` VALUES (1,'Rosa Muller','minnie99@example.net','$2y$10$TKh8H1.PfQx37YgCzwiKb.KjNyWgaHb9cbcoQgdIVFlYg7B77UdFm','358 Mohr Ports Suite 360\nHudsonhaven, OH 75828-0522','Danatown','(872) 237-6500 x99029','customer','Zo4RYiYmbH','2018-06-09 15:28:20','2018-06-09 15:28:20'),(2,'Dr. Betty Smith PhD','greenfelder.makenzie@example.org','$2y$10$TKh8H1.PfQx37YgCzwiKb.KjNyWgaHb9cbcoQgdIVFlYg7B77UdFm','469 Ortiz Green Suite 258\nMcGlynnland, OR 07746','Starkfort','+1 (881) 459-5622','customer','BIxj15YZCu','2018-06-09 15:28:21','2018-06-09 15:28:21'),(3,'Kailyn Hane','nicolas62@example.org','$2y$10$TKh8H1.PfQx37YgCzwiKb.KjNyWgaHb9cbcoQgdIVFlYg7B77UdFm','31046 Nikolaus Ports\nKendrickmouth, OR 47012','Maechester','(286) 471-6773','customer','MX0qHas205','2018-06-09 15:28:21','2018-06-09 15:28:21'),(4,'Clyde Crist','deron77@example.net','$2y$10$TKh8H1.PfQx37YgCzwiKb.KjNyWgaHb9cbcoQgdIVFlYg7B77UdFm','5132 Kulas Skyway\nNorth Nicholasshire, KY 21712','Port Brisa','(229) 820-6055 x614','customer','sQT4VfcBE5','2018-06-09 15:28:21','2018-06-09 15:28:21'),(5,'Randal Howell','strosin.bernie@example.net','$2y$10$TKh8H1.PfQx37YgCzwiKb.KjNyWgaHb9cbcoQgdIVFlYg7B77UdFm','71910 Larry Walks\nPort Charlieside, NV 92949','Lake Emma','384.626.0868 x5580','customer','567TNDuB8d','2018-06-09 15:28:21','2018-06-09 15:28:21'),(6,'Bessie Morar','zboncak.lyla@example.org','$2y$10$TKh8H1.PfQx37YgCzwiKb.KjNyWgaHb9cbcoQgdIVFlYg7B77UdFm','26314 Adams Circles\nNorth Kallieport, IL 27147','North Zulamouth','1-513-471-1805 x952','customer','s1jC6DmfjX','2018-06-09 15:28:21','2018-06-09 15:28:21'),(7,'Laisha Roberts','xebert@example.org','$2y$10$TKh8H1.PfQx37YgCzwiKb.KjNyWgaHb9cbcoQgdIVFlYg7B77UdFm','90509 Bergnaum Dale\nNew Colt, IA 99653-8816','West Carmen','1-309-742-5077 x871','customer','xtdNRqFD6F','2018-06-09 15:28:21','2018-06-09 15:28:21'),(8,'Ephraim Moore','lhilll@example.org','$2y$10$TKh8H1.PfQx37YgCzwiKb.KjNyWgaHb9cbcoQgdIVFlYg7B77UdFm','6595 Watson Skyway\nLake Ayanabury, VT 24886','South Crystalview','(367) 817-3915 x094','customer','0MFosWw3uV','2018-06-09 15:28:21','2018-06-09 15:28:21'),(9,'Dr. Dorthy Hintz MD','yhahn@example.net','$2y$10$TKh8H1.PfQx37YgCzwiKb.KjNyWgaHb9cbcoQgdIVFlYg7B77UdFm','445 Bruen Dam Suite 994\nSouth Glennahaven, ND 06313-2783','North Trenton','1-669-901-0092','customer','qNeGi7Ceii','2018-06-09 15:28:21','2018-06-09 15:28:21'),(10,'Willy Stehr','everett.romaguera@example.org','$2y$10$TKh8H1.PfQx37YgCzwiKb.KjNyWgaHb9cbcoQgdIVFlYg7B77UdFm','375 Beatty Extension\nWisokyville, NJ 54002','South Kennediton','750-975-5804','customer','jWkRuBy8JC','2018-06-09 15:28:21','2018-06-09 15:28:21'),(11,'Dr. Gwen Barton MD','marty71@example.com','$2y$10$TKh8H1.PfQx37YgCzwiKb.KjNyWgaHb9cbcoQgdIVFlYg7B77UdFm','9847 Odie Circle\nKiannaburgh, CO 22848-5304','Frederiqueberg','571.866.9275 x4628','admin','ThLvrJfDMe','2018-06-09 15:28:21','2018-06-10 16:24:35'),(12,'Helen Konopelski II','yryan@example.com','$2y$10$TKh8H1.PfQx37YgCzwiKb.KjNyWgaHb9cbcoQgdIVFlYg7B77UdFm','8900 Elissa Stream Suite 652\nProhaskaton, HI 05864','Beckerfurt','773.264.6566 x3785','customer','Q86wzYhpLY','2018-06-09 15:28:21','2018-06-09 15:28:21'),(13,'Mr. Emmet Brekke Jr.','cordia.graham@example.net','$2y$10$TKh8H1.PfQx37YgCzwiKb.KjNyWgaHb9cbcoQgdIVFlYg7B77UdFm','22881 Ricardo Union\nMeagantown, RI 53257-9526','Goodwinfurt','(254) 259-5058','customer','JMwUcOSoUl','2018-06-09 15:28:21','2018-06-09 15:28:21'),(14,'Prof. Furman McKenzie PhD','aletha69@example.net','$2y$10$TKh8H1.PfQx37YgCzwiKb.KjNyWgaHb9cbcoQgdIVFlYg7B77UdFm','41637 Mariela Orchard Suite 632\nSengerbury, MN 84525-6103','South Carmine','(671) 391-2187 x522','customer','DZqVHmJEVh','2018-06-09 15:28:21','2018-06-09 15:28:21'),(15,'Eden Kuhlman','dibbert.eusebio@example.com','$2y$10$TKh8H1.PfQx37YgCzwiKb.KjNyWgaHb9cbcoQgdIVFlYg7B77UdFm','5617 Hanna Stream\nWest Bradlyville, WV 72412','Jedediahside','453-991-8909','customer','xy2qVKx3gH','2018-06-09 15:28:21','2018-06-09 15:28:21'),(16,'Mrs. Angie Howell','stoy@example.org','$2y$10$TKh8H1.PfQx37YgCzwiKb.KjNyWgaHb9cbcoQgdIVFlYg7B77UdFm','891 Mayer Cape\nMattton, FL 63383','North Rebeccahaven','+1-625-882-1473','customer','vqlRdNQePH','2018-06-09 15:28:21','2018-06-09 15:28:21'),(17,'Kathlyn Cruickshank','cbrakus@example.com','$2y$10$TKh8H1.PfQx37YgCzwiKb.KjNyWgaHb9cbcoQgdIVFlYg7B77UdFm','4533 Arvel Common Apt. 722\nJanaport, SD 67383','Durganburgh','630-722-8507 x35038','customer','RBXaCYOKvu','2018-06-09 15:28:21','2018-06-09 15:28:21'),(18,'Vince Gutmann DVM','darrell11@example.org','$2y$10$TKh8H1.PfQx37YgCzwiKb.KjNyWgaHb9cbcoQgdIVFlYg7B77UdFm','231 Amalia Ramp Apt. 928\nImogeneberg, SC 33910','East Boydmouth','372.645.0490 x2090','customer','rek2CN1QJQ','2018-06-09 15:28:21','2018-06-09 15:28:21'),(19,'Catherine Bruen','zoie.larson@example.com','$2y$10$TKh8H1.PfQx37YgCzwiKb.KjNyWgaHb9cbcoQgdIVFlYg7B77UdFm','824 Angie Inlet Apt. 294\nGreenfeldermouth, MS 43066','North Rosina','502-457-2536 x37590','customer','jlctYjoGyo','2018-06-09 15:28:21','2018-06-09 15:28:21'),(20,'Ms. Jackie Grimes','imarks@example.org','$2y$10$TKh8H1.PfQx37YgCzwiKb.KjNyWgaHb9cbcoQgdIVFlYg7B77UdFm','5039 Cielo Dam\nBalistreritown, MI 93174','Lake Gabrielfort','685.616.0017 x101','customer','SlY9xl7j1n','2018-06-09 15:28:21','2018-06-09 15:28:21'),(21,'Krystal Osinski','stehr.lou@example.org','$2y$10$TKh8H1.PfQx37YgCzwiKb.KjNyWgaHb9cbcoQgdIVFlYg7B77UdFm','20496 Arvid Wells Apt. 269\nPort Barryfurt, AL 24940','Yostshire','(490) 247-1456','customer','nMIkwHhaFW','2018-06-09 15:28:21','2018-06-09 15:28:21'),(22,'Rafaela Olson','thagenes@example.net','$2y$10$TKh8H1.PfQx37YgCzwiKb.KjNyWgaHb9cbcoQgdIVFlYg7B77UdFm','335 Koepp Crossing\nReichertmouth, AL 56193-4568','West Carsonmouth','315.370.4536 x07931','customer','Nlp2JklCxw','2018-06-09 15:28:22','2018-06-09 15:28:22'),(23,'Ms. Shayna Marks II','epagac@example.com','$2y$10$TKh8H1.PfQx37YgCzwiKb.KjNyWgaHb9cbcoQgdIVFlYg7B77UdFm','95922 Jerde Shoals Apt. 297\nBetsyhaven, SC 95436-9139','Wisokyshire','1-891-532-7129 x57613','customer','28iCfiQKBo','2018-06-09 15:28:22','2018-06-09 15:28:22'),(24,'Adaline Ledner IV','harmony16@example.com','$2y$10$TKh8H1.PfQx37YgCzwiKb.KjNyWgaHb9cbcoQgdIVFlYg7B77UdFm','82787 Skiles Hills\nNorth Jamesonport, WY 71797-6184','West Nicola','706-473-3335','customer','MomnZY0WTp','2018-06-09 15:28:22','2018-06-09 15:28:22'),(25,'Zachery Bosco','malvina.aufderhar@example.net','$2y$10$TKh8H1.PfQx37YgCzwiKb.KjNyWgaHb9cbcoQgdIVFlYg7B77UdFm','9228 Purdy Ports Suite 595\nRoobstad, WY 37517-1149','South Retafurt','(814) 623-8994 x492','customer','HWbJwylTGn','2018-06-09 15:28:22','2018-06-09 15:28:22'),(26,'Dr. Kane Kuhn MD','adam45@example.net','$2y$10$TKh8H1.PfQx37YgCzwiKb.KjNyWgaHb9cbcoQgdIVFlYg7B77UdFm','554 Veum Drives Suite 782\nWest Ethel, KS 56128-2231','Ociefort','1-896-261-1112','customer','GX1kyykKHL','2018-06-09 15:28:22','2018-06-09 15:28:22'),(27,'Mrs. Marlen Gislason','jean.jast@example.net','$2y$10$TKh8H1.PfQx37YgCzwiKb.KjNyWgaHb9cbcoQgdIVFlYg7B77UdFm','852 Reilly Ways Suite 833\nCollinsmouth, KS 47526','Muhammadbury','1-453-441-7221 x4304','customer','3Wl18sBPui','2018-06-09 15:28:22','2018-06-09 15:28:22'),(28,'Miss Precious Kihn I','maybelle.hirthe@example.net','$2y$10$TKh8H1.PfQx37YgCzwiKb.KjNyWgaHb9cbcoQgdIVFlYg7B77UdFm','3004 Audreanne View Suite 289\nJenkinsmouth, KY 86384','Elisachester','289.665.0279 x744','customer','HHvtUwO3XR','2018-06-09 15:28:22','2018-06-09 15:28:22'),(29,'Mr. Murl Williamson DDS','treutel.derek@example.com','$2y$10$TKh8H1.PfQx37YgCzwiKb.KjNyWgaHb9cbcoQgdIVFlYg7B77UdFm','3890 Stehr River Suite 825\nVirgilborough, AR 72185','Shannaborough','1-668-536-6190 x34436','customer','ygiIVK94bx','2018-06-09 15:28:22','2018-06-09 15:28:22'),(30,'Randy Denesik','marley54@example.com','$2y$10$TKh8H1.PfQx37YgCzwiKb.KjNyWgaHb9cbcoQgdIVFlYg7B77UdFm','42018 Fatima Stravenue Apt. 914\nSchinnerfort, NC 09570','Lake Sheridanland','941.377.2404 x06610','customer','AuhIXcJhuL','2018-06-09 15:28:22','2018-06-09 15:28:22'),(31,'Shayne Murray','cwiegand@example.org','$2y$10$TKh8H1.PfQx37YgCzwiKb.KjNyWgaHb9cbcoQgdIVFlYg7B77UdFm','285 McClure Fall Apt. 660\nRebeccaport, MO 41877','Kuhnberg','(827) 239-8010 x311','customer','2T4k2oQagL','2018-06-09 15:28:22','2018-06-09 15:28:22'),(32,'Jeremie Yundt','krystal.jast@example.com','$2y$10$TKh8H1.PfQx37YgCzwiKb.KjNyWgaHb9cbcoQgdIVFlYg7B77UdFm','22236 Auer Oval\nWest Sidney, WA 16224','Ardellamouth','721.957.6236','customer','YNiRGHn572','2018-06-09 15:28:22','2018-06-09 15:28:22'),(33,'Liam Bernier DVM','lbernier@example.net','$2y$10$TKh8H1.PfQx37YgCzwiKb.KjNyWgaHb9cbcoQgdIVFlYg7B77UdFm','3557 Rose Summit\nKeshaunborough, NV 74222-7894','North Adolfo','1-523-279-9822 x64058','customer','9hErRv9NDB','2018-06-09 15:28:22','2018-06-09 15:28:22'),(34,'Guillermo Bradtke','emard.charlene@example.net','$2y$10$TKh8H1.PfQx37YgCzwiKb.KjNyWgaHb9cbcoQgdIVFlYg7B77UdFm','3716 Jaida Fort\nPort Christyland, MS 58034','Kayceeberg','(376) 650-6052 x4080','customer','Da3Nvaz2Dc','2018-06-09 15:28:22','2018-06-09 15:28:22'),(35,'Miss Bethel Rice Jr.','hodkiewicz.phyllis@example.org','$2y$10$TKh8H1.PfQx37YgCzwiKb.KjNyWgaHb9cbcoQgdIVFlYg7B77UdFm','1126 Leannon Squares Apt. 344\nLowemouth, AK 81746','New Eldonview','+1 (424) 935-2938','customer','GXOyNlyRdi','2018-06-09 15:28:22','2018-06-09 15:28:22'),(36,'Dr. Cullen Medhurst DVM','heidenreich.phoebe@example.org','$2y$10$TKh8H1.PfQx37YgCzwiKb.KjNyWgaHb9cbcoQgdIVFlYg7B77UdFm','95688 Neal Mill Suite 149\nLake Cicero, OH 81310','Champlinview','623.598.5870 x9897','customer','KBtw64YIAS','2018-06-09 15:28:22','2018-06-09 15:28:22'),(37,'Ms. Euna Stroman I','joey47@example.com','$2y$10$TKh8H1.PfQx37YgCzwiKb.KjNyWgaHb9cbcoQgdIVFlYg7B77UdFm','65400 Wolff Meadow Apt. 931\nNew Trudieland, WV 27788-6379','Prosaccoport','+1.237.214.1977','customer','NHpyKyJ51I','2018-06-09 15:28:22','2018-06-09 15:28:22'),(38,'Emilio Buckridge','eden85@example.net','$2y$10$TKh8H1.PfQx37YgCzwiKb.KjNyWgaHb9cbcoQgdIVFlYg7B77UdFm','7025 Claude Mission Apt. 329\nEffertzside, IA 66711','Hegmannberg','502-903-8413 x4396','customer','BcBA2ym20t','2018-06-09 15:28:22','2018-06-09 15:28:22'),(39,'Elta Erdman','maymie.leffler@example.org','$2y$10$TKh8H1.PfQx37YgCzwiKb.KjNyWgaHb9cbcoQgdIVFlYg7B77UdFm','46127 Sigmund Path\nPort Kamilletown, MI 91957-4921','Keeblerburgh','532.489.3560 x31760','customer','xm0uVosA2u','2018-06-09 15:28:22','2018-06-09 15:28:22'),(40,'Ms. Madonna Bartell Jr.','gianni.adams@example.net','$2y$10$TKh8H1.PfQx37YgCzwiKb.KjNyWgaHb9cbcoQgdIVFlYg7B77UdFm','112 Collier Harbor\nSouth Carliemouth, MA 20020-0055','Isaachaven','380.552.8512 x254','customer','rUWkD0K1Tc','2018-06-09 15:28:22','2018-06-09 15:28:22'),(41,'Adalberto Adams','luciano70@example.com','$2y$10$TKh8H1.PfQx37YgCzwiKb.KjNyWgaHb9cbcoQgdIVFlYg7B77UdFm','354 Einar Meadow\nNorth Vada, OH 16552-5401','Pollyville','+1 (772) 288-4110','customer','vK8NtOIfi0','2018-06-09 15:28:23','2018-06-09 15:28:23'),(42,'Elton O\'Kon','lexi.ryan@example.org','$2y$10$TKh8H1.PfQx37YgCzwiKb.KjNyWgaHb9cbcoQgdIVFlYg7B77UdFm','6585 Kaci Throughway\nErnserborough, MT 95279','Port Natashashire','1-604-467-6757 x324','customer','ty4UfFklSM','2018-06-09 15:28:23','2018-06-09 15:28:23'),(43,'Donnell Rohan','thompson.ole@example.net','$2y$10$TKh8H1.PfQx37YgCzwiKb.KjNyWgaHb9cbcoQgdIVFlYg7B77UdFm','1443 Jody Villages\nStehrfurt, NJ 93857','South Queenie','287-912-6722 x440','customer','vdFngnckzL','2018-06-09 15:28:23','2018-06-09 15:28:23'),(44,'Mr. Nikolas Windler','coy37@example.org','$2y$10$TKh8H1.PfQx37YgCzwiKb.KjNyWgaHb9cbcoQgdIVFlYg7B77UdFm','6215 Torphy Meadows Suite 245\nJerodbury, MT 84906-1474','Sengertown','(382) 837-1826','customer','QfcKTcyabk','2018-06-09 15:28:23','2018-06-09 15:28:23'),(45,'Dewayne Wiza IV','qcollier@example.net','$2y$10$TKh8H1.PfQx37YgCzwiKb.KjNyWgaHb9cbcoQgdIVFlYg7B77UdFm','6884 Mercedes Meadow\nSouth Shanel, KY 25952-4855','Gunnerton','1-759-704-7094 x39570','customer','tnbhUIOiVR','2018-06-09 15:28:23','2018-06-09 15:28:23'),(46,'Elliot Cremin I','scronin@example.com','$2y$10$TKh8H1.PfQx37YgCzwiKb.KjNyWgaHb9cbcoQgdIVFlYg7B77UdFm','629 Littel Forest\nHintzchester, KY 17525','Jamieshire','(472) 372-2434 x296','customer','sWionzBUYO','2018-06-09 15:28:23','2018-06-09 15:28:23'),(47,'Karlie Towne','jstreich@example.org','$2y$10$TKh8H1.PfQx37YgCzwiKb.KjNyWgaHb9cbcoQgdIVFlYg7B77UdFm','904 Dietrich Spurs\nWest Cyrilland, AZ 76409','Williamberg','948.202.0170','customer','XmHlBr1zUP','2018-06-09 15:28:23','2018-06-09 15:28:23'),(48,'Miss Florence Kohler PhD','qbatz@example.org','$2y$10$TKh8H1.PfQx37YgCzwiKb.KjNyWgaHb9cbcoQgdIVFlYg7B77UdFm','25586 Kiehn Canyon Suite 746\nBatzfort, GA 43382-1226','Port Lesterbury','(991) 254-3442','customer','0d8Gmg7TIJ','2018-06-09 15:28:23','2018-06-09 15:28:23'),(49,'Earnestine Boyer','catherine61@example.com','$2y$10$TKh8H1.PfQx37YgCzwiKb.KjNyWgaHb9cbcoQgdIVFlYg7B77UdFm','7048 Herminia Tunnel Suite 449\nBaileytown, SD 30611-9526','Amyaberg','+1 (520) 404-7734','customer','u7fSgtklMN','2018-06-09 15:28:23','2018-06-09 15:28:23'),(50,'Juvenal Wolff','virginie.cartwright@example.org','$2y$10$TKh8H1.PfQx37YgCzwiKb.KjNyWgaHb9cbcoQgdIVFlYg7B77UdFm','528 Ariane Unions Suite 373\nKingville, UT 91411','Effieland','918.294.6998 x19035','customer','k2JVSv5T9Z','2018-06-09 15:28:23','2018-06-09 15:28:23');
/*!40000 ALTER TABLE `users` ENABLE KEYS */;
UNLOCK TABLES;
/*!40103 SET TIME_ZONE=@OLD_TIME_ZONE */;

/*!40101 SET SQL_MODE=@OLD_SQL_MODE */;
/*!40014 SET FOREIGN_KEY_CHECKS=@OLD_FOREIGN_KEY_CHECKS */;
/*!40014 SET UNIQUE_CHECKS=@OLD_UNIQUE_CHECKS */;
/*!40101 SET CHARACTER_SET_CLIENT=@OLD_CHARACTER_SET_CLIENT */;
/*!40101 SET CHARACTER_SET_RESULTS=@OLD_CHARACTER_SET_RESULTS */;
/*!40101 SET COLLATION_CONNECTION=@OLD_COLLATION_CONNECTION */;
/*!40111 SET SQL_NOTES=@OLD_SQL_NOTES */;

-- Dump completed on 2018-06-16  3:50:55
